{
"type": "FeatureCollection",
"name": ".prefectures-w58_37gu",
"crs": { "type": "name", "properties": { "name": "urn:ogc:def:crs:EPSG::6668" } },
"features": [
{ "type": "Feature", "properties": { "N03_001": "三重県" }, "geometry": { "type": "MultiPolygon", "coordinates": [ [ [ [ 135.905675006, 33.768480279 ], [ 135.901398339999986, 33.780824441 ], [ 135.890913332999986, 33.801678333 ], [ 135.855856109, 33.820336387 ], [ 135.857921115000011, 33.873152775 ], [ 135.874832218, 33.861596387 ], [ 135.897633061, 33.869745829 ], [ 135.901313061, 33.885406387 ], [ 135.880760830000014, 33.909372225 ], [ 135.909083606, 33.918474441 ], [ 135.929544163, 33.941430559 ], [ 135.969764163, 33.930024441 ], [ 135.977606667, 33.966975829 ], [ 135.999157223999987, 33.955779721 ], [ 136.013330272, 33.969227225 ], [ 135.996241672999986, 34.002274162 ], [ 136.003606939, 34.009881387 ], [ 136.022982776, 34.036521946 ], [ 136.055621673, 34.035199441 ], [ 136.10106221800001, 34.025762775 ], [ 136.092077224, 34.048568613 ], [ 136.09775, 34.086743892 ], [ 136.118648611999987, 34.082316946 ], [ 136.102272503, 34.096249721 ], [ 136.104505006000011, 34.114157775 ], [ 136.101949170000012, 34.141329441 ], [ 136.112044721, 34.167557775 ], [ 136.108864721, 34.185137775 ], [ 136.093449442, 34.195698054 ], [ 136.115308054, 34.210374721 ], [ 136.10965027200001, 34.224221387 ], [ 136.131849442, 34.251896387 ], [ 136.097829442, 34.288821946 ], [ 136.094903606, 34.301451108 ], [ 136.129505279, 34.316174441 ], [ 136.102362776, 34.336048333 ], [ 136.090806109, 34.362546387 ], [ 136.086091673, 34.379624721 ], [ 136.069593061, 34.388901667 ], [ 136.09026500600001, 34.416042495 ], [ 136.095898054, 34.435221667 ], [ 136.158235551, 34.449006387 ], [ 136.206247782, 34.448677495 ], [ 136.215559727999988, 34.481153054 ], [ 136.229036109, 34.494722225 ], [ 136.21466722400001, 34.501311946 ], [ 136.21662917, 34.527975279 ], [ 136.167403060999987, 34.520165279 ], [ 136.171773890999987, 34.534819162 ], [ 136.161688340000012, 34.548297225 ], [ 136.155498612, 34.559730559 ], [ 136.113631672999986, 34.546446108 ], [ 136.106996394, 34.556308054 ], [ 136.060311388, 34.569417775 ], [ 136.046522775999989, 34.585216667 ], [ 136.04656834, 34.600557495 ], [ 136.062466938999989, 34.619957775 ], [ 136.073576939, 34.634094162 ], [ 136.064514721, 34.651965 ], [ 136.08574027200001, 34.676435 ], [ 136.075083060999987, 34.697701108 ], [ 136.054855279, 34.702922495 ], [ 136.071065837, 34.714676667 ], [ 136.05547639400001, 34.738555559 ], [ 136.030203891000014, 34.755905279 ], [ 136.03357749700001, 34.779439441 ], [ 136.022288885, 34.791555279 ], [ 136.072993061, 34.804212495 ], [ 136.095186939, 34.819104162 ], [ 136.087554721, 34.830450279 ], [ 136.109790557999986, 34.854760279 ], [ 136.126331946, 34.861763333 ], [ 136.122131946, 34.872751946 ], [ 136.086260558, 34.876301946 ], [ 136.112296939, 34.901880279 ], [ 136.131532776, 34.883134162 ], [ 136.166897782, 34.887894441 ], [ 136.198074448999989, 34.869862225 ], [ 136.250675006, 34.857728054 ], [ 136.283721673, 34.870292225 ], [ 136.366097497, 34.905006387 ], [ 136.372689728000012, 34.942257495 ], [ 136.395259442, 34.951881946 ], [ 136.415194721, 34.984619441 ], [ 136.421168884999986, 34.999633333 ], [ 136.418166667, 35.018122775 ], [ 136.417853060999988, 35.049502505 ], [ 136.441598340000013, 35.066719441 ], [ 136.441973333, 35.086561108 ], [ 136.435638885, 35.130655279 ], [ 136.452553891, 35.165838613 ], [ 136.424460829999987, 35.184510279 ], [ 136.408653333, 35.187182775 ], [ 136.415130506, 35.217743586 ], [ 136.430901336, 35.229404387 ], [ 136.440721894, 35.216742721 ], [ 136.466254086, 35.238053532 ], [ 136.50598489, 35.235060721 ], [ 136.527667951000012, 35.25753264 ], [ 136.536336809, 35.250200946 ], [ 136.549766524, 35.234070081 ], [ 136.559735694000011, 35.206758135 ], [ 136.576055668, 35.202252306 ], [ 136.5943393, 35.180925108 ], [ 136.615552114, 35.149928505 ], [ 136.644430752, 35.144412973 ], [ 136.64628406, 35.165808505 ], [ 136.672777717, 35.134777135 ], [ 136.701418131999986, 35.118612946 ], [ 136.714071673, 35.105166946 ], [ 136.749573891000011, 35.080728333 ], [ 136.753401115, 35.053015559 ], [ 136.770624008, 35.021437883 ], [ 136.749787665000014, 35.036049387 ], [ 136.700346926, 35.021041703 ], [ 136.700004721, 35.007212108 ], [ 136.682382555, 35.008725027 ], [ 136.676143255999989, 35.008386306 ], [ 136.673975759, 35.006361649 ], [ 136.650303307, 34.991221108 ], [ 136.641110583999989, 34.938746387 ], [ 136.648473645, 34.946835802 ], [ 136.66687022, 34.937000865 ], [ 136.645746472000013, 34.934412225 ], [ 136.645021089000011, 34.932776495 ], [ 136.642334643, 34.900586441 ], [ 136.633192581, 34.887066306 ], [ 136.615512996, 34.853335414 ], [ 136.570398742, 34.804535847 ], [ 136.534364643, 34.754187162 ], [ 136.521056523999988, 34.698463027 ], [ 136.548454047, 34.666311505 ], [ 136.549575499000014, 34.63470045 ], [ 136.529857314999987, 34.608538261 ], [ 136.553888521, 34.614476279 ], [ 136.603755512, 34.600826712 ], [ 136.647588742000011, 34.58874418 ], [ 136.655419364000011, 34.572835414 ], [ 136.660447964000014, 34.566304279 ], [ 136.694222776, 34.547043081 ], [ 136.715991971, 34.54452936 ], [ 136.775186278, 34.509255694 ], [ 136.795747004, 34.506532721 ], [ 136.816045357, 34.485204207 ], [ 136.857994384, 34.477932559 ], [ 136.866559416, 34.481104973 ], [ 136.865642866, 34.454378198 ], [ 136.876847977000011, 34.430934775 ], [ 136.886243748, 34.433180613 ], [ 136.897114448999986, 34.453685225 ], [ 136.919360078000011, 34.445222495 ], [ 136.917047470999989, 34.408044667 ], [ 136.897915084, 34.388680613 ], [ 136.882712996, 34.390466721 ], [ 136.870169350999987, 34.387153982 ], [ 136.876975279, 34.371215306 ], [ 136.8470562, 34.372601721 ], [ 136.83300655, 34.361617414 ], [ 136.812570246, 34.368151721 ], [ 136.813365551, 34.364473135 ], [ 136.826565357, 34.352662135 ], [ 136.84034406, 34.365098387 ], [ 136.869658249, 34.344633946 ], [ 136.884270026, 34.361393306 ], [ 136.903067419, 34.362810225 ], [ 136.881583022, 34.345242135 ], [ 136.878902672, 34.325285667 ], [ 136.884792529, 34.297737306 ], [ 136.901849663, 34.278415946 ], [ 136.87007917, 34.273444198 ], [ 136.834096252, 34.252251441 ], [ 136.819340778, 34.250654414 ], [ 136.761713022, 34.268141306 ], [ 136.765426420000011, 34.277769468 ], [ 136.828087198, 34.259549468 ], [ 136.86269655000001, 34.270512802 ], [ 136.856810415000012, 34.280267081 ], [ 136.843622970000013, 34.271633333 ], [ 136.835426446000014, 34.286562441 ], [ 136.863814889999986, 34.291916027 ], [ 136.82960472100001, 34.297596694 ], [ 136.836596887000013, 34.302372946 ], [ 136.847808988, 34.314349162 ], [ 136.824418249, 34.314254532 ], [ 136.805604112, 34.308301414 ], [ 136.802899053, 34.318932054 ], [ 136.791888392, 34.308606054 ], [ 136.792706304, 34.307512775 ], [ 136.811643217000011, 34.298051586 ], [ 136.793557392999986, 34.288935532 ], [ 136.782476108999987, 34.299660559 ], [ 136.762410972999987, 34.315927198 ], [ 136.765034838, 34.304570559 ], [ 136.724522581, 34.304320468 ], [ 136.718501362000012, 34.303902 ], [ 136.715754267, 34.302224396 ], [ 136.687888249, 34.287814495 ], [ 136.687660441, 34.300077198 ], [ 136.709380584, 34.317234802 ], [ 136.725683917, 34.339776135 ], [ 136.69425358, 34.347143081 ], [ 136.676570336999987, 34.338973802 ], [ 136.661412088, 34.345505306 ], [ 136.656922866, 34.339335748 ], [ 136.65842836600001, 34.328204892 ], [ 136.640848003, 34.307375865 ], [ 136.677032244, 34.315946387 ], [ 136.612915227, 34.269389135 ], [ 136.602106109, 34.257696135 ], [ 136.591361699, 34.268023946 ], [ 136.578713748000013, 34.279592613 ], [ 136.597141777, 34.290914721 ], [ 136.591371362, 34.295314559 ], [ 136.522391025, 34.274056973 ], [ 136.505567056, 34.278957135 ], [ 136.508460558, 34.252173694 ], [ 136.494242023, 34.258785162 ], [ 136.502989248, 34.242840919 ], [ 136.488295330999989, 34.246071865 ], [ 136.482450414999988, 34.228022225 ], [ 136.463728171000014, 34.23579536 ], [ 136.466030077999989, 34.257035559 ], [ 136.440425811000011, 34.24791236 ], [ 136.455360829999989, 34.242746586 ], [ 136.452334086, 34.228022054 ], [ 136.430708288, 34.219864108 ], [ 136.415873217000012, 34.213200667 ], [ 136.40010489, 34.20501364 ], [ 136.400160143, 34.218976802 ], [ 136.390719144, 34.219259054 ], [ 136.383625746, 34.21527464 ], [ 136.376023165, 34.201463198 ], [ 136.374493995, 34.197471387 ], [ 136.344511608, 34.207101306 ], [ 136.328281543, 34.199532099 ], [ 136.322824916, 34.18626664 ], [ 136.303179416, 34.179882468 ], [ 136.277712049, 34.160963775 ], [ 136.276461051000013, 34.139485 ], [ 136.28400978, 34.118081135 ], [ 136.302373165, 34.098835315 ], [ 136.282187613, 34.095163108 ], [ 136.266716005, 34.102764279 ], [ 136.2587407, 34.098041441 ], [ 136.260385551000013, 34.09032664 ], [ 136.254331556000011, 34.088141793 ], [ 136.25081594, 34.099271973 ], [ 136.275939585, 34.122664613 ], [ 136.268205888000011, 34.129116559 ], [ 136.252490726, 34.111744748 ], [ 136.228012192, 34.100234333 ], [ 136.236429922000013, 34.086784315 ], [ 136.228670584000014, 34.085923198 ], [ 136.201605226999988, 34.07698336 ], [ 136.211002283, 34.063030333 ], [ 136.243025966, 34.058697667 ], [ 136.244082944000013, 34.04022164 ], [ 136.244362607, 34.038448333 ], [ 136.282602776, 34.019597495 ], [ 136.250464773, 34.017214667 ], [ 136.257261414, 33.997073946 ], [ 136.272150726, 33.972555802 ], [ 136.248226472, 33.972906162 ], [ 136.251555083999989, 33.985189414 ], [ 136.226012387, 33.989284279 ], [ 136.216060506, 34.000959667 ], [ 136.210505551000011, 33.981667586 ], [ 136.191723139, 33.971086441 ], [ 136.199136355, 33.964143802 ], [ 136.216934552999987, 33.966630865 ], [ 136.228877912, 33.948761919 ], [ 136.230033606, 33.947931198 ], [ 136.231955564, 33.947609099 ], [ 136.217884112, 33.947786225 ], [ 136.200645798000011, 33.944736514 ], [ 136.180680882, 33.937906649 ], [ 136.194209611, 33.925400081 ], [ 136.158926719, 33.931347333 ], [ 136.150390169, 33.931379694 ], [ 136.154413502000011, 33.919682081 ], [ 136.139580467, 33.909659667 ], [ 136.128547445, 33.88673964 ], [ 136.124840337, 33.897424495 ], [ 136.117021128, 33.89749236 ], [ 136.085951997, 33.869559198 ], [ 136.066059351, 33.840476108 ], [ 136.031515292, 33.772288342 ], [ 136.011889961, 33.72330073 ], [ 135.983275006000014, 33.736367495 ], [ 135.963523333000012, 33.724313892 ], [ 135.939933333, 33.738586946 ], [ 135.905675006, 33.768480279 ] ], [ [ 136.648282503, 34.516805 ], [ 136.647721946, 34.515994162 ], [ 136.648282776, 34.515565559 ], [ 136.648282503, 34.516805 ] ], [ [ 136.64763083, 34.522796108 ], [ 136.646852218, 34.518835 ], [ 136.650003333, 34.520998333 ], [ 136.64763083, 34.522796108 ] ], [ [ 136.65096083, 34.520002775 ], [ 136.649916109, 34.520762225 ], [ 136.650235278999986, 34.520465559 ], [ 136.65096083, 34.520002775 ] ], [ [ 136.66026, 34.520192225 ], [ 136.658171388, 34.520834721 ], [ 136.654953060999986, 34.517849162 ], [ 136.66026, 34.520192225 ] ], [ [ 136.65188917, 34.482157775 ], [ 136.654151388, 34.484199721 ], [ 136.652616667, 34.484979721 ], [ 136.65188917, 34.482157775 ] ] ], [ [ [ 136.87227333300001, 34.486777387 ], [ 136.909579584999989, 34.499656946 ], [ 136.890060973, 34.48282336 ], [ 136.87227333300001, 34.486777387 ] ] ], [ [ [ 136.903915058, 34.529199027 ], [ 136.86761572, 34.510828135 ], [ 136.846943191, 34.508410667 ], [ 136.899300636, 34.534724414 ], [ 136.903915058, 34.529199027 ] ] ], [ [ [ 136.665621388, 34.972939775 ], [ 136.650125279, 34.977348946 ], [ 136.65281153, 34.991852829 ], [ 136.676982918, 34.987450532 ], [ 136.665621388, 34.972939775 ] ] ] ] } },
{ "type": "Feature", "properties": { "N03_001": "京都府" }, "geometry": { "type": "Polygon", "coordinates": [ [ [ 135.705303606, 34.850990279 ], [ 135.694914449, 34.848282225 ], [ 135.679922218, 34.881341387 ], [ 135.682694449, 34.887842225 ], [ 135.667103333, 34.904225829 ], [ 135.648502218, 34.909547495 ], [ 135.643159728, 34.929713613 ], [ 135.628108340000011, 34.933733333 ], [ 135.599321673, 34.928291667 ], [ 135.618792503, 34.958816387 ], [ 135.613263606, 34.971195279 ], [ 135.570926667, 34.969788333 ], [ 135.578577782, 34.955885 ], [ 135.563131387999988, 34.953663892 ], [ 135.564683890999987, 34.933024162 ], [ 135.581053333, 34.937035829 ], [ 135.57311639400001, 34.916830829 ], [ 135.54106027200001, 34.915309721 ], [ 135.525376666999989, 34.928801667 ], [ 135.514593606, 34.944119721 ], [ 135.484626109, 34.947409441 ], [ 135.488455550999987, 34.966571667 ], [ 135.481885551, 34.995145559 ], [ 135.409767224, 35.011525559 ], [ 135.38155083, 35.010375279 ], [ 135.382072776, 35.030898054 ], [ 135.371245550999987, 35.045288892 ], [ 135.376613606, 35.066024441 ], [ 135.399535279, 35.076099441 ], [ 135.404281387999987, 35.088993054 ], [ 135.391614163000014, 35.098028054 ], [ 135.391203891, 35.126484441 ], [ 135.34247, 35.135873892 ], [ 135.340959442000013, 35.149657505 ], [ 135.293978054, 35.141569721 ], [ 135.27993, 35.146967225 ], [ 135.289318885, 35.172416946 ], [ 135.232029727999986, 35.177456667 ], [ 135.224940557999986, 35.163757775 ], [ 135.20663, 35.160614441 ], [ 135.187571388, 35.171990838 ], [ 135.186713061, 35.190223892 ], [ 135.200131946, 35.195520279 ], [ 135.182065005999988, 35.215983613 ], [ 135.154691673, 35.226699441 ], [ 135.167026109, 35.242744721 ], [ 135.161978612000013, 35.257818333 ], [ 135.109315837, 35.266292225 ], [ 135.06787472100001, 35.237351108 ], [ 135.0558, 35.259461946 ], [ 135.009411115, 35.270882225 ], [ 135.007322776, 35.285583333 ], [ 134.937614449, 35.307610559 ], [ 134.9247, 35.31166 ], [ 134.925583061, 35.336678054 ], [ 134.917205837000012, 35.340158054 ], [ 134.922981115, 35.391061946 ], [ 134.934354449000011, 35.407405 ], [ 134.946148612, 35.413309721 ], [ 134.990553606, 35.385713054 ], [ 135.019240558, 35.394122775 ], [ 135.030034449, 35.410100279 ], [ 135.048743333, 35.407361108 ], [ 135.049846394000014, 35.450717505 ], [ 135.035525551, 35.474955559 ], [ 135.04515583700001, 35.508693054 ], [ 135.037103890999987, 35.537264441 ], [ 134.993415279, 35.534307775 ], [ 134.95502083, 35.516067505 ], [ 134.930063891, 35.511677225 ], [ 134.91512917, 35.527708054 ], [ 134.919291945999987, 35.538121108 ], [ 134.901695837, 35.555438054 ], [ 134.88105166, 35.564033613 ], [ 134.856117224, 35.586550838 ], [ 134.873896939, 35.621155838 ], [ 134.867504734, 35.658232369 ], [ 134.895192335, 35.645420946 ], [ 134.942187173, 35.652036252 ], [ 134.963067886, 35.662225306 ], [ 134.984816329000012, 35.689050892 ], [ 135.025568365999987, 35.689509694 ], [ 135.06171153, 35.707875919 ], [ 135.0852607, 35.725775468 ], [ 135.092872944, 35.738107189 ], [ 135.233108158, 35.769360081 ], [ 135.257180272, 35.744380838 ], [ 135.275101673, 35.730068333 ], [ 135.286343061, 35.704990279 ], [ 135.299710272, 35.700302775 ], [ 135.294379728, 35.674132775 ], [ 135.27439664100001, 35.667259739 ], [ 135.252884357999989, 35.64898064 ], [ 135.244476135000014, 35.620266838 ], [ 135.214379611, 35.598253613 ], [ 135.187824669, 35.558532586 ], [ 135.187522218, 35.547360423 ], [ 135.198799092, 35.536933189 ], [ 135.210765837, 35.547509838 ], [ 135.207728392, 35.562894667 ], [ 135.2470162, 35.581687748 ], [ 135.254088911, 35.567969441 ], [ 135.274830169000012, 35.560161721 ], [ 135.242465837, 35.560210667 ], [ 135.244999079, 35.535445748 ], [ 135.288650143000012, 35.516251604 ], [ 135.310575525, 35.512283505 ], [ 135.32344808, 35.525654441 ], [ 135.334700169, 35.50567736 ], [ 135.316778755, 35.479599838 ], [ 135.31091415, 35.458070793 ], [ 135.313373502, 35.452432667 ], [ 135.347442672, 35.475200505 ], [ 135.351004553, 35.491566838 ], [ 135.394910246, 35.484462414 ], [ 135.394095771999986, 35.517200667 ], [ 135.383823411, 35.504186973 ], [ 135.342102218, 35.507402919 ], [ 135.349515305000011, 35.517870532 ], [ 135.348638949, 35.521510865 ], [ 135.33910031100001, 35.523633838 ], [ 135.338786109000011, 35.547558613 ], [ 135.34820005200001, 35.542937613 ], [ 135.366491362, 35.551348468 ], [ 135.426749883000014, 35.566500892 ], [ 135.425734721, 35.573486108 ], [ 135.452540272, 35.591426108 ], [ 135.448353645, 35.579219306 ], [ 135.449433256, 35.572687946 ], [ 135.449629689, 35.57201364 ], [ 135.452708755, 35.567314613 ], [ 135.473238638, 35.557099108 ], [ 135.486599637000012, 35.557936333 ], [ 135.460484578, 35.548456892 ], [ 135.4499262, 35.520796081 ], [ 135.476224553, 35.505492748 ], [ 135.476303165, 35.489681081 ], [ 135.458429222, 35.468856919 ], [ 135.470321751, 35.454487198 ], [ 135.48608869, 35.448599135 ], [ 135.510144838, 35.424421919 ], [ 135.527022633, 35.418415225 ], [ 135.534502049, 35.377439135 ], [ 135.641737197999987, 35.366953027 ], [ 135.700986472000011, 35.343686946 ], [ 135.718801555999988, 35.355402775 ], [ 135.768785305, 35.356014468 ], [ 135.76407275, 35.344557532 ], [ 135.780818520999986, 35.340561973 ], [ 135.795189728, 35.321238892 ], [ 135.808781946000011, 35.316878333 ], [ 135.834608612000011, 35.274079441 ], [ 135.860755278999989, 35.28296 ], [ 135.830864163, 35.222761387 ], [ 135.846813061, 35.162386946 ], [ 135.856763061, 35.153615 ], [ 135.835915279, 35.058965838 ], [ 135.815901387999986, 35.047369171 ], [ 135.835464163000012, 35.012328613 ], [ 135.820239442, 35.012961946 ], [ 135.836558884999988, 35.001226387 ], [ 135.826904721, 34.991203892 ], [ 135.849267223999988, 34.991733892 ], [ 135.863410558, 34.960054162 ], [ 135.878441946, 34.947434162 ], [ 135.866637223999987, 34.892140279 ], [ 135.899669442, 34.871404441 ], [ 135.912655551, 34.883516387 ], [ 135.940894449000012, 34.893683333 ], [ 135.943235006, 34.878177495 ], [ 135.946186939, 34.851782495 ], [ 135.96139917, 34.854659721 ], [ 135.969846109, 34.838132225 ], [ 136.000750829999987, 34.845085559 ], [ 136.005382503, 34.826555559 ], [ 136.028458612, 34.819115829 ], [ 136.011247223999987, 34.795861108 ], [ 136.022288885, 34.791555279 ], [ 136.03357749700001, 34.779439441 ], [ 136.030203891000014, 34.755905279 ], [ 136.05547639400001, 34.738555559 ], [ 136.041866938999988, 34.734275559 ], [ 136.028764720999988, 34.706313613 ], [ 136.004937782000013, 34.717314162 ], [ 135.986161673, 34.715306946 ], [ 135.983798885, 34.734232495 ], [ 135.969754163, 34.740524162 ], [ 135.954924449, 34.748285279 ], [ 135.942895837, 34.737491946 ], [ 135.923923061000011, 34.741446387 ], [ 135.922068884999987, 34.754756108 ], [ 135.897386394, 34.730871946 ], [ 135.890171114999987, 34.709438892 ], [ 135.863309442, 34.706240829 ], [ 135.819785837000012, 34.711694441 ], [ 135.791959442, 34.724733333 ], [ 135.778130272, 34.723170559 ], [ 135.755513606, 34.727531946 ], [ 135.736707782, 34.751809721 ], [ 135.728634721, 34.777998054 ], [ 135.746024721, 34.803642495 ], [ 135.73108, 34.822663613 ], [ 135.730075006, 34.827582225 ], [ 135.723274721, 34.826234162 ], [ 135.718697808, 34.831820748 ], [ 135.705303606, 34.850990279 ] ], [ [ 135.829436939, 34.864867495 ], [ 135.829642218, 34.859885279 ], [ 135.833193333, 34.85835 ], [ 135.829436939, 34.864867495 ] ], [ [ 135.858678054, 34.796220279 ], [ 135.851841946, 34.799667775 ], [ 135.860644162999989, 34.793338892 ], [ 135.858678054, 34.796220279 ] ], [ [ 135.908607497, 34.764490829 ], [ 135.903191673, 34.756495559 ], [ 135.91102, 34.757036387 ], [ 135.908607497, 34.764490829 ] ], [ [ 135.731607782, 34.882888333 ], [ 135.728712503, 34.885154721 ], [ 135.732708339999988, 34.87826 ], [ 135.731607782, 34.882888333 ] ], [ [ 135.721459442, 34.889290279 ], [ 135.72038834, 34.887056946 ], [ 135.722581388, 34.887975559 ], [ 135.721459442, 34.889290279 ] ], [ [ 135.715951115, 34.899229721 ], [ 135.718534449, 34.894036667 ], [ 135.72009834, 34.89286 ], [ 135.715951115, 34.899229721 ] ], [ [ 135.764006472, 34.891278973 ], [ 135.763025887999987, 34.892556135 ], [ 135.763453891000012, 34.891027135 ], [ 135.764006472, 34.891278973 ] ] ] } },
{ "type": "Feature", "properties": { "N03_001": "佐賀県" }, "geometry": { "type": "MultiPolygon", "coordinates": [ [ [ [ 130.061226939, 32.985851108 ], [ 130.044488612, 33.004108333 ], [ 130.042633061, 33.003916108 ], [ 130.001102218, 33.025694721 ], [ 129.983288054000013, 33.056799162 ], [ 129.938833061, 33.074163892 ], [ 129.922356667, 33.090493333 ], [ 129.925236939, 33.105724162 ], [ 129.951285279, 33.109964162 ], [ 129.938615279, 33.165375 ], [ 129.905940272, 33.158098054 ], [ 129.872677782000011, 33.165207775 ], [ 129.853484994000013, 33.176338054 ], [ 129.837800558, 33.173254721 ], [ 129.817147782, 33.184535559 ], [ 129.806896667, 33.211169441 ], [ 129.814085837, 33.236373054 ], [ 129.777798612, 33.270097225 ], [ 129.758967496999986, 33.290851108 ], [ 129.776579442000013, 33.332857225 ], [ 129.790814345, 33.340399063 ], [ 129.804154423, 33.338359748 ], [ 129.812679922, 33.314298306 ], [ 129.836817198, 33.286718613 ], [ 129.853757742999989, 33.29348945 ], [ 129.831078663999989, 33.304222414 ], [ 129.846834163000011, 33.327826441 ], [ 129.851046135, 33.359320279 ], [ 129.866891894, 33.375947613 ], [ 129.865017432, 33.393186658 ], [ 129.867789105000014, 33.408256721 ], [ 129.860542361, 33.412320586 ], [ 129.852895550999989, 33.405053892 ], [ 129.833151945999987, 33.413976667 ], [ 129.814313891000012, 33.433159721 ], [ 129.782987017000011, 33.451381243 ], [ 129.798789078999988, 33.452942532 ], [ 129.808413087, 33.458813387 ], [ 129.806433333, 33.485664162 ], [ 129.834939442, 33.450841667 ], [ 129.851513061, 33.447247775 ], [ 129.856690143, 33.458613613 ], [ 129.85721791200001, 33.464794468 ], [ 129.84036805400001, 33.494696108 ], [ 129.829637497, 33.505209441 ], [ 129.842605551, 33.517868054 ], [ 129.850461946, 33.507231387 ], [ 129.856855279, 33.511409441 ], [ 129.847354720999988, 33.517764441 ], [ 129.856452776, 33.533197225 ], [ 129.851377496999987, 33.553792495 ], [ 129.877607224, 33.536690279 ], [ 129.890952335, 33.546937198 ], [ 129.919354721, 33.542116667 ], [ 129.968777834, 33.512995586 ], [ 129.937419494000011, 33.481637865 ], [ 129.970964176, 33.454874486 ], [ 130.016150921, 33.446093225 ], [ 130.04132869, 33.456140586 ], [ 130.039026329, 33.470014468 ], [ 130.098417497000014, 33.469841108 ], [ 130.103130271999987, 33.475886667 ], [ 130.138800558000014, 33.470435559 ], [ 130.156767224, 33.476722495 ], [ 130.168786394, 33.467645829 ], [ 130.18279917000001, 33.466648054 ], [ 130.198522503, 33.481171946 ], [ 130.252370272, 33.470963613 ], [ 130.272113891, 33.479351108 ], [ 130.29588166, 33.463552495 ], [ 130.311120558, 33.461975559 ], [ 130.339749727999987, 33.444613054 ], [ 130.378218885, 33.424959162 ], [ 130.396163605999988, 33.427405559 ], [ 130.415193061, 33.410075 ], [ 130.41097083, 33.395040279 ], [ 130.422591388, 33.398460559 ], [ 130.438280558, 33.400621946 ], [ 130.442213891, 33.415633613 ], [ 130.461413333, 33.428237225 ], [ 130.462372503000012, 33.427924441 ], [ 130.511132218, 33.449112775 ], [ 130.536470752000014, 33.438981946 ], [ 130.541821387999988, 33.394253054 ], [ 130.535978457, 33.342962297 ], [ 130.51209594, 33.344062297 ], [ 130.499455629000011, 33.325575901 ], [ 130.479945357, 33.330873117 ], [ 130.48490118, 33.306217009 ], [ 130.45561119300001, 33.300810892 ], [ 130.464864734, 33.28485645 ], [ 130.41746201, 33.268344793 ], [ 130.414895927, 33.252648964 ], [ 130.388965396, 33.257119243 ], [ 130.385204604, 33.240461189 ], [ 130.373939611, 33.244361162 ], [ 130.376174721000012, 33.219921676 ], [ 130.339702218000014, 33.205017225 ], [ 130.352144994000014, 33.170796387 ], [ 130.355784099, 33.140356946 ], [ 130.288519559, 33.146693694 ], [ 130.285733826000012, 33.161686468 ], [ 130.251333281, 33.190184865 ], [ 130.231206394, 33.192141946 ], [ 130.222408171000012, 33.16516264 ], [ 130.190124812, 33.146071694 ], [ 130.149848819999988, 33.112601405 ], [ 130.129509702, 33.117830054 ], [ 130.144644449, 33.073231108 ], [ 130.16972610900001, 33.051030559 ], [ 130.171101607999987, 33.036151559 ], [ 130.187978054000013, 33.010968613 ], [ 130.19095808, 32.990835694 ], [ 130.223292918, 32.973575586 ], [ 130.224374773, 32.96215436 ], [ 130.20358642, 32.957120387 ], [ 130.150091946, 32.962590559 ], [ 130.086826939, 32.974895 ], [ 130.076060558, 32.987560829 ], [ 130.061226939, 32.985851108 ] ] ], [ [ [ 129.873485472999988, 33.544323586 ], [ 129.882763671, 33.567322667 ], [ 129.890461219, 33.552135694 ], [ 129.873485472999988, 33.544323586 ] ] ], [ [ [ 129.744536394, 33.575679721 ], [ 129.768854449, 33.582089721 ], [ 129.760363061, 33.562894441 ], [ 129.744536394, 33.575679721 ] ] ], [ [ [ 129.848136667, 33.599346667 ], [ 129.855936109, 33.616738333 ], [ 129.864208197000011, 33.587533468 ], [ 129.848136667, 33.599346667 ] ] ] ] } },
{ "type": "Feature", "properties": { "N03_001": "兵庫県" }, "geometry": { "type": "MultiPolygon", "coordinates": [ [ [ [ 134.728203645, 34.208999829 ], [ 134.701153385, 34.217187694 ], [ 134.710173747999988, 34.238915892 ], [ 134.721737198, 34.241493973 ], [ 134.718071479, 34.256747667 ], [ 134.703343567, 34.247665811 ], [ 134.670488638, 34.246720333 ], [ 134.675994384, 34.255945775 ], [ 134.662175357, 34.296927775 ], [ 134.687948833, 34.330183919 ], [ 134.693498029000011, 34.32447836 ], [ 134.727939442, 34.330920333 ], [ 134.74061476, 34.352451261 ], [ 134.787949572, 34.427237342 ], [ 134.818789974, 34.469484919 ], [ 134.834760960000011, 34.466251324 ], [ 134.847031881, 34.476925261 ], [ 134.869319338999986, 34.513150829 ], [ 134.935067795, 34.549423685 ], [ 134.984072244, 34.603573586 ], [ 135.002193139000013, 34.609168279 ], [ 135.025699663000012, 34.576583387 ], [ 134.994253022, 34.543161054 ], [ 134.992650856000012, 34.522548775 ], [ 134.972600441, 34.497002054 ], [ 134.952982905, 34.482711108 ], [ 134.939804474999988, 34.458663532 ], [ 134.903644617, 34.430193216 ], [ 134.894703475999989, 34.398979261 ], [ 134.893714136999989, 34.353204829 ], [ 134.897173865000013, 34.346727225 ], [ 134.915061283999989, 34.336079586 ], [ 134.918157445, 34.317336802 ], [ 134.948318444, 34.287533414 ], [ 134.951588716, 34.26648236 ], [ 134.898441751, 34.252152667 ], [ 134.871497197999986, 34.239910432 ], [ 134.832959364, 34.22426764 ], [ 134.800444578, 34.199990946 ], [ 134.775238003, 34.200472559 ], [ 134.734090778, 34.188719946 ], [ 134.728203645, 34.208999829 ] ] ], [ [ [ 134.495998327, 34.668004252 ], [ 134.50090917, 34.646596108 ], [ 134.480838612000014, 34.649901667 ], [ 134.45849766500001, 34.645250252 ], [ 134.463025058, 34.663062892 ], [ 134.474682191999989, 34.65801736 ], [ 134.495998327, 34.668004252 ] ] ], [ [ [ 134.562085746, 34.66385364 ], [ 134.57081406, 34.677016667 ], [ 134.590826835, 34.662028865 ], [ 134.571001115, 34.652373054 ], [ 134.562085746, 34.66385364 ] ] ], [ [ [ 134.544955837, 34.679988892 ], [ 134.541897224, 34.658194721 ], [ 134.508096394, 34.677261946 ], [ 134.529713606, 34.685739721 ], [ 134.533750999, 34.675692468 ], [ 134.544955837, 34.679988892 ] ] ], [ [ [ 134.797147173000013, 34.732486712 ], [ 134.761306109, 34.762150829 ], [ 134.711508418, 34.776559027 ], [ 134.687743307, 34.771232559 ], [ 134.660765435, 34.783813369 ], [ 134.645726394, 34.767324721 ], [ 134.628695058, 34.778430613 ], [ 134.584844994, 34.768728892 ], [ 134.569879455, 34.758034883 ], [ 134.559500363000012, 34.769463892 ], [ 134.52682192, 34.782748946 ], [ 134.503166278, 34.761293613 ], [ 134.499742555000012, 34.774477108 ], [ 134.482416446, 34.767369279 ], [ 134.481373696, 34.766357694 ], [ 134.474256537, 34.755209892 ], [ 134.475211421000012, 34.784507775 ], [ 134.466424577999987, 34.805979973 ], [ 134.459538859, 34.80386564 ], [ 134.457278106, 34.785795198 ], [ 134.464316304, 34.764274694 ], [ 134.450797977, 34.753717495 ], [ 134.45580153, 34.767597748 ], [ 134.449708638, 34.768910865 ], [ 134.433087588, 34.766171333 ], [ 134.410761245, 34.727112198 ], [ 134.373397497000013, 34.732892387 ], [ 134.368506057, 34.744776135 ], [ 134.360805253, 34.751031414 ], [ 134.363819948000014, 34.740846054 ], [ 134.339883476000011, 34.739101613 ], [ 134.328799248, 34.730691721 ], [ 134.321729442, 34.721946108 ], [ 134.313026939, 34.738397225 ], [ 134.321530558, 34.761709162 ], [ 134.333222776000014, 34.765714721 ], [ 134.315827782000014, 34.781040829 ], [ 134.316361388, 34.802574441 ], [ 134.295607497, 34.818056387 ], [ 134.282476939, 34.829803613 ], [ 134.263821115000013, 34.826682775 ], [ 134.253016108999986, 34.851378054 ], [ 134.267075279000011, 34.875477775 ], [ 134.262353891, 34.881983054 ], [ 134.295014994000013, 34.907462495 ], [ 134.254094163, 34.937656667 ], [ 134.254202502999988, 34.946003613 ], [ 134.276955550999986, 34.963330279 ], [ 134.269583333000014, 34.978693613 ], [ 134.285543891, 34.996896946 ], [ 134.265762218, 35.004966946 ], [ 134.281171660000012, 35.036875559 ], [ 134.316331946, 35.043199721 ], [ 134.319083333, 35.083442505 ], [ 134.349551115, 35.090222775 ], [ 134.352283891000013, 35.111100279 ], [ 134.367393333, 35.146961387 ], [ 134.383084720999989, 35.152490279 ], [ 134.408685551, 35.147869721 ], [ 134.411083061, 35.186966946 ], [ 134.382992503, 35.194438892 ], [ 134.382516939, 35.221724441 ], [ 134.402814449, 35.241024441 ], [ 134.435319170000014, 35.229172505 ], [ 134.476523891, 35.249091667 ], [ 134.483588054, 35.260277775 ], [ 134.515240557999988, 35.277231946 ], [ 134.514802218, 35.307672225 ], [ 134.503428327, 35.318507775 ], [ 134.506838885, 35.338521387 ], [ 134.513498327, 35.354093613 ], [ 134.50286778200001, 35.365961387 ], [ 134.471384994, 35.380032225 ], [ 134.481433891, 35.410498333 ], [ 134.477353606, 35.429018613 ], [ 134.440100558000012, 35.442804171 ], [ 134.434437497, 35.470830559 ], [ 134.427632218000014, 35.508654721 ], [ 134.413102503, 35.517599721 ], [ 134.425600558000014, 35.541881387 ], [ 134.421498612, 35.562911108 ], [ 134.405073606, 35.570709441 ], [ 134.408303606, 35.589065 ], [ 134.371522776, 35.608570279 ], [ 134.369944436, 35.61458473 ], [ 134.373857224, 35.611505559 ], [ 134.382453333, 35.611866108 ], [ 134.432084163000013, 35.620286387 ], [ 134.478035279000011, 35.640881946 ], [ 134.487237224000012, 35.651723892 ], [ 134.51305917, 35.658286108 ], [ 134.518285811, 35.660780081 ], [ 134.518906523999988, 35.661295505 ], [ 134.517295772000011, 35.666215775 ], [ 134.519597328, 35.662387387 ], [ 134.532242309, 35.665399748 ], [ 134.560167108, 35.650469532 ], [ 134.593856835, 35.655470468 ], [ 134.613335668, 35.642036802 ], [ 134.64136572000001, 35.649902279 ], [ 134.65613406, 35.665230532 ], [ 134.663206394000014, 35.648145838 ], [ 134.667681996999988, 35.655743 ], [ 134.707635136, 35.653541081 ], [ 134.733207626, 35.658451441 ], [ 134.73544594, 35.658317667 ], [ 134.773905331, 35.658923667 ], [ 134.784189053, 35.660961919 ], [ 134.793234501, 35.666711081 ], [ 134.842399248, 35.642691225 ], [ 134.867504734, 35.658232369 ], [ 134.873896939, 35.621155838 ], [ 134.856117224, 35.586550838 ], [ 134.88105166, 35.564033613 ], [ 134.901695837, 35.555438054 ], [ 134.919291945999987, 35.538121108 ], [ 134.91512917, 35.527708054 ], [ 134.930063891, 35.511677225 ], [ 134.95502083, 35.516067505 ], [ 134.993415279, 35.534307775 ], [ 135.037103890999987, 35.537264441 ], [ 135.04515583700001, 35.508693054 ], [ 135.035525551, 35.474955559 ], [ 135.049846394000014, 35.450717505 ], [ 135.048743333, 35.407361108 ], [ 135.030034449, 35.410100279 ], [ 135.019240558, 35.394122775 ], [ 134.990553606, 35.385713054 ], [ 134.946148612, 35.413309721 ], [ 134.934354449000011, 35.407405 ], [ 134.922981115, 35.391061946 ], [ 134.917205837000012, 35.340158054 ], [ 134.925583061, 35.336678054 ], [ 134.9247, 35.31166 ], [ 134.937614449, 35.307610559 ], [ 135.007322776, 35.285583333 ], [ 135.009411115, 35.270882225 ], [ 135.0558, 35.259461946 ], [ 135.06787472100001, 35.237351108 ], [ 135.109315837, 35.266292225 ], [ 135.161978612000013, 35.257818333 ], [ 135.167026109, 35.242744721 ], [ 135.154691673, 35.226699441 ], [ 135.182065005999988, 35.215983613 ], [ 135.200131946, 35.195520279 ], [ 135.186713061, 35.190223892 ], [ 135.187571388, 35.171990838 ], [ 135.20663, 35.160614441 ], [ 135.224940557999986, 35.163757775 ], [ 135.232029727999986, 35.177456667 ], [ 135.289318885, 35.172416946 ], [ 135.27993, 35.146967225 ], [ 135.293978054, 35.141569721 ], [ 135.340959442000013, 35.149657505 ], [ 135.34247, 35.135873892 ], [ 135.391203891, 35.126484441 ], [ 135.391614163000014, 35.098028054 ], [ 135.404281387999987, 35.088993054 ], [ 135.399535279, 35.076099441 ], [ 135.376613606, 35.066024441 ], [ 135.371245550999987, 35.045288892 ], [ 135.349484448999988, 35.050869171 ], [ 135.333579727999989, 35.035158054 ], [ 135.339802776, 35.025877225 ], [ 135.35471917000001, 35.024611387 ], [ 135.352562776000013, 34.990388892 ], [ 135.345068612, 34.966846108 ], [ 135.360725279, 34.954421946 ], [ 135.381885837, 34.956229721 ], [ 135.392351946, 34.941365829 ], [ 135.418484721, 34.933894441 ], [ 135.44159250300001, 34.939379162 ], [ 135.467094449, 34.928765559 ], [ 135.463596109, 34.918305559 ], [ 135.439302776, 34.920504441 ], [ 135.419100272, 34.909753333 ], [ 135.445131946, 34.895440559 ], [ 135.43748917, 34.877124721 ], [ 135.43135834, 34.856415279 ], [ 135.416878340000011, 34.852224721 ], [ 135.424228612, 34.83822 ], [ 135.415990558, 34.817692775 ], [ 135.423740272, 34.802053333 ], [ 135.441143333000014, 34.791888333 ], [ 135.444696666999988, 34.768529162 ], [ 135.455879728000014, 34.760491387 ], [ 135.460295006, 34.733135559 ], [ 135.445556109, 34.729081946 ], [ 135.445812776, 34.718086387 ], [ 135.407294021000013, 34.697096135 ], [ 135.392661777, 34.688206532 ], [ 135.372434137, 34.693606198 ], [ 135.335861607999988, 34.72570436 ], [ 135.324344501000013, 34.725843937 ], [ 135.303456796, 34.719095126 ], [ 135.294270026, 34.719455667 ], [ 135.286782437999989, 34.711896613 ], [ 135.288100934, 34.703950369 ], [ 135.254325266, 34.700342036 ], [ 135.216250337, 34.694138982 ], [ 135.184378054, 34.682043495 ], [ 135.183111855, 34.670198991 ], [ 135.183312374, 34.649598414 ], [ 135.167148132, 34.647939604 ], [ 135.13963978000001, 34.642568369 ], [ 135.10636958500001, 34.639975081 ], [ 135.093149364, 34.63472282 ], [ 135.08535799, 34.633702838 ], [ 135.045601855, 34.624766009 ], [ 135.01870847, 34.643190892 ], [ 134.994791362, 34.644924279 ], [ 134.972627056, 34.64382364 ], [ 134.944680391, 34.661737446 ], [ 134.90762153, 34.676485721 ], [ 134.895588223, 34.689007586 ], [ 134.870542049, 34.702845378 ], [ 134.866380441, 34.707519162 ], [ 134.847257004, 34.715326694 ], [ 134.848205253, 34.719592946 ], [ 134.843616511, 34.720582541 ], [ 134.826578366, 34.706351532 ], [ 134.808803774000012, 34.718478306 ], [ 134.815378171, 34.731156829 ], [ 134.812087639, 34.733004559 ], [ 134.80867583700001, 34.732086108 ], [ 134.797147173000013, 34.732486712 ] ], [ [ 135.392151946000013, 34.836001946 ], [ 135.394183061, 34.837012495 ], [ 135.392422775999989, 34.840133333 ], [ 135.392151946000013, 34.836001946 ] ] ], [ [ [ 134.866610830000013, 34.696361523 ], [ 134.868340117, 34.699185252 ], [ 134.869697847, 34.701414081 ], [ 134.883990999, 34.691873306 ], [ 134.862894125, 34.689923126 ], [ 134.866610830000013, 34.696361523 ] ] ], [ [ [ 134.862116329, 34.707442081 ], [ 134.85323345, 34.694143775 ], [ 134.845916913, 34.708251441 ], [ 134.862116329, 34.707442081 ] ] ], [ [ [ 135.213516472, 34.639999802 ], [ 135.236116743999986, 34.641571027 ], [ 135.238711089, 34.632396802 ], [ 135.209276693, 34.630138586 ], [ 135.213516472, 34.639999802 ] ] ], [ [ [ 135.201441996999989, 34.673629306 ], [ 135.219998807, 34.682779225 ], [ 135.245113671000013, 34.650815495 ], [ 135.217159533, 34.650081604 ], [ 135.201441996999989, 34.673629306 ] ] ], [ [ [ 135.254463087, 34.677761108 ], [ 135.25220581100001, 34.693300721 ], [ 135.28815830100001, 34.696667721 ], [ 135.290505136, 34.681703586 ], [ 135.254463087, 34.677761108 ] ] ] ] } },
{ "type": "Feature", "properties": { "N03_001": "北海道" }, "geometry": { "type": "MultiPolygon", "coordinates": [ [ [ [ 139.383067302, 41.507621748 ], [ 139.34245847, 41.496143252 ], [ 139.334554942000011, 41.514786 ], [ 139.352724034, 41.523213054 ], [ 139.376539339, 41.52191036 ], [ 139.383067302, 41.507621748 ] ] ], [ [ [ 140.029165837, 41.471746946 ], [ 139.997806394, 41.539971946 ], [ 139.989068339999989, 41.54804255 ], [ 139.982093061, 41.600431108 ], [ 139.993526939, 41.630213613 ], [ 139.998729442000013, 41.641659171 ], [ 140.008631114999986, 41.68268 ], [ 140.019475279, 41.701484441 ], [ 140.055401673, 41.742942775 ], [ 140.070540558, 41.767439721 ], [ 140.075247224, 41.807791108 ], [ 140.108791673000013, 41.80494 ], [ 140.12301904, 41.825293054 ], [ 140.126410765, 41.855312973 ], [ 140.138891946, 41.894045775 ], [ 140.141002062000013, 41.914409973 ], [ 140.132603061, 41.952575838 ], [ 140.132785551000012, 41.974936667 ], [ 140.119191115, 42.003957505 ], [ 140.103337224, 42.007746387 ], [ 140.098717782, 42.029192225 ], [ 140.070552217999989, 42.060060838 ], [ 140.057286939, 42.082615279 ], [ 140.023588053999987, 42.114566946 ], [ 139.991568054, 42.127758333 ], [ 139.921584449, 42.135442505 ], [ 139.912297224000014, 42.153714171 ], [ 139.894910673999988, 42.183806468 ], [ 139.881923605999987, 42.191401108 ], [ 139.880648054, 42.207785 ], [ 139.863765551, 42.219008054 ], [ 139.827877302, 42.223926892 ], [ 139.793816109, 42.236491946 ], [ 139.774887497, 42.261452775 ], [ 139.784887172999987, 42.270068081 ], [ 139.785746667000012, 42.274994721 ], [ 139.775253333, 42.296534171 ], [ 139.767141114999987, 42.302489441 ], [ 139.788315278999988, 42.353059171 ], [ 139.796141388, 42.356303054 ], [ 139.801635006, 42.361158613 ], [ 139.814658054, 42.374412775 ], [ 139.836002503, 42.405516387 ], [ 139.846062217999986, 42.432374721 ], [ 139.852935006, 42.465716946 ], [ 139.849082503, 42.492828333 ], [ 139.842757782, 42.498956108 ], [ 139.846703061, 42.528190279 ], [ 139.823165279, 42.613055279 ], [ 139.839378716, 42.623531946 ], [ 139.85504360600001, 42.641890559 ], [ 139.863908054, 42.655965838 ], [ 139.868195837, 42.663433892 ], [ 139.925282775999989, 42.688158892 ], [ 139.989348611999986, 42.692096946 ], [ 140.029634163, 42.68781064 ], [ 140.062990272, 42.704476946 ], [ 140.06883917, 42.723386387 ], [ 140.144266394, 42.754555 ], [ 140.146984163000013, 42.771168613 ], [ 140.17324083, 42.806435559 ], [ 140.185704163, 42.827245 ], [ 140.204715005999986, 42.809480279 ], [ 140.227285279, 42.802968333 ], [ 140.245939728, 42.768199721 ], [ 140.266277224, 42.767451667 ], [ 140.304431673000011, 42.777453613 ], [ 140.310066667, 42.795114721 ], [ 140.303665837000011, 42.812747225 ], [ 140.30882917, 42.830983054 ], [ 140.346582698, 42.857651027 ], [ 140.358551946, 42.877573054 ], [ 140.380873891, 42.905822775 ], [ 140.412240726, 42.933692721 ], [ 140.442631673, 42.951602225 ], [ 140.51898856, 42.988584198 ], [ 140.52300642, 42.998900036 ], [ 140.529121167, 43.028346468 ], [ 140.516830649000013, 43.03221427 ], [ 140.485031673, 43.076496387 ], [ 140.465072283000012, 43.088764279 ], [ 140.459153332999989, 43.104938892 ], [ 140.445252503, 43.118648613 ], [ 140.443733606, 43.125760838 ], [ 140.430817782, 43.139627225 ], [ 140.412942218000012, 43.151652775 ], [ 140.368675837000012, 43.176816667 ], [ 140.338625006, 43.210977225 ], [ 140.325992969999987, 43.221060198 ], [ 140.34376083, 43.276001387 ], [ 140.336442776000013, 43.281839441 ], [ 140.341201946000012, 43.281213054 ], [ 140.343005227, 43.281778414 ], [ 140.345846913, 43.283559973 ], [ 140.355172775999989, 43.301688613 ], [ 140.359785837, 43.315098613 ], [ 140.351939442, 43.331852225 ], [ 140.381635550999988, 43.329382775 ], [ 140.426506939, 43.328978892 ], [ 140.430102503, 43.329772505 ], [ 140.446178339999989, 43.335721946 ], [ 140.460684163, 43.345745838 ], [ 140.468076667, 43.365314171 ], [ 140.484012775999986, 43.373638054 ], [ 140.539973061000012, 43.340762225 ], [ 140.578932503, 43.310451946 ], [ 140.593462218000013, 43.302927775 ], [ 140.611093022, 43.295208225 ], [ 140.626184942, 43.294475505 ], [ 140.630019753999989, 43.294786793 ], [ 140.630037665, 43.294649279 ], [ 140.636418392, 43.274895865 ], [ 140.651195525, 43.261392198 ], [ 140.659283256, 43.259438613 ], [ 140.700308054, 43.250652775 ], [ 140.73543946800001, 43.235384802 ], [ 140.756214721, 43.227144973 ], [ 140.776892114, 43.224954225 ], [ 140.774131907, 43.205365225 ], [ 140.79210118, 43.195234036 ], [ 140.844809805000011, 43.200383405 ], [ 140.84636275, 43.198781586 ], [ 140.918255357, 43.212272586 ], [ 140.981245304999987, 43.239125505 ], [ 141.012992698, 43.232354252 ], [ 141.014761025000013, 43.212778505 ], [ 141.003653359, 43.209830279 ], [ 141.002060467, 43.200651252 ], [ 141.040162957, 43.179001189 ], [ 141.056879922, 43.179738775 ], [ 141.12740345, 43.154384973 ], [ 141.162138223, 43.143942613 ], [ 141.211657808000012, 43.159906135 ], [ 141.262226524, 43.183739694 ], [ 141.279625136, 43.200609171 ], [ 141.291831673, 43.18505009 ], [ 141.289561751, 43.208508874 ], [ 141.335744137, 43.236247667 ], [ 141.406152502999987, 43.306890279 ], [ 141.423422218000013, 43.32813 ], [ 141.431673891, 43.389118892 ], [ 141.428743061, 43.416892225 ], [ 141.392158975, 43.476874505 ], [ 141.359827223999986, 43.522427505 ], [ 141.379015863, 43.563973171 ], [ 141.385632023, 43.591321721 ], [ 141.352215551, 43.641202505 ], [ 141.349521219, 43.66752927 ], [ 141.329304358, 43.71832827 ], [ 141.337736433, 43.73739027 ], [ 141.362449805000011, 43.762814387 ], [ 141.387455759, 43.806392694 ], [ 141.409754241, 43.813847613 ], [ 141.451226666999986, 43.831500279 ], [ 141.478877613, 43.834069108 ], [ 141.497394163, 43.838859 ], [ 141.510470726, 43.856175306 ], [ 141.530040609999986, 43.852892198 ], [ 141.558558885, 43.858053613 ], [ 141.597409728, 43.884325559 ], [ 141.607893333, 43.903121108 ], [ 141.626829831, 43.920972441 ], [ 141.629411440000013, 43.944660946 ], [ 141.645517794999989, 43.971127 ], [ 141.651022905, 43.993858045 ], [ 141.662246939, 44.025401108 ], [ 141.662104163, 44.078407225 ], [ 141.653212776, 44.142494171 ], [ 141.658311855, 44.161776721 ], [ 141.656165550999987, 44.208998054 ], [ 141.65798722400001, 44.242162225 ], [ 141.647019441999987, 44.312110559 ], [ 141.661695837, 44.31561 ], [ 141.683680181999989, 44.347202505 ], [ 141.709533476, 44.391413838 ], [ 141.736146329, 44.415358027 ], [ 141.747059442, 44.432801108 ], [ 141.760615836999989, 44.472392775 ], [ 141.767462776, 44.555717505 ], [ 141.787393606, 44.586715559 ], [ 141.792316667, 44.642943333 ], [ 141.78275917, 44.728232505 ], [ 141.763369442, 44.807761667 ], [ 141.736615279, 44.878205559 ], [ 141.737204721000012, 44.885652775 ], [ 141.69771500600001, 44.970102505 ], [ 141.663475551, 45.031325838 ], [ 141.591069882999989, 45.146773468 ], [ 141.578246667, 45.176091387 ], [ 141.568961388, 45.198177225 ], [ 141.573952776, 45.238699721 ], [ 141.608965278999989, 45.272236387 ], [ 141.619923061, 45.295212225 ], [ 141.615475253, 45.310656523 ], [ 141.651862776, 45.345034441 ], [ 141.656882529, 45.369983586 ], [ 141.638020947, 45.391317748 ], [ 141.634234527, 45.420567306 ], [ 141.644965136, 45.449707748 ], [ 141.66499193300001, 45.436274054 ], [ 141.678876744, 45.409920306 ], [ 141.708706278, 45.396079775 ], [ 141.716087249999987, 45.396345171 ], [ 141.740342438, 45.401013667 ], [ 141.745800855999988, 45.413257892 ], [ 141.7707762, 45.403933081 ], [ 141.79561214, 45.406527919 ], [ 141.838407497, 45.422103892 ], [ 141.857466109, 45.434187775 ], [ 141.878313061, 45.460917225 ], [ 141.873551088999989, 45.469710108 ], [ 141.892978547000013, 45.510013712 ], [ 141.936542114, 45.52295736 ], [ 141.961421946, 45.510495838 ], [ 141.96976277600001, 45.482561468 ], [ 141.992812776, 45.462653892 ], [ 142.018790558, 45.453564441 ], [ 142.036472776000011, 45.415263892 ], [ 142.05016834, 45.402341387 ], [ 142.063240558, 45.393630838 ], [ 142.166087159999989, 45.342111694 ], [ 142.284546393999989, 45.225721387 ], [ 142.344898054, 45.174791946 ], [ 142.41863559, 45.110965009 ], [ 142.486995837, 45.05959 ], [ 142.503957639, 45.059728126 ], [ 142.498525006, 45.052480838 ], [ 142.504535279, 45.044499441 ], [ 142.511675524999987, 45.037685901 ], [ 142.531524163, 45.025692505 ], [ 142.531650869, 45.012313351 ], [ 142.544880246, 44.986346099 ], [ 142.57796, 44.961569171 ], [ 142.589922283, 44.939586387 ], [ 142.586352672, 44.92151964 ], [ 142.61434524, 44.893721423 ], [ 142.632357069, 44.88731382 ], [ 142.662106524, 44.838429414 ], [ 142.674867224, 44.835575559 ], [ 142.739185551, 44.7598 ], [ 142.82928345, 44.692568297 ], [ 142.84206, 44.687202505 ], [ 142.871083333, 44.662140838 ], [ 142.89306917, 44.652042775 ], [ 142.976029533, 44.571821198 ], [ 142.994241388, 44.557731667 ], [ 143.045651115, 44.529431667 ], [ 143.064941115000011, 44.530269441 ], [ 143.063059442, 44.519587775 ], [ 143.100465837, 44.497852225 ], [ 143.214116329, 44.440584721 ], [ 143.231122309, 44.423789802 ], [ 143.276137224, 44.400788613 ], [ 143.348875629, 44.370403676 ], [ 143.364954073, 44.337538937 ], [ 143.41146751, 44.309470694 ], [ 143.46570917, 44.286836667 ], [ 143.559044449, 44.252523613 ], [ 143.691307782, 44.208188892 ], [ 143.776451388, 44.184686946 ], [ 143.839179728, 44.167412225 ], [ 143.912595966, 44.150485333 ], [ 143.999891336, 44.133736342 ], [ 144.067672140000013, 44.124342162 ], [ 144.099334332000012, 44.126199586 ], [ 144.122339727999986, 44.115741946 ], [ 144.179037056, 44.10467545 ], [ 144.219656693, 44.102159532 ], [ 144.25007917, 44.109361946 ], [ 144.257165006, 44.085121387 ], [ 144.25485144000001, 44.039315198 ], [ 144.288897951, 44.018026108 ], [ 144.282144475, 44.011049081 ], [ 144.300156615, 43.981459721 ], [ 144.363128612, 43.955789171 ], [ 144.398381672999989, 43.946131387 ], [ 144.480486394, 43.930215838 ], [ 144.554194449, 43.921310279 ], [ 144.661642776, 43.916758279 ], [ 144.745414449, 43.922830279 ], [ 144.795992218, 43.931908054 ], [ 144.805653333, 43.942516667 ], [ 144.835325551000011, 43.952522775 ], [ 144.84870693900001, 43.973652225 ], [ 144.880356109, 43.985445838 ], [ 144.914747224, 44.008075559 ], [ 144.936097224, 44.043172505 ], [ 144.997176782999986, 44.072639441 ], [ 145.005133891000014, 44.079004721 ], [ 145.009920271999988, 44.085339441 ], [ 145.009560558, 44.095205 ], [ 145.041668885, 44.110046946 ], [ 145.118825006, 44.155841946 ], [ 145.154795279000012, 44.180548613 ], [ 145.19147917, 44.195018892 ], [ 145.199755837, 44.203299721 ], [ 145.215188885, 44.225221108 ], [ 145.22622610900001, 44.242943613 ], [ 145.225430558, 44.247925838 ], [ 145.306334449, 44.312392505 ], [ 145.328999442, 44.345108054 ], [ 145.337644163, 44.341312505 ], [ 145.34877, 44.295065838 ], [ 145.36179083, 44.272114721 ], [ 145.361778054000013, 44.255852505 ], [ 145.348254720999989, 44.243074721 ], [ 145.346063891, 44.227240279 ], [ 145.303291946, 44.165864441 ], [ 145.263858340000013, 44.138187775 ], [ 145.240021673, 44.089214441 ], [ 145.238888054, 44.058316667 ], [ 145.222621946, 44.037147775 ], [ 145.20544406, 44.029769342 ], [ 145.17804334600001, 43.999724198 ], [ 145.15505527900001, 43.982508613 ], [ 145.129864721, 43.950103333 ], [ 145.118843061, 43.923499721 ], [ 145.093842776, 43.890801946 ], [ 145.098546667, 43.86092 ], [ 145.081258612, 43.818875 ], [ 145.061083061, 43.805916946 ], [ 145.059125005999988, 43.785881387 ], [ 145.068952218, 43.748169441 ], [ 145.09180332, 43.727779964 ], [ 145.120865551, 43.685926946 ], [ 145.136258054, 43.653315 ], [ 145.148655551, 43.644417775 ], [ 145.24555917, 43.615080838 ], [ 145.302219689, 43.604115838 ], [ 145.327764189, 43.595804892 ], [ 145.345605357000011, 43.579964505 ], [ 145.344803061, 43.557946108 ], [ 145.322982776, 43.550084586 ], [ 145.305388301, 43.565117586 ], [ 145.326475966, 43.562221081 ], [ 145.340831361999989, 43.571501802 ], [ 145.327833606000013, 43.593627225 ], [ 145.307207497, 43.600587225 ], [ 145.280647173, 43.592062468 ], [ 145.262724811999988, 43.600663505 ], [ 145.266938716, 43.610379027 ], [ 145.245575551, 43.613746946 ], [ 145.196827224, 43.622782775 ], [ 145.19890722400001, 43.607824721 ], [ 145.195376057, 43.599473856 ], [ 145.218766316, 43.587598324 ], [ 145.222073061, 43.557913892 ], [ 145.245700791, 43.521162477 ], [ 145.246964462, 43.500123216 ], [ 145.270706744, 43.416668568 ], [ 145.290109896, 43.382109261 ], [ 145.325746485, 43.341633532 ], [ 145.390909429, 43.294490541 ], [ 145.433663372000012, 43.285375919 ], [ 145.492837782, 43.266577505 ], [ 145.522263891, 43.306992775 ], [ 145.537420946999987, 43.311042586 ], [ 145.584413748, 43.339018775 ], [ 145.63837917, 43.373527225 ], [ 145.650623606000011, 43.391451108 ], [ 145.697845006, 43.383689171 ], [ 145.721312776, 43.383119171 ], [ 145.733406108999986, 43.393799171 ], [ 145.785651946, 43.386251946 ], [ 145.810253891, 43.38763 ], [ 145.796552776, 43.363229171 ], [ 145.753405006, 43.338556667 ], [ 145.705475837, 43.333869171 ], [ 145.676322776, 43.318632225 ], [ 145.638376446, 43.32098236 ], [ 145.607781855000013, 43.308337775 ], [ 145.591620169, 43.280647586 ], [ 145.580489248, 43.285393829 ], [ 145.567922049, 43.283038838 ], [ 145.557892218, 43.261219874 ], [ 145.555919442, 43.218196108 ], [ 145.532905084, 43.211438405 ], [ 145.529408612, 43.185975838 ], [ 145.511607069, 43.189786685 ], [ 145.508174916, 43.177958126 ], [ 145.523391673, 43.167229441 ], [ 145.495742218, 43.158841946 ], [ 145.503512503, 43.169080279 ], [ 145.476092905, 43.188667613 ], [ 145.42122952, 43.187877288 ], [ 145.371078612, 43.182639441 ], [ 145.326228054000012, 43.173455838 ], [ 145.294461555999987, 43.172832874 ], [ 145.251953528, 43.160268171 ], [ 145.202343488999986, 43.136264883 ], [ 145.165603398, 43.149814333 ], [ 145.122018833, 43.132157495 ], [ 145.109724410000013, 43.098701342 ], [ 145.118848742000011, 43.080686045 ], [ 145.162148132, 43.084211919 ], [ 145.149168885, 43.069791108 ], [ 145.105119196, 43.079478333 ], [ 145.087083891, 43.065493486 ], [ 145.087957497, 43.047662775 ], [ 145.031632114, 43.029622928 ], [ 145.023832918000011, 43.019582045 ], [ 145.024534488, 43.000087099 ], [ 144.995527224, 42.993704171 ], [ 144.97960805400001, 42.98415 ], [ 144.949557782, 42.982606946 ], [ 144.905069766999986, 42.989494297 ], [ 144.880846135000013, 42.984729505 ], [ 144.854306109, 43.001976387 ], [ 144.836093528, 43.03386664 ], [ 144.854316743999988, 43.048733667 ], [ 144.828989689, 43.057567838 ], [ 144.783091816, 43.054690811 ], [ 144.745249519999987, 43.023210153 ], [ 144.729735759, 43.001611793 ], [ 144.724432697999987, 42.973758351 ], [ 144.781235901, 42.934216937 ], [ 144.737218598999988, 42.933521108 ], [ 144.694824305999987, 42.93835545 ], [ 144.630591089, 42.951411964 ], [ 144.524141077, 42.950413036 ], [ 144.485734293, 42.939412297 ], [ 144.374568418, 42.967471 ], [ 144.371729222, 42.985627721 ], [ 144.34978917, 42.99796036 ], [ 144.274267691, 43.003835189 ], [ 144.22857147900001, 42.997256045 ], [ 144.180757834, 42.98763664 ], [ 144.080254864000011, 42.953331297 ], [ 144.004684929, 42.920653378 ], [ 143.928691388, 42.880156946 ], [ 143.869346109, 42.842252505 ], [ 143.80298, 42.792052505 ], [ 143.690752776000011, 42.712966108 ], [ 143.63172917, 42.669909721 ], [ 143.577560557999988, 42.624212225 ], [ 143.524156667, 42.573468892 ], [ 143.436637224, 42.481019721 ], [ 143.389071505, 42.414906351 ], [ 143.363906977999989, 42.379151775 ], [ 143.32663179, 42.31044945 ], [ 143.326962775999988, 42.295353306 ], [ 143.31005221800001, 42.261075559 ], [ 143.308206394, 42.243505279 ], [ 143.32054861200001, 42.209215559 ], [ 143.324053606, 42.206708613 ], [ 143.335888885, 42.201783613 ], [ 143.324102775999989, 42.16004 ], [ 143.30813233500001, 42.080143414 ], [ 143.310286667000014, 42.048950559 ], [ 143.294100609999987, 42.043031054 ], [ 143.290320558, 42.029555 ], [ 143.259484163, 42.003857225 ], [ 143.244313061000014, 41.966333054 ], [ 143.240716394, 41.941908973 ], [ 143.22833834, 41.939789721 ], [ 143.176546939, 41.975764171 ], [ 143.158502438, 42.000831279 ], [ 143.13426, 42.027838333 ], [ 143.095455279, 42.049999721 ], [ 143.067855837, 42.061024171 ], [ 143.000002218, 42.087320838 ], [ 142.998219442, 42.094043441 ], [ 142.978267781999989, 42.101737225 ], [ 142.966051388000011, 42.11777 ], [ 142.911123890999988, 42.126874721 ], [ 142.90902834, 42.132186946 ], [ 142.863805006, 42.136090559 ], [ 142.81444083, 42.141719441 ], [ 142.773111803, 42.161464171 ], [ 142.760879663, 42.174391 ], [ 142.723985279, 42.184107225 ], [ 142.67068192, 42.191524414 ], [ 142.649134449, 42.208936108 ], [ 142.585157497000012, 42.243156667 ], [ 142.55128869, 42.247591315 ], [ 142.507395551, 42.267063892 ], [ 142.476824721000014, 42.273682505 ], [ 142.446919584999989, 42.302872784 ], [ 142.402657782, 42.312137505 ], [ 142.334543709, 42.345013387 ], [ 142.277948444, 42.375930351 ], [ 142.266045006000013, 42.390561387 ], [ 142.222244929, 42.422583207 ], [ 142.194225992000014, 42.44795336 ], [ 142.14115476, 42.466004036 ], [ 142.074559118, 42.470283685 ], [ 142.071075746, 42.477429811 ], [ 142.02730264600001, 42.485085099 ], [ 142.01545786, 42.499212793 ], [ 141.966940104, 42.528513261 ], [ 141.918599973999989, 42.560041946 ], [ 141.905073410999989, 42.576729171 ], [ 141.876807899, 42.586525234 ], [ 141.834351349, 42.598696063 ], [ 141.810404747, 42.611758793 ], [ 141.798850765, 42.602248721 ], [ 141.787319105, 42.615070946 ], [ 141.712800972999986, 42.627761775 ], [ 141.659456861, 42.630464414 ], [ 141.630063307, 42.627778414 ], [ 141.695405811, 42.657396333 ], [ 141.624231141, 42.630351081 ], [ 141.524505914, 42.611975667 ], [ 141.461806134999989, 42.592511414 ], [ 141.418325512, 42.574865441 ], [ 141.339779196, 42.537082613 ], [ 141.280338637999989, 42.502388027 ], [ 141.20596214, 42.453360387 ], [ 141.189139209, 42.452556856 ], [ 141.155606834999986, 42.440252919 ], [ 141.07651871600001, 42.381803586 ], [ 141.054388975, 42.352100829 ], [ 141.044982387, 42.350532414 ], [ 141.012767276, 42.321750108 ], [ 140.997240557999987, 42.302154171 ], [ 140.958075383, 42.317273225 ], [ 140.931183917, 42.33506264 ], [ 140.950625382999988, 42.34519736 ], [ 140.98417978, 42.326800108 ], [ 140.982270182, 42.356222622 ], [ 140.917058003, 42.369165387 ], [ 140.908317302, 42.379677099 ], [ 140.901556005, 42.415175225 ], [ 140.880638197, 42.449762838 ], [ 140.862458780999987, 42.465502225 ], [ 140.840538054, 42.470251441 ], [ 140.79849345, 42.499903694 ], [ 140.780004889999987, 42.499232081 ], [ 140.786582996, 42.513458838 ], [ 140.786216719, 42.517886468 ], [ 140.773139273999988, 42.520388874 ], [ 140.777509611, 42.528947586 ], [ 140.758600558000012, 42.551176135 ], [ 140.725698054, 42.571847775 ], [ 140.712045550999989, 42.579674441 ], [ 140.695441388, 42.586546667 ], [ 140.638459727999987, 42.585217505 ], [ 140.590486667, 42.572642775 ], [ 140.581785279, 42.567020838 ], [ 140.537113061000014, 42.587410279 ], [ 140.522963333, 42.589443613 ], [ 140.475401946, 42.588881694 ], [ 140.441393333, 42.567516108 ], [ 140.398839754, 42.531859559 ], [ 140.372709728, 42.503641225 ], [ 140.32867834000001, 42.442320559 ], [ 140.294225914, 42.374925441 ], [ 140.277178975, 42.320537333 ], [ 140.276171479, 42.279421748 ], [ 140.284451725, 42.256251532 ], [ 140.307046977999988, 42.237462694 ], [ 140.348195772, 42.224824838 ], [ 140.387674864, 42.222245721 ], [ 140.410491673, 42.201056387 ], [ 140.456985837, 42.176731108 ], [ 140.46299083, 42.166106667 ], [ 140.497873411, 42.147482838 ], [ 140.514441946, 42.129365838 ], [ 140.551103528, 42.112984468 ], [ 140.583889533, 42.108232252 ], [ 140.657497522999989, 42.128801586 ], [ 140.688510220000012, 42.125957694 ], [ 140.706038638, 42.137938694 ], [ 140.762004448999988, 42.114060279 ], [ 140.767180272, 42.09734 ], [ 140.775624449, 42.084075279 ], [ 140.802263891, 42.077032775 ], [ 140.803249169999987, 42.057870838 ], [ 140.821447056000011, 42.034179874 ], [ 140.864636394, 42.009352225 ], [ 140.90863834000001, 41.983155559 ], [ 140.936730829999988, 41.937778054 ], [ 140.96118642, 41.915242171 ], [ 141.02271939, 41.891666252 ], [ 141.030774721, 41.895043333 ], [ 141.106880558, 41.875034171 ], [ 141.143463606000012, 41.847795838 ], [ 141.146264449, 41.832175838 ], [ 141.187428885, 41.808980306 ], [ 141.155982282999986, 41.784637306 ], [ 141.130516641000014, 41.788919432 ], [ 141.126429468, 41.788970883 ], [ 141.108048612, 41.784004441 ], [ 141.079888885, 41.757292775 ], [ 141.076536108999989, 41.745795279 ], [ 141.006572218, 41.715408613 ], [ 140.991901673, 41.717153054 ], [ 140.968303165, 41.710102838 ], [ 140.950831115, 41.715424721 ], [ 140.941273384999988, 41.730466667 ], [ 140.891268612, 41.750439441 ], [ 140.789966252, 41.773222919 ], [ 140.738121971, 41.768472532 ], [ 140.704017107999988, 41.739975667 ], [ 140.69274284, 41.764834856 ], [ 140.70521526600001, 41.780326757 ], [ 140.714738794, 41.766654 ], [ 140.727124189, 41.788090333 ], [ 140.72661703, 41.790830468 ], [ 140.709649092, 41.808505847 ], [ 140.66515827500001, 41.822217387 ], [ 140.626734578, 41.809364838 ], [ 140.622684306, 41.805114892 ], [ 140.62032428, 41.78754564 ], [ 140.604355499, 41.762508586 ], [ 140.6018, 41.742681387 ], [ 140.555703476, 41.722836586 ], [ 140.527004162999987, 41.700540559 ], [ 140.455175446999988, 41.694479802 ], [ 140.434552776, 41.658906946 ], [ 140.429116394, 41.57479 ], [ 140.437028612, 41.548062775 ], [ 140.409352218, 41.520874721 ], [ 140.408591388, 41.516715559 ], [ 140.405255278999988, 41.519468613 ], [ 140.365139728, 41.515432775 ], [ 140.353417497, 41.512327225 ], [ 140.33657144, 41.506976468 ], [ 140.30076741900001, 41.491411387 ], [ 140.258403865, 41.480525577 ], [ 140.245880973, 41.461826351 ], [ 140.237043333, 41.441325396 ], [ 140.204827224000013, 41.404680279 ], [ 140.196725253000011, 41.397854919 ], [ 140.159415357, 41.422020027 ], [ 140.14459861200001, 41.428460838 ], [ 140.127898885, 41.430774171 ], [ 140.082564721000011, 41.423607225 ], [ 140.027521089, 41.462654865 ], [ 140.029663139, 41.467883252 ], [ 140.029165837, 41.471746946 ] ] ], [ [ [ 139.426425837000011, 42.071396667 ], [ 139.422963606, 42.137225559 ], [ 139.411294422999987, 42.170023027 ], [ 139.435721946, 42.215988892 ], [ 139.468873061000011, 42.217283054 ], [ 139.536953463, 42.233059387 ], [ 139.549913333, 42.238736081 ], [ 139.558712672000013, 42.252745468 ], [ 139.56017834, 42.227046387 ], [ 139.55134089500001, 42.218808586 ], [ 139.523218054000012, 42.187730279 ], [ 139.517086109, 42.176354171 ], [ 139.51507978, 42.130499523 ], [ 139.496566939, 42.088118892 ], [ 139.480858054, 42.071581108 ], [ 139.444082218, 42.063507505 ], [ 139.426425837000011, 42.071396667 ] ] ], [ [ [ 141.335565551, 44.432284721 ], [ 141.319602218, 44.41559 ], [ 141.294442218, 44.412662775 ], [ 141.325282503000011, 44.442096387 ], [ 141.335565551, 44.432284721 ] ] ], [ [ [ 141.422457782, 44.427201108 ], [ 141.380705837, 44.433793613 ], [ 141.42716333300001, 44.446174171 ], [ 141.422457782, 44.427201108 ] ] ], [ [ [ 141.149100272, 45.224476387 ], [ 141.200878885, 45.256227505 ], [ 141.227208781, 45.237163108 ], [ 141.269014449, 45.235864721 ], [ 141.282311946, 45.223309171 ], [ 141.30355, 45.214640279 ], [ 141.324613333, 45.183660559 ], [ 141.32947333300001, 45.149077775 ], [ 141.275506471999989, 45.110603946 ], [ 141.246105279, 45.100688613 ], [ 141.237888340000012, 45.096994721 ], [ 141.193351115000013, 45.124621667 ], [ 141.180015837000013, 45.128019171 ], [ 141.126838054, 45.185955279 ], [ 141.141606394, 45.190182505 ], [ 141.135991894, 45.215264676 ], [ 141.149100272, 45.224476387 ] ] ], [ [ [ 141.058277224, 45.356935 ], [ 141.049344721000011, 45.340644721 ], [ 141.051190272000014, 45.332165 ], [ 141.057203333, 45.319142225 ], [ 141.044979934999986, 45.295152045 ], [ 141.043553968999987, 45.274107135 ], [ 141.027110558, 45.273417775 ], [ 141.026741388, 45.296187505 ], [ 141.022767497, 45.309641108 ], [ 141.004150558, 45.334875838 ], [ 140.98932917, 45.385367775 ], [ 140.991322776, 45.429270838 ], [ 140.966351673, 45.438602505 ], [ 140.976847224000011, 45.447631667 ], [ 140.993191673000013, 45.437389721 ], [ 141.01331847, 45.43303336 ], [ 141.036363113, 45.443168081 ], [ 141.045693333, 45.454080559 ], [ 141.066982503, 45.422511108 ], [ 141.056570271999988, 45.408537775 ], [ 141.054646563, 45.389912432 ], [ 141.058277224, 45.356935 ] ] ], [ [ [ 144.872974449, 42.96495 ], [ 144.879525006, 42.955758054 ], [ 144.863849728, 42.946701667 ], [ 144.872974449, 42.96495 ] ] ], [ [ [ 146.053183606, 43.429055721 ], [ 146.054029974, 43.412816613 ], [ 146.041952529000014, 43.401821892 ], [ 146.024235811000011, 43.411482108 ], [ 146.053183606, 43.429055721 ] ] ], [ [ [ 145.942932049, 43.457033586 ], [ 145.933992607, 43.441614027 ], [ 145.944546744, 43.422651252 ], [ 145.893409754, 43.426937252 ], [ 145.897925031999989, 43.448648306 ], [ 145.916936005, 43.446627054 ], [ 145.942932049, 43.457033586 ] ] ], [ [ [ 146.118485862999989, 43.469556919 ], [ 146.103299637, 43.494701 ], [ 146.073074163, 43.521168973 ], [ 146.083616615000011, 43.533767919 ], [ 146.134557081999986, 43.548924775 ], [ 146.161462633000014, 43.53480336 ], [ 146.200372996, 43.534249 ], [ 146.180557276, 43.510249532 ], [ 146.178311777, 43.501797838 ], [ 146.195247056, 43.495514306 ], [ 146.186760778, 43.486622054 ], [ 146.118825058, 43.461027252 ], [ 146.118485862999989, 43.469556919 ] ] ], [ [ [ 146.269448833000013, 43.628033225 ], [ 146.293790661, 43.628999613 ], [ 146.350607445, 43.639994676 ], [ 146.349619222, 43.629038333 ], [ 146.356798444, 43.617592108 ], [ 146.269448833000013, 43.628033225 ] ] ], [ [ [ 146.878986472, 43.814629252 ], [ 146.856821970999988, 43.806331919 ], [ 146.847118171, 43.812098505 ], [ 146.826065811, 43.801143252 ], [ 146.834936744, 43.781945279 ], [ 146.811374384, 43.792129333 ], [ 146.782095188, 43.756842135 ], [ 146.74919219200001, 43.754941892 ], [ 146.728441894000014, 43.746466333 ], [ 146.720786861, 43.733710135 ], [ 146.701701971, 43.746799667 ], [ 146.680588171000011, 43.729607225 ], [ 146.689806641, 43.722682468 ], [ 146.670952529, 43.708351505 ], [ 146.63985489, 43.703531802 ], [ 146.64645422800001, 43.71406736 ], [ 146.630094746999987, 43.720970559 ], [ 146.618761414, 43.749478135 ], [ 146.605777004, 43.735396586 ], [ 146.585644189, 43.744256838 ], [ 146.607584423, 43.767941135 ], [ 146.584998444, 43.802700748 ], [ 146.609863112999989, 43.820278667 ], [ 146.626212724, 43.817325279 ], [ 146.661711193, 43.828268748 ], [ 146.681967056, 43.825769027 ], [ 146.72600655, 43.831752532 ], [ 146.720728003, 43.844892387 ], [ 146.749779948, 43.858182973 ], [ 146.773534332, 43.87603836 ], [ 146.792936693, 43.87987864 ], [ 146.822409169999986, 43.866656306 ], [ 146.818424864, 43.886118667 ], [ 146.842970272, 43.889047108 ], [ 146.849578444, 43.876857892 ], [ 146.874200752, 43.868955559 ], [ 146.893012387, 43.847255054 ], [ 146.919665331, 43.83608564 ], [ 146.902813891, 43.830147505 ], [ 146.898293191, 43.805818171 ], [ 146.878986472, 43.814629252 ] ] ], [ [ [ 145.788136251999987, 43.969712468 ], [ 145.789297082, 43.948904171 ], [ 145.779281725, 43.936863252 ], [ 145.737252633, 43.92123964 ], [ 145.714291803, 43.910951441 ], [ 145.67339917000001, 43.905479333 ], [ 145.664521167, 43.910451081 ], [ 145.659212776, 43.910803468 ], [ 145.638269689, 43.902400441 ], [ 145.604130078, 43.868023027 ], [ 145.584888170999989, 43.862074198 ], [ 145.575351245, 43.841168054 ], [ 145.569339922000012, 43.794034387 ], [ 145.571907419000013, 43.778074694 ], [ 145.56039808, 43.724172694 ], [ 145.55432153000001, 43.670335892 ], [ 145.538268585999987, 43.653779198 ], [ 145.537745162, 43.690490081 ], [ 145.550592607, 43.730816252 ], [ 145.526849274, 43.734943559 ], [ 145.491299339, 43.732995613 ], [ 145.433392387, 43.720921414 ], [ 145.418178197, 43.751804505 ], [ 145.426112607, 43.780211108 ], [ 145.408336939, 43.820628838 ], [ 145.398681245, 43.827983586 ], [ 145.406915524999988, 43.842495532 ], [ 145.440882944, 43.850511108 ], [ 145.463362633, 43.889294387 ], [ 145.533930636, 43.921568559 ], [ 145.552416355, 43.935796225 ], [ 145.589869364, 43.951610559 ], [ 145.594167276, 43.967820414 ], [ 145.640855772, 43.989092892 ], [ 145.67638070000001, 44.011735721 ], [ 145.675319027, 44.024573414 ], [ 145.735962361, 44.046942171 ], [ 145.74711677, 44.063834036 ], [ 145.744011505, 44.104243892 ], [ 145.754178781, 44.10986336 ], [ 145.787721089, 44.14883164 ], [ 145.817844384000011, 44.165791 ], [ 145.854426354999987, 44.200602468 ], [ 145.861019053, 44.219419505 ], [ 145.889322892, 44.251646135 ], [ 145.935650998999989, 44.278753919 ], [ 145.9879, 44.318804306 ], [ 146.000233696, 44.33627564 ], [ 146.009889339000011, 44.373390387 ], [ 146.050944773, 44.417579838 ], [ 146.07166869, 44.449975667 ], [ 146.082133645, 44.474295613 ], [ 146.129300752, 44.507915865 ], [ 146.151242335, 44.513551135 ], [ 146.19864, 44.491324919 ], [ 146.226388444, 44.481819171 ], [ 146.23382461700001, 44.464608333 ], [ 146.239507976999988, 44.455413333 ], [ 146.281040246, 44.442139775 ], [ 146.283289663, 44.434477613 ], [ 146.337719533000012, 44.417424505 ], [ 146.43770061, 44.418881946 ], [ 146.508677639000013, 44.426384838 ], [ 146.545604254000011, 44.437046694 ], [ 146.57386591400001, 44.454956441 ], [ 146.551441555999986, 44.427137775 ], [ 146.534730078, 44.394570586 ], [ 146.533666692999986, 44.380319838 ], [ 146.484424280000013, 44.353362748 ], [ 146.453474721, 44.377132802 ], [ 146.426685551, 44.374717505 ], [ 146.388514136999987, 44.359426748 ], [ 146.366105837, 44.338226748 ], [ 146.365019468000014, 44.317570414 ], [ 146.349614968, 44.320358946 ], [ 146.328816693, 44.297347532 ], [ 146.318686252, 44.296764333 ], [ 146.296146861000011, 44.275669613 ], [ 146.224846355000011, 44.272797135 ], [ 146.104553087, 44.259435027 ], [ 146.068554086, 44.234007613 ], [ 146.041615383, 44.183590054 ], [ 145.980035746, 44.168719252 ], [ 145.966003865, 44.152773694 ], [ 145.945289364, 44.152875919 ], [ 145.906086589000012, 44.120864586 ], [ 145.89072585, 44.094456514 ], [ 145.870978638, 44.069979468 ], [ 145.863443112999988, 44.047294613 ], [ 145.87754252900001, 44.020536586 ], [ 145.853014086, 44.021236838 ], [ 145.832431673, 44.030596279 ], [ 145.813791388, 44.017210559 ], [ 145.788136251999987, 43.969712468 ] ] ], [ [ [ 147.654395499, 44.994215468 ], [ 147.616885888000013, 44.96079836 ], [ 147.611012802, 44.939740946 ], [ 147.650882387, 44.924391532 ], [ 147.598248833000014, 44.864982973 ], [ 147.596893671, 44.853302613 ], [ 147.550347004, 44.816068171 ], [ 147.515975746, 44.812746532 ], [ 147.496211803, 44.799781279 ], [ 147.486208521, 44.781177946 ], [ 147.462476251999988, 44.779861559 ], [ 147.42123489, 44.764607802 ], [ 147.384850947, 44.745742135 ], [ 147.365785746, 44.72450436 ], [ 147.336149079, 44.714913171 ], [ 147.265330752000011, 44.636693892 ], [ 147.251996420000012, 44.599981973 ], [ 147.242322283, 44.600020135 ], [ 147.205704422999986, 44.571381802 ], [ 147.191450363, 44.57202264 ], [ 147.154405966000013, 44.560109802 ], [ 147.109064163, 44.568885135 ], [ 147.074678054, 44.555677892 ], [ 147.027800143, 44.518462748 ], [ 147.005171751, 44.489895027 ], [ 146.99063978, 44.452376252 ], [ 146.96069622600001, 44.429466667 ], [ 146.9105438, 44.428053027 ], [ 146.864745914, 44.443161973 ], [ 146.858641167, 44.452100252 ], [ 146.876413722, 44.499754225 ], [ 146.897260389, 44.520271973 ], [ 146.92118669300001, 44.524060586 ], [ 146.954035383, 44.555991586 ], [ 146.932005694, 44.580120865 ], [ 146.935523411, 44.606912081 ], [ 146.952998223, 44.62609864 ], [ 146.959524669, 44.59447964 ], [ 146.991638911, 44.575137694 ], [ 147.026416160999986, 44.598612613 ], [ 147.033190169, 44.638610387 ], [ 147.003946861, 44.655470279 ], [ 147.028370246, 44.662245441 ], [ 147.060136693, 44.655438613 ], [ 147.073870363, 44.637137225 ], [ 147.093105058, 44.638022838 ], [ 147.129767367, 44.652291559 ], [ 147.16438616100001, 44.682794838 ], [ 147.17886022, 44.688144532 ], [ 147.194272969999986, 44.714555306 ], [ 147.200169364, 44.742097973 ], [ 147.190075227, 44.765202441 ], [ 147.125720143, 44.770544054 ], [ 147.100901894, 44.801388414 ], [ 147.099976135, 44.815805225 ], [ 147.130391089, 44.829639694 ], [ 147.16958325600001, 44.81876636 ], [ 147.192881218999986, 44.797204252 ], [ 147.24511505800001, 44.809950892 ], [ 147.263505110000011, 44.848717919 ], [ 147.26329192, 44.864217468 ], [ 147.325461088999987, 44.890136559 ], [ 147.333907367, 44.889162027 ], [ 147.383136304, 44.911461586 ], [ 147.419110195, 44.938253532 ], [ 147.445253087, 44.961306171 ], [ 147.453387419, 44.971703108 ], [ 147.48760810600001, 44.989291721 ], [ 147.507116615, 44.990141468 ], [ 147.517431996999989, 45.000016865 ], [ 147.511477665, 45.026988586 ], [ 147.522913722, 45.035686171 ], [ 147.522849831, 45.060279279 ], [ 147.53170917, 45.076197946 ], [ 147.531386615, 45.089238586 ], [ 147.526830947, 45.098915892 ], [ 147.495885863000012, 45.109245414 ], [ 147.536721608, 45.105807414 ], [ 147.555552892, 45.109980946 ], [ 147.57827856, 45.087424279 ], [ 147.638228664, 45.075335171 ], [ 147.661867664999988, 45.08265364 ], [ 147.697743061000011, 45.104135135 ], [ 147.691929053, 45.133075613 ], [ 147.721323722, 45.173434532 ], [ 147.734918781, 45.193748775 ], [ 147.767606809, 45.195629775 ], [ 147.773012309, 45.206531027 ], [ 147.804292412, 45.210056 ], [ 147.826864137, 45.217417108 ], [ 147.842355499, 45.207017892 ], [ 147.872326913, 45.229184414 ], [ 147.881598392, 45.250810198 ], [ 147.866353890999989, 45.264544225 ], [ 147.872287367000013, 45.295711225 ], [ 147.856843307, 45.320706333 ], [ 147.855407886, 45.354186 ], [ 147.84911330700001, 45.363467387 ], [ 147.877332529, 45.406839108 ], [ 147.904307886, 45.430154532 ], [ 147.925138833, 45.438022027 ], [ 147.961720337, 45.415759279 ], [ 147.965161673000011, 45.395443333 ], [ 147.984025667999987, 45.350903279 ], [ 148.000858755, 45.337426865 ], [ 147.996765058, 45.323675919 ], [ 148.008722166000013, 45.290329973 ], [ 148.038699052999988, 45.266344027 ], [ 148.103596719, 45.256659441 ], [ 148.166375888, 45.258588252 ], [ 148.237496524, 45.266497613 ], [ 148.292117912, 45.276079694 ], [ 148.342744227999987, 45.291143414 ], [ 148.351737082, 45.302433865 ], [ 148.352388833, 45.308065333 ], [ 148.420010467, 45.329314414 ], [ 148.416644228, 45.336611667 ], [ 148.460439947999987, 45.361268198 ], [ 148.453529143999987, 45.368023027 ], [ 148.479979754, 45.386217171 ], [ 148.470345162, 45.399999387 ], [ 148.512150440999989, 45.432128225 ], [ 148.520661608000012, 45.447315333 ], [ 148.544504553, 45.451169559 ], [ 148.559444617, 45.461037252 ], [ 148.578507003999988, 45.489623559 ], [ 148.606835188, 45.491350387 ], [ 148.639099416, 45.508795135 ], [ 148.651698418, 45.537344027 ], [ 148.710132140000013, 45.541558414 ], [ 148.744485305000012, 45.549878081 ], [ 148.753554578, 45.553892865 ], [ 148.812630143, 45.552378027 ], [ 148.856575447000012, 45.540455225 ], [ 148.892818664, 45.509643775 ], [ 148.890542555, 45.486913838 ], [ 148.831805188, 45.459478973 ], [ 148.828584137, 45.428349946 ], [ 148.852320415, 45.419459667 ], [ 148.876564253999987, 45.394356667 ], [ 148.869962944, 45.379229414 ], [ 148.841915577, 45.350154108 ], [ 148.842476641, 45.33674964 ], [ 148.803893606, 45.336284108 ], [ 148.776717134, 45.322647973 ], [ 148.73819144, 45.337388468 ], [ 148.659833359, 45.333360027 ], [ 148.654998145, 45.336423946 ], [ 148.621931051, 45.330910081 ], [ 148.563437834000013, 45.311974171 ], [ 148.499404358, 45.27219536 ], [ 148.493892166, 45.257383973 ], [ 148.47288153, 45.260156171 ], [ 148.458036693, 45.249424748 ], [ 148.441902335, 45.253513559 ], [ 148.434229663, 45.252089171 ], [ 148.408492023, 45.237974838 ], [ 148.365975875, 45.227260811 ], [ 148.324145058, 45.222214441 ], [ 148.295284552999988, 45.211772108 ], [ 148.264664305999986, 45.189638946 ], [ 148.240229559, 45.183880108 ], [ 148.199398366, 45.158030054 ], [ 148.192677444999987, 45.149067468 ], [ 148.167547950999989, 45.146878802 ], [ 148.099645447, 45.112649775 ], [ 148.066937367, 45.08633764 ], [ 148.061848054, 45.073486865 ], [ 148.02934847, 45.056395802 ], [ 147.98080703, 45.002224387 ], [ 147.96679046700001, 45.000847532 ], [ 147.951888054, 44.996209505 ], [ 147.915502438, 44.971743748 ], [ 147.850688975, 44.965395748 ], [ 147.81225808, 44.951887865 ], [ 147.784784941999987, 44.947658802 ], [ 147.74348800300001, 44.966133802 ], [ 147.727534423, 44.981006387 ], [ 147.728186161, 45.000936468 ], [ 147.685733554, 45.005212441 ], [ 147.654395499, 44.994215468 ] ] ] ] } },
{ "type": "Feature", "properties": { "N03_001": "千葉県" }, "geometry": { "type": "MultiPolygon", "coordinates": [ [ [ [ 139.765775564, 34.974782207 ], [ 139.796899883, 34.973805712 ], [ 139.822883074, 34.980115027 ], [ 139.82420166, 34.98226191 ], [ 139.824057341000014, 34.991596586 ], [ 139.853246576, 34.987885739 ], [ 139.857234332, 34.99398936 ], [ 139.85803454, 35.01102136 ], [ 139.854459442, 35.020086604 ], [ 139.833054734, 35.032280108 ], [ 139.832373048, 35.050102288 ], [ 139.821122632999987, 35.071556802 ], [ 139.83835408600001, 35.078840856 ], [ 139.836062852999987, 35.099657757 ], [ 139.825000052, 35.113762838 ], [ 139.838951361999989, 35.129413982 ], [ 139.836720973000013, 35.138047505 ], [ 139.827909584999986, 35.151597919 ], [ 139.818151803, 35.154876532 ], [ 139.822379689, 35.164707162 ], [ 139.816645525000013, 35.185324721 ], [ 139.831237562000013, 35.203630198 ], [ 139.866710441, 35.219384279 ], [ 139.864366472, 35.254173613 ], [ 139.846850894999989, 35.271746748 ], [ 139.842212931, 35.294131775 ], [ 139.809475279, 35.307217946 ], [ 139.785885019, 35.313365396 ], [ 139.819736148, 35.316475117 ], [ 139.816502074999988, 35.32403227 ], [ 139.839845837000013, 35.333963991 ], [ 139.822964656000011, 35.344445378 ], [ 139.837765616000013, 35.358939063 ], [ 139.852157510000012, 35.349313108 ], [ 139.858186096, 35.349426595 ], [ 139.845931025, 35.375341423 ], [ 139.863081920000013, 35.367065288 ], [ 139.887519663, 35.361489649 ], [ 139.887814838, 35.370888054 ], [ 139.917985863000013, 35.381686919 ], [ 139.918163865, 35.389695477 ], [ 139.906704799000011, 35.389092 ], [ 139.903279895999987, 35.431473477 ], [ 139.948610558000013, 35.442181486 ], [ 139.951125409000014, 35.456087685 ], [ 139.974488936, 35.448460991 ], [ 139.965828936, 35.46855545 ], [ 140.006549105, 35.479291045 ], [ 140.022741401, 35.467551054 ], [ 140.012118444, 35.485188279 ], [ 140.033859052999986, 35.511843 ], [ 140.042233917, 35.507327306 ], [ 140.045857808, 35.511666027 ], [ 140.037741051000012, 35.516274919 ], [ 140.061308301, 35.543726838 ], [ 140.098043061, 35.555011333 ], [ 140.115489092, 35.55060136 ], [ 140.091207393, 35.561180577 ], [ 140.116061647, 35.569197748 ], [ 140.10886821, 35.599883964 ], [ 140.098312672, 35.60619618 ], [ 140.077922476999987, 35.610415315 ], [ 140.083907082, 35.596796865 ], [ 140.019651907, 35.652477829 ], [ 140.001943463, 35.665596135 ], [ 139.982761505000013, 35.681612946 ], [ 139.963249442, 35.681449703 ], [ 139.946743191, 35.680982225 ], [ 139.918281971, 35.655460532 ], [ 139.939445759, 35.640517396 ], [ 139.89756941600001, 35.616671991 ], [ 139.872582296, 35.625504721 ], [ 139.871460610000014, 35.638641721 ], [ 139.883494383999988, 35.64511864 ], [ 139.886070778, 35.671136414 ], [ 139.908645863, 35.685505559 ], [ 139.916210920999987, 35.708001387 ], [ 139.898654332, 35.723451135 ], [ 139.890443917, 35.750275865 ], [ 139.889982283, 35.750765027 ], [ 139.879461529999986, 35.767524468 ], [ 139.893778054, 35.782746387 ], [ 139.888514501, 35.830197973 ], [ 139.899209273999986, 35.866856505 ], [ 139.889919728, 35.892560946 ], [ 139.874755668, 35.912940081 ], [ 139.849291025000014, 35.938348414 ], [ 139.833331414000014, 35.968967027 ], [ 139.814259248000013, 35.997061225 ], [ 139.81536939, 36.036827505 ], [ 139.806949105, 36.043167775 ], [ 139.789511608, 36.061828865 ], [ 139.776217224, 36.090767414 ], [ 139.786775668, 36.104099892 ], [ 139.80378535700001, 36.086855135 ], [ 139.820170311, 36.05717936 ], [ 139.857083695999989, 36.029426613 ], [ 139.878244527, 36.007604973 ], [ 139.884163645, 35.988828081 ], [ 139.923662244000013, 35.97044364 ], [ 139.93403836600001, 35.968375306 ], [ 139.931655227, 35.950766694 ], [ 139.951899922, 35.935846946 ], [ 139.995202944, 35.909566586 ], [ 140.018860804000013, 35.910047613 ], [ 140.031106641, 35.900612306 ], [ 140.074325863000013, 35.876626892 ], [ 140.088130025999988, 35.884030198 ], [ 140.127141725, 35.870855892 ], [ 140.146469663, 35.845718135 ], [ 140.167779468, 35.845457027 ], [ 140.213645772, 35.862005081 ], [ 140.243617419, 35.855399838 ], [ 140.265689079, 35.869305667 ], [ 140.289363165, 35.871425946 ], [ 140.323052776, 35.866059306 ], [ 140.363715811, 35.899385667 ], [ 140.375885331, 35.902367892 ], [ 140.378961479, 35.903129838 ], [ 140.434802633, 35.911753748 ], [ 140.458438171000012, 35.926540225 ], [ 140.484540337, 35.909653171 ], [ 140.511244643, 35.958735414 ], [ 140.537351245, 35.938720333 ], [ 140.563160506, 35.928132225 ], [ 140.598861284, 35.903165802 ], [ 140.630686161, 35.859124198 ], [ 140.647833475999988, 35.855712505 ], [ 140.686836394000011, 35.847763838 ], [ 140.706575746, 35.836255414 ], [ 140.720702166, 35.813472613 ], [ 140.741666667, 35.785148721 ], [ 140.815351529999987, 35.741514505 ], [ 140.851974383999988, 35.744667072 ], [ 140.867935253000013, 35.731063279 ], [ 140.861594954999987, 35.695015874 ], [ 140.838039791999989, 35.710856829 ], [ 140.818961868, 35.713554973 ], [ 140.76097013, 35.698002766 ], [ 140.760982503, 35.697925784 ], [ 140.761004565, 35.69782055 ], [ 140.730754838, 35.690412613 ], [ 140.714559637, 35.700432505 ], [ 140.664603113, 35.691676838 ], [ 140.62498192000001, 35.672658514 ], [ 140.559441894, 35.627904982 ], [ 140.525624903, 35.602120279 ], [ 140.495513112999987, 35.576220108 ], [ 140.470090039000013, 35.547212802 ], [ 140.430481789999988, 35.498138748 ], [ 140.415920104, 35.471622685 ], [ 140.397032736999989, 35.418768333 ], [ 140.392338638000012, 35.383062811 ], [ 140.39765118, 35.330505505 ], [ 140.415041634, 35.305586811 ], [ 140.404675524999988, 35.286652532 ], [ 140.40486153, 35.237221225 ], [ 140.384776913, 35.192338829 ], [ 140.367823112999986, 35.17885064 ], [ 140.34913083, 35.180161054 ], [ 140.346771803, 35.176143757 ], [ 140.326529830999988, 35.149370279 ], [ 140.297215473, 35.150525919 ], [ 140.286393645, 35.134428306 ], [ 140.260384332, 35.138260387 ], [ 140.232513022, 35.115134802 ], [ 140.220062944, 35.116610721 ], [ 140.211805214, 35.114466477 ], [ 140.198233943, 35.122304387 ], [ 140.187368197000012, 35.126139865 ], [ 140.134424034, 35.121687054 ], [ 140.105172087999989, 35.101941108 ], [ 140.084634137, 35.073035865 ], [ 140.037676563, 35.052018856 ], [ 140.02800559, 35.046593919 ], [ 139.999579831, 35.029065441 ], [ 139.978795499, 35.008367072 ], [ 139.967104215, 34.98153145 ], [ 139.960770285, 34.963068018 ], [ 139.961391193, 34.941113991 ], [ 139.941595331, 34.924259459 ], [ 139.909165901, 34.907565162 ], [ 139.865205511999989, 34.906992 ], [ 139.843206834999989, 34.903542721 ], [ 139.824276731999987, 34.911212045 ], [ 139.824455824000012, 34.911249378 ], [ 139.824517393, 34.911262207 ], [ 139.82745022, 34.927250261 ], [ 139.807107691, 34.945778459 ], [ 139.779698481999986, 34.956113495 ], [ 139.761638353, 34.959402144 ], [ 139.765775564, 34.974782207 ] ], [ [ 140.318366304, 35.404738225 ], [ 140.326036278, 35.402866252 ], [ 140.323035745999988, 35.406925694 ], [ 140.318366304, 35.404738225 ] ], [ [ 139.856594747, 35.340033775 ], [ 139.856501724999987, 35.34229736 ], [ 139.853884773, 35.341013225 ], [ 139.856594747, 35.340033775 ] ], [ [ 139.858793113, 35.340274306 ], [ 139.858066446, 35.34016236 ], [ 139.858662802, 35.339540973 ], [ 139.858793113, 35.340274306 ] ], [ [ 140.257706835, 35.220587441 ], [ 140.256935499, 35.221165586 ], [ 140.256581167, 35.220842865 ], [ 140.257706835, 35.220587441 ] ], [ [ 140.262313580000011, 35.220448225 ], [ 140.262205499, 35.220931171 ], [ 140.261262437999989, 35.220846027 ], [ 140.262313580000011, 35.220448225 ] ], [ [ 140.2605293, 35.496930919 ], [ 140.261387108, 35.497031171 ], [ 140.261642672, 35.498225613 ], [ 140.2605293, 35.496930919 ] ], [ [ 140.259274864, 35.495688414 ], [ 140.260247367, 35.496356748 ], [ 140.259909585, 35.496734802 ], [ 140.259274864, 35.495688414 ] ], [ [ 139.999532361, 35.750585694 ], [ 139.985448444000014, 35.751457973 ], [ 139.992786693, 35.742399333 ], [ 139.999532361, 35.750585694 ] ], [ [ 139.97807869, 35.751633252 ], [ 139.982581219, 35.752562135 ], [ 139.977939274, 35.75366436 ], [ 139.97807869, 35.751633252 ] ], [ [ 139.995741673, 35.882386027 ], [ 139.997225837, 35.883575468 ], [ 139.996294721, 35.883931586 ], [ 139.995741673, 35.882386027 ] ], [ [ 140.325403774, 35.607219387 ], [ 140.324097134, 35.608956054 ], [ 140.324001284, 35.607519108 ], [ 140.325403774, 35.607219387 ] ], [ [ 140.275559195999989, 35.705286108 ], [ 140.277781167, 35.708189694 ], [ 140.274315304999988, 35.706369171 ], [ 140.275559195999989, 35.705286108 ] ], [ [ 140.24582192, 35.819767973 ], [ 140.247133307000013, 35.817945468 ], [ 140.248253606, 35.819471027 ], [ 140.24582192, 35.819767973 ] ], [ [ 140.367852309, 35.422870775 ], [ 140.36813844400001, 35.424542171 ], [ 140.366997613, 35.424341892 ], [ 140.367852309, 35.422870775 ] ], [ [ 140.328644643, 35.545966198 ], [ 140.324941051, 35.546011468 ], [ 140.325389637, 35.544089252 ], [ 140.328644643, 35.545966198 ] ], [ [ 140.302806978, 35.520618468 ], [ 140.303141971, 35.520993748 ], [ 140.302043645, 35.520894586 ], [ 140.302806978, 35.520618468 ] ], [ [ 140.27763489, 35.496067775 ], [ 140.276443217, 35.496666667 ], [ 140.275563217000013, 35.49580336 ], [ 140.27763489, 35.496067775 ] ], [ [ 140.324638054, 35.617471838 ], [ 140.322006109, 35.617434919 ], [ 140.321794721, 35.616168252 ], [ 140.324638054, 35.617471838 ] ], [ [ 140.325247717, 35.611435198 ], [ 140.328576641000012, 35.614077387 ], [ 140.324514695, 35.614461865 ], [ 140.322345499, 35.612656306 ], [ 140.325247717, 35.611435198 ] ], [ [ 140.326106329, 35.610312414 ], [ 140.328060752, 35.608711306 ], [ 140.330343554, 35.610840468 ], [ 140.326106329, 35.610312414 ] ], [ [ 140.38782144000001, 35.529734135 ], [ 140.390218417999989, 35.532263586 ], [ 140.383398755, 35.534366081 ], [ 140.38782144000001, 35.529734135 ] ], [ [ 140.391875887999987, 35.530585252 ], [ 140.392600584, 35.529996081 ], [ 140.393185616000011, 35.530534694 ], [ 140.391875887999987, 35.530585252 ] ], [ [ 140.33455061, 35.621170135 ], [ 140.33595144, 35.621417919 ], [ 140.334936719000012, 35.622145108 ], [ 140.33455061, 35.621170135 ] ], [ [ 140.337116978000012, 35.618520135 ], [ 140.338385577, 35.618481532 ], [ 140.337017522999986, 35.619071252 ], [ 140.337116978000012, 35.618520135 ] ], [ [ 140.517410558, 35.672134225 ], [ 140.518601413999988, 35.67344364 ], [ 140.516853333, 35.672508108 ], [ 140.517410558, 35.672134225 ] ], [ [ 140.327974643, 35.685893973 ], [ 140.328341024999986, 35.686572865 ], [ 140.327433528, 35.685862586 ], [ 140.327974643, 35.685893973 ] ], [ [ 140.656649195999989, 35.802256468 ], [ 140.655225058000013, 35.805772 ], [ 140.650974086, 35.796501748 ], [ 140.656649195999989, 35.802256468 ] ], [ [ 140.646041024999988, 35.798387613 ], [ 140.646654643, 35.798828441 ], [ 140.645827134, 35.798685946 ], [ 140.646041024999988, 35.798387613 ] ] ], [ [ [ 139.958528145, 35.673111333 ], [ 139.963694994, 35.672261577 ], [ 139.971993839, 35.670896721 ], [ 139.958528145, 35.673111333 ] ] ], [ [ [ 140.111730765, 35.570433261 ], [ 140.086101738, 35.569445739 ], [ 140.081590817, 35.588287829 ], [ 140.10296201, 35.587379829 ], [ 140.111730765, 35.570433261 ] ] ] ] } },
{ "type": "Feature", "properties": { "N03_001": "和歌山県" }, "geometry": { "type": "MultiPolygon", "coordinates": [ [ [ [ 135.235862503, 33.797867495 ], [ 135.215929792, 33.814051676 ], [ 135.199267107999987, 33.813142468 ], [ 135.18609153, 33.819505387 ], [ 135.152470195, 33.875537297 ], [ 135.141922438, 33.88481764 ], [ 135.110701440000014, 33.893113495 ], [ 135.080067496999987, 33.890955559 ], [ 135.058365006, 33.879535559 ], [ 135.057651115, 33.879876387 ], [ 135.076163372, 33.90306764 ], [ 135.083905279, 33.934881387 ], [ 135.100569922, 33.949577495 ], [ 135.102760376, 33.954378162 ], [ 135.102016316, 33.966823234 ], [ 135.100543022000011, 33.966353532 ], [ 135.095211893999988, 33.957741027 ], [ 135.075355188, 33.975638613 ], [ 135.134554681999987, 34.000024712 ], [ 135.170763528, 34.031800315 ], [ 135.162495473, 34.043748973 ], [ 135.146367457999986, 34.056109811 ], [ 135.143236667, 34.056995279 ], [ 135.138980182000012, 34.056957991 ], [ 135.137894695, 34.060783595 ], [ 135.136481128000014, 34.063764189 ], [ 135.133167938000014, 34.065362252 ], [ 135.104404514, 34.071260459 ], [ 135.087871543, 34.068649171 ], [ 135.107878418000013, 34.098265414 ], [ 135.112033540999988, 34.112947991 ], [ 135.114254527000014, 34.119132892 ], [ 135.143371193, 34.109707333 ], [ 135.144016083, 34.115905441 ], [ 135.130972996, 34.122159441 ], [ 135.135247613, 34.138695775 ], [ 135.169944358, 34.133256279 ], [ 135.200181504999989, 34.143619468 ], [ 135.184205408999986, 34.148425604 ], [ 135.19192403400001, 34.158894306 ], [ 135.18358, 34.159604802 ], [ 135.179974773, 34.186912973 ], [ 135.173640830000011, 34.188259225 ], [ 135.140730169, 34.192506027 ], [ 135.144849689000011, 34.214790865 ], [ 135.116286809, 34.24641436 ], [ 135.089367004, 34.260875892 ], [ 135.06106345, 34.264806279 ], [ 135.074287198, 34.280968108 ], [ 135.068101115, 34.290760495 ], [ 135.092826693, 34.312011802 ], [ 135.110173333, 34.273051946 ], [ 135.184539728, 34.278905279 ], [ 135.205238054, 34.288627225 ], [ 135.208043061000012, 34.308202495 ], [ 135.22500555100001, 34.300861387 ], [ 135.254236394, 34.315753333 ], [ 135.271041387999986, 34.312465829 ], [ 135.282552218, 34.317875559 ], [ 135.293373061000011, 34.299292775 ], [ 135.303967497, 34.313714721 ], [ 135.330408885, 34.316701946 ], [ 135.338894163, 34.334961667 ], [ 135.386779728, 34.329124721 ], [ 135.409221388, 34.341938054 ], [ 135.434290272, 34.348226387 ], [ 135.44415917, 34.347711946 ], [ 135.453127782, 34.349861108 ], [ 135.465705006, 34.347334721 ], [ 135.485376108999986, 34.362832495 ], [ 135.501745006, 34.350202225 ], [ 135.503495837, 34.336541387 ], [ 135.529150558, 34.351430559 ], [ 135.554439441999989, 34.359434721 ], [ 135.577120830000013, 34.376049441 ], [ 135.613265551000012, 34.376581108 ], [ 135.619911115, 34.384482495 ], [ 135.651128612, 34.383206387 ], [ 135.663525279, 34.355443892 ], [ 135.660326667, 34.326930829 ], [ 135.681182503, 34.271661946 ], [ 135.692469442, 34.278271946 ], [ 135.718446667, 34.263319721 ], [ 135.727475551, 34.220726667 ], [ 135.709623891, 34.208792775 ], [ 135.677693606, 34.223436108 ], [ 135.648078054, 34.218986387 ], [ 135.634482502999987, 34.204595 ], [ 135.64510639400001, 34.190674441 ], [ 135.60462834, 34.154307775 ], [ 135.590856108999986, 34.149001108 ], [ 135.578788339999988, 34.116370829 ], [ 135.546252218, 34.098010829 ], [ 135.548224449, 34.068143892 ], [ 135.551316667, 34.068420559 ], [ 135.580489728, 34.057910279 ], [ 135.599660272, 34.032019441 ], [ 135.591487782, 34.019370279 ], [ 135.625231115, 34.007360279 ], [ 135.636729728, 33.989869162 ], [ 135.636948053999987, 33.950546387 ], [ 135.618096394, 33.954605279 ], [ 135.606203061, 33.899118892 ], [ 135.622872218, 33.897958613 ], [ 135.617963722000013, 33.872063892 ], [ 135.647988054, 33.876897775 ], [ 135.660604449, 33.897565559 ], [ 135.685377781999989, 33.903719721 ], [ 135.72411, 33.903287775 ], [ 135.755938054000012, 33.885186946 ], [ 135.801823606, 33.895823054 ], [ 135.816319442, 33.905613892 ], [ 135.855289441999986, 33.887816667 ], [ 135.857921115000011, 33.873152775 ], [ 135.855856109, 33.820336387 ], [ 135.890913332999986, 33.801678333 ], [ 135.901398339999986, 33.780824441 ], [ 135.905675006, 33.768480279 ], [ 135.939933333, 33.738586946 ], [ 135.963523333000012, 33.724313892 ], [ 135.983275006000014, 33.736367495 ], [ 136.011889961, 33.72330073 ], [ 135.99216131, 33.699837414 ], [ 135.97312697800001, 33.670045414 ], [ 135.959307562, 33.653959667 ], [ 135.939021505, 33.645377694 ], [ 135.947846978, 33.632808468 ], [ 135.936552361, 33.617243721 ], [ 135.927850025999987, 33.609394108 ], [ 135.925050169, 33.608686559 ], [ 135.925086978, 33.607801829 ], [ 135.926136226000011, 33.604771135 ], [ 135.929254734000011, 33.599764279 ], [ 135.936163281, 33.59368964 ], [ 135.958042698000014, 33.581471694 ], [ 135.939798547, 33.578151595 ], [ 135.927589831, 33.57724636 ], [ 135.894632866, 33.558734252 ], [ 135.891814773, 33.555848027 ], [ 135.914125109999986, 33.563465162 ], [ 135.899213605999989, 33.546061207 ], [ 135.799653502000012, 33.500105892 ], [ 135.782289105, 33.470084865 ], [ 135.793087418999988, 33.452891775 ], [ 135.770989209, 33.447192144 ], [ 135.762365746, 33.434863667 ], [ 135.750403943, 33.448123721 ], [ 135.775431556, 33.460663748 ], [ 135.776517173, 33.463412441 ], [ 135.774942633, 33.478128748 ], [ 135.758596692999987, 33.484366225 ], [ 135.715185888, 33.485139252 ], [ 135.699467588, 33.493312667 ], [ 135.669968755000014, 33.491712694 ], [ 135.653841284, 33.500565667 ], [ 135.635520921, 33.506591414 ], [ 135.606454358, 33.509693252 ], [ 135.578268028999986, 33.507441387 ], [ 135.574774448999989, 33.515884973 ], [ 135.510234449, 33.526014721 ], [ 135.514252555000013, 33.531583586 ], [ 135.490833307, 33.549131973 ], [ 135.473949442, 33.550591946 ], [ 135.461113554, 33.547975874 ], [ 135.461052192000011, 33.547946541 ], [ 135.460990220000014, 33.547916036 ], [ 135.460978275, 33.547910126 ], [ 135.460599339, 33.547714928 ], [ 135.460447523, 33.547574604 ], [ 135.459955512, 33.547123396 ], [ 135.459794890000012, 33.546982766 ], [ 135.458822113999986, 33.546014207 ], [ 135.44386, 33.563215414 ], [ 135.389632827000014, 33.598980225 ], [ 135.396389053, 33.618259559 ], [ 135.39340511, 33.639981279 ], [ 135.38188917, 33.651137081 ], [ 135.35048083, 33.657123333 ], [ 135.329712724, 33.670245 ], [ 135.340801777, 33.676642685 ], [ 135.338192892, 33.693758586 ], [ 135.358983139, 33.680067946 ], [ 135.382506576, 33.691115631 ], [ 135.388200168999987, 33.695209279 ], [ 135.397324838, 33.712888694 ], [ 135.35736978, 33.739970802 ], [ 135.346230208, 33.746662892 ], [ 135.336265551, 33.745538333 ], [ 135.311941582, 33.769546775 ], [ 135.301034449000014, 33.766713054 ], [ 135.266053554, 33.782922793 ], [ 135.234698054, 33.781583613 ], [ 135.235862503, 33.797867495 ] ], [ [ 135.527211388000012, 34.320781946 ], [ 135.527907497, 34.319669162 ], [ 135.528680558, 34.321581387 ], [ 135.527211388000012, 34.320781946 ] ], [ [ 135.551878612, 34.276709721 ], [ 135.556159442, 34.290151667 ], [ 135.543926938999988, 34.281210829 ], [ 135.551878612, 34.276709721 ] ] ], [ [ [ 135.837105331, 33.476791946 ], [ 135.853402218000014, 33.466169775 ], [ 135.840454228, 33.460309946 ], [ 135.835244890000013, 33.454674252 ], [ 135.799832802, 33.469554748 ], [ 135.837105331, 33.476791946 ] ] ], [ [ [ 135.96176703, 33.606096279 ], [ 135.961772918, 33.606338414 ], [ 135.962006783, 33.606193919 ], [ 135.96176703, 33.606096279 ] ] ], [ [ [ 135.901313061, 33.885406387 ], [ 135.897633061, 33.869745829 ], [ 135.874832218, 33.861596387 ], [ 135.882688054, 33.878870829 ], [ 135.861094449, 33.887141946 ], [ 135.868938054000012, 33.914463054 ], [ 135.880760830000014, 33.909372225 ], [ 135.901313061, 33.885406387 ] ] ], [ [ [ 135.953982503, 33.980329441 ], [ 135.984614721000014, 33.991641108 ], [ 136.003606939, 34.009881387 ], [ 135.996241672999986, 34.002274162 ], [ 136.013330272, 33.969227225 ], [ 135.999157223999987, 33.955779721 ], [ 135.977606667, 33.966975829 ], [ 135.969764163, 33.930024441 ], [ 135.929544163, 33.941430559 ], [ 135.909083606, 33.918474441 ], [ 135.898434721, 33.926685559 ], [ 135.893617224, 33.949545559 ], [ 135.915674449, 33.972591946 ], [ 135.926563333, 33.981447495 ], [ 135.953982503, 33.980329441 ] ] ] ] } },
{ "type": "Feature", "properties": { "N03_001": "埼玉県" }, "geometry": { "type": "Polygon", "coordinates": [ [ [ 139.330365836999988, 35.793616865 ], [ 139.316106005, 35.818766 ], [ 139.302023838999986, 35.834272667 ], [ 139.271891894, 35.839688225 ], [ 139.232534890000011, 35.836636 ], [ 139.212649363999986, 35.846611279 ], [ 139.192441505, 35.840271532 ], [ 139.16353066100001, 35.850868171 ], [ 139.135360636, 35.865387 ], [ 139.100281919999986, 35.867188748 ], [ 139.049842088, 35.878832919 ], [ 139.023560441, 35.897358441 ], [ 139.000762802, 35.884000414 ], [ 138.978927782, 35.885010694 ], [ 138.954458495000011, 35.874910468 ], [ 138.943933410999989, 35.854818802 ], [ 138.910946083, 35.852727468 ], [ 138.892038495, 35.839845252 ], [ 138.862661479, 35.858761108 ], [ 138.845448690000012, 35.867390865 ], [ 138.813604864000013, 35.862367775 ], [ 138.791807522999989, 35.875975306 ], [ 138.789115058, 35.893241667 ], [ 138.729011284, 35.909220613 ], [ 138.739254332, 35.939108054 ], [ 138.711446861000013, 35.97128164 ], [ 138.712550052000012, 35.985333 ], [ 138.749184916, 36.016721838 ], [ 138.75441119300001, 36.034525973 ], [ 138.76914131, 36.038812613 ], [ 138.790975525, 36.029399802 ], [ 138.828394721, 36.037302532 ], [ 138.829111673, 36.041312505 ], [ 138.846037056, 36.066625 ], [ 138.897858781, 36.090654613 ], [ 138.931076329, 36.088119532 ], [ 138.956553359, 36.105702 ], [ 138.959618145, 36.123992306 ], [ 138.97649289200001, 36.117210586 ], [ 139.004853022, 36.133409532 ], [ 139.042404254, 36.128459532 ], [ 139.042722088, 36.14802736 ], [ 139.06056131, 36.152263225 ], [ 139.056385837, 36.180519667 ], [ 139.063322827, 36.195712198 ], [ 139.096514746999986, 36.238247838 ], [ 139.107711556, 36.261354225 ], [ 139.129663891, 36.283397559 ], [ 139.169470052, 36.274752838 ], [ 139.171367562, 36.273721721 ], [ 139.211602309, 36.256409505 ], [ 139.224004033999989, 36.258301694 ], [ 139.243748716, 36.244511135 ], [ 139.267010726, 36.242621973 ], [ 139.27264939, 36.249241414 ], [ 139.309256719, 36.237435135 ], [ 139.327880337000011, 36.239876387 ], [ 139.358232996, 36.253328 ], [ 139.382918833, 36.237869108 ], [ 139.416866328999987, 36.217958027 ], [ 139.444204643, 36.196789694 ], [ 139.474425006, 36.189457505 ], [ 139.493468444, 36.192166135 ], [ 139.495516783, 36.19257864 ], [ 139.535218612, 36.192942892 ], [ 139.587932218, 36.210342054 ], [ 139.609883606000011, 36.196808135 ], [ 139.651504306, 36.198374171 ], [ 139.664425473, 36.207060802 ], [ 139.687943839000013, 36.199681333 ], [ 139.690887912, 36.175255252 ], [ 139.703030895000012, 36.145101081 ], [ 139.710133917, 36.135944694 ], [ 139.727060505999987, 36.107539441 ], [ 139.731767327999989, 36.086517775 ], [ 139.765761024999989, 36.080427748 ], [ 139.776217224, 36.090767414 ], [ 139.789511608, 36.061828865 ], [ 139.806949105, 36.043167775 ], [ 139.81536939, 36.036827505 ], [ 139.814259248000013, 35.997061225 ], [ 139.833331414000014, 35.968967027 ], [ 139.849291025000014, 35.938348414 ], [ 139.874755668, 35.912940081 ], [ 139.889919728, 35.892560946 ], [ 139.899209273999986, 35.866856505 ], [ 139.888514501, 35.830197973 ], [ 139.893778054, 35.782746387 ], [ 139.87724939, 35.781166108 ], [ 139.876605031999986, 35.793827505 ], [ 139.85879917, 35.794438919 ], [ 139.846747756000013, 35.796506414 ], [ 139.820486304000013, 35.797539252 ], [ 139.821055616, 35.815077 ], [ 139.79400131, 35.805198414 ], [ 139.767614942, 35.817684 ], [ 139.751908469999989, 35.81093764 ], [ 139.760769248, 35.797410414 ], [ 139.738049079, 35.780220694 ], [ 139.733871634, 35.790047081 ], [ 139.69767192, 35.798444559 ], [ 139.696859689, 35.798904 ], [ 139.646301699, 35.797869252 ], [ 139.624713917, 35.779825694 ], [ 139.622992114, 35.766871865 ], [ 139.59864428, 35.769096306 ], [ 139.597200752, 35.778366 ], [ 139.594143527999989, 35.778703505 ], [ 139.562785837, 35.761595225 ], [ 139.544584358, 35.754760775 ], [ 139.547837523, 35.773980468 ], [ 139.516374916, 35.765573279 ], [ 139.542978949, 35.779807414 ], [ 139.541695227, 35.807306802 ], [ 139.529263722, 35.794128775 ], [ 139.496779105, 35.778700225 ], [ 139.440771946000012, 35.767002198 ], [ 139.404884915999986, 35.769159694 ], [ 139.391684553, 35.763354135 ], [ 139.379025668, 35.771196919 ], [ 139.3814793, 35.774270802 ], [ 139.369920558, 35.791727414 ], [ 139.330365836999988, 35.793616865 ] ], [ [ 139.540614501, 35.934818135 ], [ 139.547758392, 35.934202306 ], [ 139.543543139, 35.937769252 ], [ 139.540614501, 35.934818135 ] ], [ [ 139.420467795, 36.154325712 ], [ 139.420899326000011, 36.151653333 ], [ 139.422356589, 36.151562198 ], [ 139.420467795, 36.154325712 ] ], [ [ 139.424056952, 36.153446649 ], [ 139.424212088, 36.152466477 ], [ 139.424452114, 36.152654847 ], [ 139.424056952, 36.153446649 ] ], [ [ 139.421975331, 36.153118117 ], [ 139.421995875, 36.153376766 ], [ 139.421712762999988, 36.15313173 ], [ 139.421975331, 36.153118117 ] ], [ [ 139.424544643, 36.151556775 ], [ 139.425041427, 36.15146145 ], [ 139.425046433, 36.152346667 ], [ 139.424544643, 36.151556775 ] ], [ [ 139.427870921, 36.077840559 ], [ 139.429394838, 36.080635 ], [ 139.425719805, 36.077252775 ], [ 139.427870921, 36.077840559 ] ], [ [ 139.152550311, 36.196340865 ], [ 139.155104189000014, 36.196390027 ], [ 139.15187919600001, 36.198722802 ], [ 139.152550311, 36.196340865 ] ], [ [ 139.149285577, 36.198044198 ], [ 139.149628080000014, 36.195458919 ], [ 139.151534188999989, 36.196211694 ], [ 139.149285577, 36.198044198 ] ], [ [ 139.14801725, 36.19646336 ], [ 139.145374721, 36.19440364 ], [ 139.149206693, 36.195336973 ], [ 139.14801725, 36.19646336 ] ], [ [ 139.541023384999988, 35.935844532 ], [ 139.54064338500001, 35.938808387 ], [ 139.538621193000012, 35.940552279 ], [ 139.541023384999988, 35.935844532 ] ], [ [ 139.645834033999989, 36.033114505 ], [ 139.647416809, 36.034606441 ], [ 139.645066809000014, 36.034361721 ], [ 139.645834033999989, 36.033114505 ] ] ] } },
{ "type": "Feature", "properties": { "N03_001": "大分県" }, "geometry": { "type": "MultiPolygon", "coordinates": [ [ [ [ 131.436969870000013, 32.828626063 ], [ 131.421208807, 32.811916009 ], [ 131.400222698, 32.813488171 ], [ 131.363905227, 32.803358459 ], [ 131.348635344, 32.810682126 ], [ 131.347059209, 32.827972982 ], [ 131.329504877, 32.833013865 ], [ 131.310156485, 32.852833901 ], [ 131.29450559, 32.856996387 ], [ 131.263838197000013, 32.879396189 ], [ 131.253795914, 32.908651874 ], [ 131.246271193000013, 32.960761955 ], [ 131.263213813, 32.977151982 ], [ 131.247226887000011, 32.982438667 ], [ 131.247711154, 32.99523845 ], [ 131.228127276, 33.010370892 ], [ 131.215994527, 33.05106273 ], [ 131.196615097, 33.071055739 ], [ 131.193133982, 33.077648514 ], [ 131.17823572, 33.079164667 ], [ 131.173167834, 33.104639757 ], [ 131.166928807, 33.128738324 ], [ 131.147841349, 33.155029 ], [ 131.121173554, 33.167747865 ], [ 131.111177471, 33.183302288 ], [ 131.081996433, 33.188794658 ], [ 131.038846264999989, 33.194133775 ], [ 131.01656594, 33.177926829 ], [ 130.994243139, 33.183835144 ], [ 130.981933852, 33.15611582 ], [ 130.994048923, 33.119415928 ], [ 131.018288754999986, 33.094076072 ], [ 131.01071952, 33.069854883 ], [ 131.012942996, 33.044667775 ], [ 130.998204786, 33.028298405 ], [ 130.970273048, 33.023766036 ], [ 130.946820208, 33.05283736 ], [ 130.915851219, 33.053489378 ], [ 130.899282789000011, 33.064059216 ], [ 130.889733398, 33.083586288 ], [ 130.860815616, 33.095467865 ], [ 130.845744747, 33.092179162 ], [ 130.839822827, 33.104054477 ], [ 130.861647315, 33.117527829 ], [ 130.873422114, 33.149260216 ], [ 130.873527938, 33.167857604 ], [ 130.887456899999989, 33.186271351 ], [ 130.863677392999989, 33.193062063 ], [ 130.836489001, 33.21059991 ], [ 130.859586057, 33.229126396 ], [ 130.826261453, 33.236763252 ], [ 130.824851466000013, 33.253421712 ], [ 130.863905265999989, 33.261166991 ], [ 130.852074125, 33.277469667 ], [ 130.866348314, 33.292112126 ], [ 130.850601063999989, 33.336658991 ], [ 130.835347964, 33.343545946 ], [ 130.861799338999987, 33.362599937 ], [ 130.859719053, 33.37296218 ], [ 130.886413995, 33.379846946 ], [ 130.89169345, 33.429945108 ], [ 130.900280661000011, 33.449211577 ], [ 130.926285888, 33.457624532 ], [ 130.949887497, 33.487669162 ], [ 130.981523333000013, 33.507760829 ], [ 130.98995166, 33.509140559 ], [ 131.015157781999989, 33.509067495 ], [ 131.03573917, 33.519073054 ], [ 131.06765083, 33.509056387 ], [ 131.129725279000013, 33.501845 ], [ 131.175954448999988, 33.506558054 ], [ 131.166710558, 33.528712495 ], [ 131.18689917, 33.544038333 ], [ 131.190569728000014, 33.558025279 ], [ 131.172695837, 33.588423892 ], [ 131.185571634000013, 33.61684936 ], [ 131.204985305, 33.616919495 ], [ 131.213857977, 33.605151919 ], [ 131.238531607999988, 33.601158279 ], [ 131.257669027, 33.61262364 ], [ 131.255734747, 33.598952559 ], [ 131.278915253, 33.580830126 ], [ 131.323083165000014, 33.583153586 ], [ 131.340789883000014, 33.571049973 ], [ 131.358110337, 33.577247775 ], [ 131.420129442, 33.573548495 ], [ 131.428522451, 33.567936306 ], [ 131.423966471999989, 33.59189836 ], [ 131.462251751, 33.619191802 ], [ 131.46810033700001, 33.613531829 ], [ 131.503689468, 33.658096333 ], [ 131.49993358, 33.671306802 ], [ 131.52979022, 33.674114333 ], [ 131.544504695, 33.677332523 ], [ 131.562452218, 33.685674441 ], [ 131.575509883, 33.675066721 ], [ 131.581823061, 33.692058054 ], [ 131.61739651100001, 33.675405631 ], [ 131.635710272000011, 33.682270829 ], [ 131.651641077, 33.660594811 ], [ 131.661700272, 33.670431946 ], [ 131.684028418, 33.639618225 ], [ 131.693111777000013, 33.639975414 ], [ 131.701031388, 33.61388 ], [ 131.725388249, 33.588782532 ], [ 131.739840921, 33.557665802 ], [ 131.742385162, 33.536983829 ], [ 131.73234, 33.516648054 ], [ 131.730450415, 33.491720721 ], [ 131.734607587999989, 33.470611973 ], [ 131.71875166, 33.447984441 ], [ 131.709833605999989, 33.435422225 ], [ 131.701361946, 33.405951387 ], [ 131.672779170000013, 33.418201946 ], [ 131.634273799999988, 33.423727252 ], [ 131.627118911, 33.411013054 ], [ 131.645891115000012, 33.393370279 ], [ 131.644052503000012, 33.375333054 ], [ 131.617029222000014, 33.372100261 ], [ 131.598065408999986, 33.370097018 ], [ 131.596861479000012, 33.349776252 ], [ 131.549356187, 33.350464117 ], [ 131.538949377, 33.365462324 ], [ 131.498906991000013, 33.360311468 ], [ 131.496415966, 33.346352495 ], [ 131.495954604, 33.329802072 ], [ 131.502451699, 33.321500369 ], [ 131.505459753999986, 33.285787703 ], [ 131.51262323, 33.267487955 ], [ 131.517811128, 33.265351216 ], [ 131.545015940000013, 33.256781829 ], [ 131.589269533, 33.245649919 ], [ 131.614283839, 33.262085532 ], [ 131.680693502, 33.279173946 ], [ 131.705234306, 33.274575252 ], [ 131.751273528000013, 33.248292198 ], [ 131.766182437999987, 33.252277279 ], [ 131.807785446999986, 33.242375225 ], [ 131.83296144, 33.247498135 ], [ 131.857678223, 33.255485468 ], [ 131.892818638, 33.26726364 ], [ 131.902503645, 33.264726162 ], [ 131.871637471000014, 33.236054162 ], [ 131.864157497, 33.210846279 ], [ 131.849885435, 33.190997649 ], [ 131.849112322, 33.188259027 ], [ 131.839245681, 33.186511613 ], [ 131.832932477000014, 33.181279207 ], [ 131.821791115, 33.162154721 ], [ 131.821503580000012, 33.148632135 ], [ 131.800774448999988, 33.125801279 ], [ 131.845802295999988, 33.114961423 ], [ 131.861680726, 33.128028973 ], [ 131.876076667, 33.122480559 ], [ 131.883012826999988, 33.121871973 ], [ 131.910924449, 33.126561387 ], [ 131.895603606, 33.107200054 ], [ 131.884565084, 33.110635198 ], [ 131.876179339, 33.106109541 ], [ 131.861438716, 33.077393667 ], [ 131.90225118, 33.075353171 ], [ 131.929286446, 33.06738636 ], [ 131.96592773, 33.065373649 ], [ 131.988959169999987, 33.068353721 ], [ 131.986655279, 33.089024225 ], [ 132.002569442, 33.069923333 ], [ 131.977769830999989, 33.047358838 ], [ 131.932257029999988, 33.053380775 ], [ 131.920429222, 33.041381495 ], [ 131.919096005, 33.025512027 ], [ 131.898715694, 33.005595982 ], [ 131.897366913000013, 32.979989685 ], [ 131.937699844, 32.952426847 ], [ 131.946075837, 32.959943892 ], [ 131.959363502, 32.946400892 ], [ 131.975039248, 32.963748198 ], [ 131.971852633, 32.946529414 ], [ 132.001627574999986, 32.932925153 ], [ 132.034182101, 32.939841847 ], [ 132.030896109, 32.950061387 ], [ 132.06674668, 32.945092766 ], [ 132.030160558, 32.936575559 ], [ 131.976589987000011, 32.922317928 ], [ 131.98624834, 32.889414532 ], [ 132.00371166, 32.891521946 ], [ 131.986645278999987, 32.870284162 ], [ 131.97488153, 32.868007189 ], [ 131.963862776000013, 32.849875 ], [ 131.953499183, 32.855947622 ], [ 131.962775136, 32.818777613 ], [ 131.976018054, 32.841280559 ], [ 132.010567004, 32.83413036 ], [ 131.975007497, 32.807863892 ], [ 131.954590272, 32.808122225 ], [ 131.946831388, 32.805948054 ], [ 131.942426109, 32.788926667 ], [ 131.928823891, 32.786556667 ], [ 131.925366433, 32.801117712 ], [ 131.894838885000013, 32.788414162 ], [ 131.899584449, 32.802163333 ], [ 131.869453891, 32.776259721 ], [ 131.87384, 32.749165829 ], [ 131.883974642999988, 32.748335225 ], [ 131.885707223999987, 32.745868054 ], [ 131.884934721, 32.746960559 ], [ 131.84700917, 32.73593 ], [ 131.844335279, 32.776923054 ], [ 131.860078054000013, 32.806070559 ], [ 131.858796939, 32.821436667 ], [ 131.834499728, 32.819697775 ], [ 131.824503061, 32.829872225 ], [ 131.793900558, 32.821945279 ], [ 131.787272218, 32.833645 ], [ 131.765540558, 32.837124162 ], [ 131.735728054, 32.831101667 ], [ 131.727944721, 32.797372225 ], [ 131.712469728, 32.773542775 ], [ 131.668858612, 32.766593333 ], [ 131.625331945999989, 32.774518613 ], [ 131.590067782, 32.774126108 ], [ 131.568917223999989, 32.754163892 ], [ 131.536323606, 32.758858054 ], [ 131.508482218000012, 32.774242495 ], [ 131.517465550999987, 32.800804162 ], [ 131.493448885, 32.815846667 ], [ 131.475144785999987, 32.837227991 ], [ 131.436969870000013, 32.828626063 ] ] ], [ [ [ 131.910243476, 32.987943405 ], [ 131.924801271, 32.999995171 ], [ 131.919451984, 33.012465694 ], [ 131.943544721, 33.016061387 ], [ 131.927397445, 32.999609099 ], [ 131.944916667, 32.996432495 ], [ 131.926386380999986, 32.985627739 ], [ 131.910243476, 32.987943405 ] ] ], [ [ [ 131.665722386999988, 33.716826802 ], [ 131.646143061, 33.721671946 ], [ 131.667474721, 33.740213333 ], [ 131.690382088, 33.732366775 ], [ 131.665722386999988, 33.716826802 ] ] ] ] } },
{ "type": "Feature", "properties": { "N03_001": "大阪府" }, "geometry": { "type": "MultiPolygon", "coordinates": [ [ [ [ 135.139999274, 34.317735162 ], [ 135.176681777, 34.337858162 ], [ 135.193123878, 34.338131676 ], [ 135.215998754999987, 34.343950559 ], [ 135.230338755, 34.354847586 ], [ 135.250704227999989, 34.376963189 ], [ 135.279801297, 34.395392757 ], [ 135.288817977, 34.403623883 ], [ 135.293383799999987, 34.414051667 ], [ 135.322797056000013, 34.424400865 ], [ 135.329049909, 34.43432691 ], [ 135.359418003, 34.459799225 ], [ 135.370169274, 34.467753135 ], [ 135.377372114, 34.486511613 ], [ 135.370873042, 34.500399586 ], [ 135.37783, 34.507845 ], [ 135.367161388, 34.51704464 ], [ 135.378334825, 34.531893063 ], [ 135.3900893, 34.505483162 ], [ 135.410364332, 34.522912495 ], [ 135.418876174, 34.519482234 ], [ 135.437696757, 34.541060486 ], [ 135.444786031, 34.557220784 ], [ 135.43048725, 34.560769667 ], [ 135.41053904, 34.560747315 ], [ 135.402066005, 34.599672559 ], [ 135.415762476999987, 34.593728667 ], [ 135.420817108, 34.569679054 ], [ 135.426189883, 34.589623694 ], [ 135.453330505999986, 34.566489748 ], [ 135.450094033999989, 34.58341436 ], [ 135.465819027, 34.582914414 ], [ 135.425549364, 34.593344775 ], [ 135.423542114000014, 34.60491736 ], [ 135.446565837, 34.601861162 ], [ 135.437554682000012, 34.608170757 ], [ 135.448501868, 34.626465802 ], [ 135.453574253999989, 34.629224559 ], [ 135.450412075, 34.645918279 ], [ 135.426305318, 34.655744919 ], [ 135.414360246, 34.652059748 ], [ 135.420364955, 34.682847234 ], [ 135.407294021000013, 34.697096135 ], [ 135.445812776, 34.718086387 ], [ 135.445556109, 34.729081946 ], [ 135.460295006, 34.733135559 ], [ 135.455879728000014, 34.760491387 ], [ 135.444696666999988, 34.768529162 ], [ 135.441143333000014, 34.791888333 ], [ 135.423740272, 34.802053333 ], [ 135.415990558, 34.817692775 ], [ 135.424228612, 34.83822 ], [ 135.416878340000011, 34.852224721 ], [ 135.43135834, 34.856415279 ], [ 135.43748917, 34.877124721 ], [ 135.445131946, 34.895440559 ], [ 135.419100272, 34.909753333 ], [ 135.439302776, 34.920504441 ], [ 135.463596109, 34.918305559 ], [ 135.467094449, 34.928765559 ], [ 135.44159250300001, 34.939379162 ], [ 135.418484721, 34.933894441 ], [ 135.392351946, 34.941365829 ], [ 135.381885837, 34.956229721 ], [ 135.360725279, 34.954421946 ], [ 135.345068612, 34.966846108 ], [ 135.352562776000013, 34.990388892 ], [ 135.35471917000001, 35.024611387 ], [ 135.339802776, 35.025877225 ], [ 135.333579727999989, 35.035158054 ], [ 135.349484448999988, 35.050869171 ], [ 135.371245550999987, 35.045288892 ], [ 135.382072776, 35.030898054 ], [ 135.38155083, 35.010375279 ], [ 135.409767224, 35.011525559 ], [ 135.481885551, 34.995145559 ], [ 135.488455550999987, 34.966571667 ], [ 135.484626109, 34.947409441 ], [ 135.514593606, 34.944119721 ], [ 135.525376666999989, 34.928801667 ], [ 135.54106027200001, 34.915309721 ], [ 135.57311639400001, 34.916830829 ], [ 135.581053333, 34.937035829 ], [ 135.564683890999987, 34.933024162 ], [ 135.563131387999988, 34.953663892 ], [ 135.578577782, 34.955885 ], [ 135.570926667, 34.969788333 ], [ 135.613263606, 34.971195279 ], [ 135.618792503, 34.958816387 ], [ 135.599321673, 34.928291667 ], [ 135.628108340000011, 34.933733333 ], [ 135.643159728, 34.929713613 ], [ 135.648502218, 34.909547495 ], [ 135.667103333, 34.904225829 ], [ 135.682694449, 34.887842225 ], [ 135.679922218, 34.881341387 ], [ 135.694914449, 34.848282225 ], [ 135.705303606, 34.850990279 ], [ 135.718697808, 34.831820748 ], [ 135.723274721, 34.826234162 ], [ 135.73108, 34.822663613 ], [ 135.746024721, 34.803642495 ], [ 135.728634721, 34.777998054 ], [ 135.711968885, 34.781331946 ], [ 135.710295837, 34.754288892 ], [ 135.696827782000014, 34.743882225 ], [ 135.704018612, 34.723616667 ], [ 135.673081946, 34.701771387 ], [ 135.673135551, 34.700080559 ], [ 135.678704721, 34.677759441 ], [ 135.671104163, 34.661557495 ], [ 135.664287224, 34.643275829 ], [ 135.658765550999988, 34.614732495 ], [ 135.651792503, 34.60681 ], [ 135.671097497, 34.603746387 ], [ 135.681758885, 34.584778333 ], [ 135.673080272, 34.570731108 ], [ 135.656922775999988, 34.562279721 ], [ 135.653186667, 34.54699 ], [ 135.660142775999986, 34.541070829 ], [ 135.66749834, 34.530862225 ], [ 135.675316667, 34.505735 ], [ 135.684718885, 34.485296946 ], [ 135.682167497, 34.465245279 ], [ 135.68216888500001, 34.464866387 ], [ 135.686978054, 34.451460829 ], [ 135.664292503000013, 34.423107225 ], [ 135.680003333, 34.408325 ], [ 135.663381945999987, 34.396541387 ], [ 135.651128612, 34.383206387 ], [ 135.619911115, 34.384482495 ], [ 135.613265551000012, 34.376581108 ], [ 135.577120830000013, 34.376049441 ], [ 135.554439441999989, 34.359434721 ], [ 135.529150558, 34.351430559 ], [ 135.503495837, 34.336541387 ], [ 135.501745006, 34.350202225 ], [ 135.485376108999986, 34.362832495 ], [ 135.465705006, 34.347334721 ], [ 135.453127782, 34.349861108 ], [ 135.44415917, 34.347711946 ], [ 135.434290272, 34.348226387 ], [ 135.409221388, 34.341938054 ], [ 135.386779728, 34.329124721 ], [ 135.338894163, 34.334961667 ], [ 135.330408885, 34.316701946 ], [ 135.303967497, 34.313714721 ], [ 135.293373061000011, 34.299292775 ], [ 135.282552218, 34.317875559 ], [ 135.271041387999986, 34.312465829 ], [ 135.254236394, 34.315753333 ], [ 135.22500555100001, 34.300861387 ], [ 135.208043061000012, 34.308202495 ], [ 135.205238054, 34.288627225 ], [ 135.184539728, 34.278905279 ], [ 135.110173333, 34.273051946 ], [ 135.092826693, 34.312011802 ], [ 135.130556589, 34.326173694 ], [ 135.139999274, 34.317735162 ] ], [ [ 135.364864851, 34.408485306 ], [ 135.365049507, 34.408361532 ], [ 135.365354137, 34.408897613 ], [ 135.364864851, 34.408485306 ] ], [ [ 135.376700272, 34.397866667 ], [ 135.37482055800001, 34.402834721 ], [ 135.374981115, 34.399530559 ], [ 135.376700272, 34.397866667 ] ], [ [ 135.430332387, 34.510156252 ], [ 135.43171722400001, 34.511348333 ], [ 135.431092503, 34.511806667 ], [ 135.430332387, 34.510156252 ] ], [ [ 135.447085058, 34.80976236 ], [ 135.448554137, 34.809791802 ], [ 135.449211388, 34.810961667 ], [ 135.447085058, 34.80976236 ] ], [ [ 135.555505032000013, 34.755659 ], [ 135.553819364, 34.756008162 ], [ 135.554157976999988, 34.755553865 ], [ 135.555505032000013, 34.755659 ] ], [ [ 135.543511115, 34.806527775 ], [ 135.546752503, 34.806387495 ], [ 135.545857717, 34.807775667 ], [ 135.543511115, 34.806527775 ] ], [ [ 135.634225279, 34.466688333 ], [ 135.633815006, 34.466825559 ], [ 135.633821946000012, 34.464815279 ], [ 135.634225279, 34.466688333 ] ], [ [ 135.640353891, 34.459613054 ], [ 135.640778885, 34.461306946 ], [ 135.639698885, 34.461706667 ], [ 135.640353891, 34.459613054 ] ], [ [ 135.580502776, 34.534884162 ], [ 135.580149442, 34.538251667 ], [ 135.57937834, 34.535283892 ], [ 135.580502776, 34.534884162 ] ], [ [ 135.629483606, 34.733992225 ], [ 135.626229169999988, 34.734093892 ], [ 135.629425006, 34.733585829 ], [ 135.629483606, 34.733992225 ] ], [ [ 135.662181673, 34.752343054 ], [ 135.661423332999988, 34.752697495 ], [ 135.660993606, 34.752045279 ], [ 135.662181673, 34.752343054 ] ], [ [ 135.662552776000012, 34.751116946 ], [ 135.662367224, 34.751629162 ], [ 135.66199083, 34.751291946 ], [ 135.662552776000012, 34.751116946 ] ] ], [ [ [ 135.254213878, 34.45114018 ], [ 135.239919558999986, 34.438503279 ], [ 135.241604241, 34.43730009 ], [ 135.251999909, 34.429854829 ], [ 135.240340038999989, 34.422894784 ], [ 135.230462477, 34.429829225 ], [ 135.2288907, 34.430925721 ], [ 135.206170947, 34.423106721 ], [ 135.218048833000012, 34.438495865 ], [ 135.229325162, 34.446049306 ], [ 135.254213878, 34.45114018 ] ] ], [ [ [ 135.347207755999989, 34.458686027 ], [ 135.328072802, 34.449794225 ], [ 135.340786719, 34.466929162 ], [ 135.347207755999989, 34.458686027 ] ] ], [ [ [ 135.426247523, 34.547090459 ], [ 135.436363502, 34.542583162 ], [ 135.421468586, 34.524814 ], [ 135.399165863, 34.536489559 ], [ 135.405261907000011, 34.547233937 ], [ 135.412199351, 34.543534234 ], [ 135.426247523, 34.547090459 ] ] ], [ [ [ 135.441862088, 34.628395694 ], [ 135.422159922, 34.621906829 ], [ 135.398503217000012, 34.631338108 ], [ 135.416465759, 34.644815279 ], [ 135.43930046700001, 34.641212802 ], [ 135.441862088, 34.628395694 ] ] ], [ [ [ 135.40452345, 34.653718135 ], [ 135.378938911, 34.643189198 ], [ 135.379380272, 34.660123613 ], [ 135.40452345, 34.653718135 ] ] ] ] } },
{ "type": "Feature", "properties": { "N03_001": "奈良県" }, "geometry": { "type": "Polygon", "coordinates": [ [ [ 135.893617224, 33.949545559 ], [ 135.898434721, 33.926685559 ], [ 135.909083606, 33.918474441 ], [ 135.880760830000014, 33.909372225 ], [ 135.868938054000012, 33.914463054 ], [ 135.861094449, 33.887141946 ], [ 135.882688054, 33.878870829 ], [ 135.874832218, 33.861596387 ], [ 135.857921115000011, 33.873152775 ], [ 135.855289441999986, 33.887816667 ], [ 135.816319442, 33.905613892 ], [ 135.801823606, 33.895823054 ], [ 135.755938054000012, 33.885186946 ], [ 135.72411, 33.903287775 ], [ 135.685377781999989, 33.903719721 ], [ 135.660604449, 33.897565559 ], [ 135.647988054, 33.876897775 ], [ 135.617963722000013, 33.872063892 ], [ 135.622872218, 33.897958613 ], [ 135.606203061, 33.899118892 ], [ 135.618096394, 33.954605279 ], [ 135.636948053999987, 33.950546387 ], [ 135.636729728, 33.989869162 ], [ 135.625231115, 34.007360279 ], [ 135.591487782, 34.019370279 ], [ 135.599660272, 34.032019441 ], [ 135.580489728, 34.057910279 ], [ 135.551316667, 34.068420559 ], [ 135.548224449, 34.068143892 ], [ 135.546252218, 34.098010829 ], [ 135.578788339999988, 34.116370829 ], [ 135.590856108999986, 34.149001108 ], [ 135.60462834, 34.154307775 ], [ 135.64510639400001, 34.190674441 ], [ 135.634482502999987, 34.204595 ], [ 135.648078054, 34.218986387 ], [ 135.677693606, 34.223436108 ], [ 135.709623891, 34.208792775 ], [ 135.727475551, 34.220726667 ], [ 135.718446667, 34.263319721 ], [ 135.692469442, 34.278271946 ], [ 135.681182503, 34.271661946 ], [ 135.660326667, 34.326930829 ], [ 135.663525279, 34.355443892 ], [ 135.651128612, 34.383206387 ], [ 135.663381945999987, 34.396541387 ], [ 135.680003333, 34.408325 ], [ 135.664292503000013, 34.423107225 ], [ 135.686978054, 34.451460829 ], [ 135.68216888500001, 34.464866387 ], [ 135.682167497, 34.465245279 ], [ 135.684718885, 34.485296946 ], [ 135.675316667, 34.505735 ], [ 135.66749834, 34.530862225 ], [ 135.660142775999986, 34.541070829 ], [ 135.653186667, 34.54699 ], [ 135.656922775999988, 34.562279721 ], [ 135.673080272, 34.570731108 ], [ 135.681758885, 34.584778333 ], [ 135.671097497, 34.603746387 ], [ 135.651792503, 34.60681 ], [ 135.658765550999988, 34.614732495 ], [ 135.664287224, 34.643275829 ], [ 135.671104163, 34.661557495 ], [ 135.678704721, 34.677759441 ], [ 135.673135551, 34.700080559 ], [ 135.673081946, 34.701771387 ], [ 135.704018612, 34.723616667 ], [ 135.696827782000014, 34.743882225 ], [ 135.710295837, 34.754288892 ], [ 135.711968885, 34.781331946 ], [ 135.728634721, 34.777998054 ], [ 135.736707782, 34.751809721 ], [ 135.755513606, 34.727531946 ], [ 135.778130272, 34.723170559 ], [ 135.791959442, 34.724733333 ], [ 135.819785837000012, 34.711694441 ], [ 135.863309442, 34.706240829 ], [ 135.890171114999987, 34.709438892 ], [ 135.897386394, 34.730871946 ], [ 135.922068884999987, 34.754756108 ], [ 135.923923061000011, 34.741446387 ], [ 135.942895837, 34.737491946 ], [ 135.954924449, 34.748285279 ], [ 135.969754163, 34.740524162 ], [ 135.983798885, 34.734232495 ], [ 135.986161673, 34.715306946 ], [ 136.004937782000013, 34.717314162 ], [ 136.028764720999988, 34.706313613 ], [ 136.041866938999988, 34.734275559 ], [ 136.05547639400001, 34.738555559 ], [ 136.071065837, 34.714676667 ], [ 136.054855279, 34.702922495 ], [ 136.075083060999987, 34.697701108 ], [ 136.08574027200001, 34.676435 ], [ 136.064514721, 34.651965 ], [ 136.073576939, 34.634094162 ], [ 136.062466938999989, 34.619957775 ], [ 136.04656834, 34.600557495 ], [ 136.046522775999989, 34.585216667 ], [ 136.060311388, 34.569417775 ], [ 136.106996394, 34.556308054 ], [ 136.113631672999986, 34.546446108 ], [ 136.155498612, 34.559730559 ], [ 136.161688340000012, 34.548297225 ], [ 136.171773890999987, 34.534819162 ], [ 136.167403060999987, 34.520165279 ], [ 136.21662917, 34.527975279 ], [ 136.21466722400001, 34.501311946 ], [ 136.229036109, 34.494722225 ], [ 136.215559727999988, 34.481153054 ], [ 136.206247782, 34.448677495 ], [ 136.158235551, 34.449006387 ], [ 136.095898054, 34.435221667 ], [ 136.09026500600001, 34.416042495 ], [ 136.069593061, 34.388901667 ], [ 136.086091673, 34.379624721 ], [ 136.090806109, 34.362546387 ], [ 136.102362776, 34.336048333 ], [ 136.129505279, 34.316174441 ], [ 136.094903606, 34.301451108 ], [ 136.097829442, 34.288821946 ], [ 136.131849442, 34.251896387 ], [ 136.10965027200001, 34.224221387 ], [ 136.115308054, 34.210374721 ], [ 136.093449442, 34.195698054 ], [ 136.108864721, 34.185137775 ], [ 136.112044721, 34.167557775 ], [ 136.101949170000012, 34.141329441 ], [ 136.104505006000011, 34.114157775 ], [ 136.102272503, 34.096249721 ], [ 136.118648611999987, 34.082316946 ], [ 136.09775, 34.086743892 ], [ 136.092077224, 34.048568613 ], [ 136.10106221800001, 34.025762775 ], [ 136.055621673, 34.035199441 ], [ 136.022982776, 34.036521946 ], [ 136.003606939, 34.009881387 ], [ 135.984614721000014, 33.991641108 ], [ 135.953982503, 33.980329441 ], [ 135.926563333, 33.981447495 ], [ 135.915674449, 33.972591946 ], [ 135.893617224, 33.949545559 ] ], [ [ 135.738914163, 34.560078054 ], [ 135.739228054, 34.557972495 ], [ 135.74274917, 34.561766108 ], [ 135.738914163, 34.560078054 ] ] ] } },
{ "type": "Feature", "properties": { "N03_001": "宮城県" }, "geometry": { "type": "MultiPolygon", "coordinates": [ [ [ [ 140.85171680900001, 37.795308054 ], [ 140.810754163000013, 37.79562436 ], [ 140.77498153, 37.806311414 ], [ 140.765306226, 37.798534027 ], [ 140.803190726, 37.779901135 ], [ 140.795529053, 37.773548171 ], [ 140.745679247999988, 37.788300081 ], [ 140.726969831, 37.781479171 ], [ 140.711524501000014, 37.800662135 ], [ 140.694373332999987, 37.803264973 ], [ 140.679504838000014, 37.836851946 ], [ 140.692851413999989, 37.857047505 ], [ 140.682761362, 37.874071 ], [ 140.690080532, 37.888213027 ], [ 140.660004384, 37.90088436 ], [ 140.627342283, 37.899073279 ], [ 140.618622724, 37.912515802 ], [ 140.598409248, 37.907640694 ], [ 140.566379248, 37.922790892 ], [ 140.563029105, 37.91143536 ], [ 140.487883256, 37.899850775 ], [ 140.484176498000011, 37.901527198 ], [ 140.469530973, 37.917868667 ], [ 140.47487983100001, 37.946782225 ], [ 140.434087004, 37.95379964 ], [ 140.398569831, 37.974420694 ], [ 140.385629779999988, 37.953719946 ], [ 140.355149364, 37.957852838 ], [ 140.348590895, 37.950157279 ], [ 140.280002581, 37.976644414 ], [ 140.276878755000013, 37.99417936 ], [ 140.289544527, 38.007095468 ], [ 140.27606834, 38.028719441 ], [ 140.277090363000013, 38.056160667 ], [ 140.314999559, 38.058391586 ], [ 140.344597523, 38.053373613 ], [ 140.37498083, 38.057439171 ], [ 140.380383696, 38.069907559 ], [ 140.403445667999989, 38.070724387 ], [ 140.421311997, 38.088453505 ], [ 140.417405888, 38.102919387 ], [ 140.43104061, 38.126857054 ], [ 140.445685253, 38.129854775 ], [ 140.445911725, 38.143604865 ], [ 140.467658197, 38.156975838 ], [ 140.4801507, 38.182135027 ], [ 140.467338366, 38.233140532 ], [ 140.472533217, 38.252230414 ], [ 140.473006304, 38.271819198 ], [ 140.496948339999989, 38.283143505 ], [ 140.49259358, 38.302687586 ], [ 140.504312387, 38.314144973 ], [ 140.520283476, 38.309515198 ], [ 140.530660947, 38.325204225 ], [ 140.521668054, 38.349667171 ], [ 140.563237198, 38.377195414 ], [ 140.578226083, 38.39295664 ], [ 140.572038911, 38.415159613 ], [ 140.586151855, 38.440528865 ], [ 140.597764617, 38.436528838 ], [ 140.619679053, 38.454691973 ], [ 140.620039637, 38.455198333 ], [ 140.608210219999989, 38.458402559 ], [ 140.59765131, 38.487369171 ], [ 140.573688638, 38.494911225 ], [ 140.563461167000014, 38.510640667 ], [ 140.571955694, 38.525638081 ], [ 140.555738716, 38.529954559 ], [ 140.568617639, 38.562486081 ], [ 140.578643307, 38.568071306 ], [ 140.569734669000013, 38.594065775 ], [ 140.537640026, 38.633839532 ], [ 140.546533087, 38.649680838 ], [ 140.589941025, 38.633818135 ], [ 140.620762529, 38.676139027 ], [ 140.623986329, 38.691438135 ], [ 140.60700214, 38.703300108 ], [ 140.607038949000014, 38.721313108 ], [ 140.620889883, 38.731548559 ], [ 140.646462361, 38.769516306 ], [ 140.603526161, 38.783705198 ], [ 140.595740025999987, 38.802194414 ], [ 140.598548443999988, 38.825964667 ], [ 140.590728249, 38.836044198 ], [ 140.55913131, 38.847250946 ], [ 140.541322283, 38.861309387 ], [ 140.547116446, 38.889207802 ], [ 140.561985772000014, 38.87301336 ], [ 140.590501505, 38.889162667 ], [ 140.615641505000013, 38.893695667 ], [ 140.640340310999989, 38.883900694 ], [ 140.671114721, 38.897130802 ], [ 140.685648003000011, 38.917604748 ], [ 140.707388301, 38.920355613 ], [ 140.73209214, 38.949266468 ], [ 140.755625447, 38.958207946 ], [ 140.773590168999988, 38.958084468 ], [ 140.824058106, 38.964119838 ], [ 140.840693112999986, 38.950575505 ], [ 140.885431089, 38.927031171 ], [ 140.910374189, 38.92744436 ], [ 140.95449725, 38.909831054 ], [ 140.989813113, 38.874317505 ], [ 141.02156697800001, 38.886131027 ], [ 141.043506329, 38.876565225 ], [ 141.07477214, 38.879465973 ], [ 141.093349416, 38.887861027 ], [ 141.107983411, 38.87765836 ], [ 141.139479689000012, 38.877488532 ], [ 141.14678269800001, 38.856266775 ], [ 141.120940661, 38.835096252 ], [ 141.104823696000011, 38.837347252 ], [ 141.104949027, 38.822687838 ], [ 141.139920362999987, 38.814302721 ], [ 141.138579585, 38.790812694 ], [ 141.157302140000013, 38.782625423 ], [ 141.18097099900001, 38.784525667 ], [ 141.20606131, 38.76948436 ], [ 141.215838612, 38.748470559 ], [ 141.254756329, 38.759678838 ], [ 141.27331869, 38.797038252 ], [ 141.304549754, 38.79346036 ], [ 141.308962503, 38.822163892 ], [ 141.33466144, 38.806908613 ], [ 141.349626744, 38.812294279 ], [ 141.393812672, 38.799839865 ], [ 141.414863995, 38.786202081 ], [ 141.410132477, 38.76781436 ], [ 141.437932283, 38.782239279 ], [ 141.437348029, 38.812839892 ], [ 141.459091362, 38.815241306 ], [ 141.449834864, 38.837389802 ], [ 141.463890584000012, 38.853011081 ], [ 141.450693139, 38.875143532 ], [ 141.466187198, 38.893662865 ], [ 141.489088833000011, 38.907033748 ], [ 141.490456031, 38.943164748 ], [ 141.483533969, 38.978166694 ], [ 141.492381970999986, 38.998959721 ], [ 141.51787847, 39.001657973 ], [ 141.523134228, 38.991345892 ], [ 141.566994332, 38.995983279 ], [ 141.574538366000013, 38.987292532 ], [ 141.605045252999986, 38.985135775 ], [ 141.631722659, 38.970704297 ], [ 141.631347717000011, 38.954258667 ], [ 141.642659001, 38.9336 ], [ 141.634264514, 38.930159703 ], [ 141.674635005999988, 38.858171694 ], [ 141.657707497, 38.866615252 ], [ 141.632961751000011, 38.902308667 ], [ 141.60450577200001, 38.879979532 ], [ 141.586758833, 38.909357468 ], [ 141.579135058, 38.906240784 ], [ 141.591673113000013, 38.879325144 ], [ 141.583409636999988, 38.848487595 ], [ 141.591293592999989, 38.822944135 ], [ 141.577363593, 38.823376649 ], [ 141.520414021, 38.788462 ], [ 141.514446432999989, 38.765130838 ], [ 141.530228612, 38.748573703 ], [ 141.537388897999989, 38.739762342 ], [ 141.548159817999988, 38.73334227 ], [ 141.560506913000012, 38.737571568 ], [ 141.548698261999988, 38.711616018 ], [ 141.525767056, 38.717170072 ], [ 141.522095888, 38.715174829 ], [ 141.517271400999988, 38.698143144 ], [ 141.490061024999989, 38.689595532 ], [ 141.493033139, 38.676204838 ], [ 141.476017121000012, 38.679835712 ], [ 141.444255992, 38.673536541 ], [ 141.441171647, 38.646451541 ], [ 141.458074189, 38.639447748 ], [ 141.48192415, 38.64258618 ], [ 141.50651323, 38.636981198 ], [ 141.523837859999986, 38.635965532 ], [ 141.528464682, 38.630269144 ], [ 141.527736965, 38.630359712 ], [ 141.524254163, 38.610752865 ], [ 141.500861323, 38.602771 ], [ 141.504018275, 38.595521468 ], [ 141.458567626, 38.57846527 ], [ 141.462870208, 38.561340279 ], [ 141.493091997, 38.533250225 ], [ 141.506410894999988, 38.533241171 ], [ 141.534484811999988, 38.545451027 ], [ 141.530206861000011, 38.536318892 ], [ 141.530228638000011, 38.53288264 ], [ 141.531410064999989, 38.53175855 ], [ 141.541647082, 38.525099802 ], [ 141.534086446, 38.509603171 ], [ 141.533921025000012, 38.508871333 ], [ 141.533885772, 38.490475333 ], [ 141.512397121, 38.513434919 ], [ 141.498198171000013, 38.511278505 ], [ 141.469544968, 38.521095333 ], [ 141.485768366, 38.509901333 ], [ 141.492271803, 38.485168919 ], [ 141.496028314, 38.480049 ], [ 141.497221712, 38.479926081 ], [ 141.497351141, 38.479866685 ], [ 141.481266719, 38.470381306 ], [ 141.475729377, 38.466385441 ], [ 141.497923410999988, 38.448691324 ], [ 141.479301232000012, 38.440354495 ], [ 141.460538807, 38.44487373 ], [ 141.45462118, 38.441211495 ], [ 141.469638846, 38.394297396 ], [ 141.490910104, 38.405810829 ], [ 141.506178846000012, 38.397577189 ], [ 141.481324293, 38.375495928 ], [ 141.485891958, 38.369048153 ], [ 141.490996472, 38.367441018 ], [ 141.503759753999987, 38.370715658 ], [ 141.524414073, 38.347436919 ], [ 141.524646018, 38.325460784 ], [ 141.540081829, 38.303856135 ], [ 141.530482283, 38.301153946 ], [ 141.528488859, 38.299520171 ], [ 141.525619637, 38.295932865 ], [ 141.522983281, 38.274470748 ], [ 141.497179935, 38.304501027 ], [ 141.468056628, 38.315400405 ], [ 141.474098249, 38.329293279 ], [ 141.462198949, 38.351251523 ], [ 141.447261051, 38.352882667 ], [ 141.416362412000012, 38.347401027 ], [ 141.4285193, 38.362717973 ], [ 141.458562892, 38.372833432 ], [ 141.458932710999989, 38.374194144 ], [ 141.438758003, 38.379811811 ], [ 141.432938533999987, 38.395060766 ], [ 141.43008821, 38.398881054 ], [ 141.415757665, 38.391735198 ], [ 141.408395331, 38.404004252 ], [ 141.390331556, 38.386139081 ], [ 141.366553307, 38.386095694 ], [ 141.370307938, 38.40012264 ], [ 141.369056057, 38.407451775 ], [ 141.356575188, 38.414160622 ], [ 141.29289308700001, 38.413738495 ], [ 141.294769611, 38.400133613 ], [ 141.274053865000013, 38.409207892 ], [ 141.285704241, 38.416213712 ], [ 141.285328171, 38.419428486 ], [ 141.266602555, 38.419386694 ], [ 141.266532503, 38.407979739 ], [ 141.248340065, 38.405670234 ], [ 141.201459363999987, 38.389358559 ], [ 141.162841025, 38.367411081 ], [ 141.132221505, 38.36018382 ], [ 141.137777185, 38.371620649 ], [ 141.126392153000012, 38.379933532 ], [ 141.107157237, 38.386202315 ], [ 141.07435808, 38.377863351 ], [ 141.061977821, 38.369393261 ], [ 141.059430156, 38.350574351 ], [ 141.044284553000011, 38.349465153 ], [ 141.037943878, 38.343898063 ], [ 141.036490856, 38.339645595 ], [ 141.052176239, 38.33180491 ], [ 141.024970156, 38.320179486 ], [ 141.045564086000013, 38.31863518 ], [ 141.035914397, 38.307018342 ], [ 141.076396523999989, 38.319574153 ], [ 141.08738821, 38.298918468 ], [ 141.073808586000013, 38.295150577 ], [ 141.043462879, 38.276814495 ], [ 141.032196589, 38.280369919 ], [ 141.031313178, 38.280708523 ], [ 141.031127743000013, 38.28091036 ], [ 141.031785746, 38.281715748 ], [ 141.030948274999986, 38.282014423 ], [ 141.02852262, 38.282255811 ], [ 141.022277717, 38.264326748 ], [ 140.995319163, 38.229715013 ], [ 140.967142814999988, 38.189719117 ], [ 140.961716005, 38.174215468 ], [ 140.941429922, 38.131770243 ], [ 140.930451479, 38.099557171 ], [ 140.921975486, 38.046986477 ], [ 140.915107729999988, 37.993557586 ], [ 140.91502415, 37.966406919 ], [ 140.923697691, 37.912324441 ], [ 140.931086732000011, 37.896183441 ], [ 140.900608054, 37.904224946 ], [ 140.856251414000013, 37.890900054 ], [ 140.860739027, 37.867176838 ], [ 140.854177445, 37.841929775 ], [ 140.857910389000011, 37.802853838 ], [ 140.85171680900001, 37.795308054 ] ] ], [ [ [ 141.469700143000011, 38.28362264 ], [ 141.494793281, 38.251015207 ], [ 141.476408494999987, 38.251864892 ], [ 141.469700143000011, 38.28362264 ] ] ], [ [ [ 141.585153586, 38.276448463 ], [ 141.577866796, 38.272106153 ], [ 141.574365281000013, 38.269476274 ], [ 141.547845279, 38.302437937 ], [ 141.560467445, 38.309033108 ], [ 141.586210259000012, 38.302353658 ], [ 141.57921083, 38.286635505 ], [ 141.581935525, 38.279115604 ], [ 141.585153586, 38.276448463 ] ] ], [ [ [ 141.419490078, 38.305857108 ], [ 141.424283800000012, 38.29457364 ], [ 141.406438949, 38.290300892 ], [ 141.419490078, 38.305857108 ] ] ], [ [ [ 141.154161089000013, 38.322729811 ], [ 141.152295006, 38.355794613 ], [ 141.162837056, 38.340378189 ], [ 141.154161089000013, 38.322729811 ] ] ], [ [ [ 141.529958833, 38.43940236 ], [ 141.519472541999988, 38.442950405 ], [ 141.517131127999988, 38.46554936 ], [ 141.529958833, 38.43940236 ] ] ], [ [ [ 141.604813060999987, 38.877453838 ], [ 141.624265084, 38.885486441 ], [ 141.622651894, 38.835483468 ], [ 141.60470538300001, 38.860404333 ], [ 141.604813060999987, 38.877453838 ] ] ] ] } },
{ "type": "Feature", "properties": { "N03_001": "宮崎県" }, "geometry": { "type": "MultiPolygon", "coordinates": [ [ [ [ 131.342275758999989, 31.41049091 ], [ 131.333735512, 31.398466559 ], [ 131.333039727999989, 31.385298054 ], [ 131.333739442, 31.382836946 ], [ 131.335801659999987, 31.380038054 ], [ 131.350065175, 31.371294604 ], [ 131.33654096, 31.360901865 ], [ 131.316403891, 31.372312541 ], [ 131.314639909, 31.385852198 ], [ 131.310304008, 31.390280613 ], [ 131.254028833, 31.38086445 ], [ 131.240445279, 31.394866108 ], [ 131.244747483999987, 31.423804162 ], [ 131.242592983, 31.42701609 ], [ 131.19729153, 31.455388586 ], [ 131.160325422, 31.461896333 ], [ 131.172084163, 31.502045279 ], [ 131.196849442, 31.511581946 ], [ 131.201492503, 31.531122495 ], [ 131.19542, 31.552304721 ], [ 131.205447497, 31.579949441 ], [ 131.185246393999989, 31.610137775 ], [ 131.189402503, 31.622236946 ], [ 131.169916394000012, 31.633497225 ], [ 131.127809727999988, 31.626480279 ], [ 131.079268716, 31.660214198 ], [ 131.054258885, 31.633493054 ], [ 131.046066667, 31.652456946 ], [ 131.025595278999987, 31.666897775 ], [ 131.028605551, 31.697476667 ], [ 131.013056667, 31.713127495 ], [ 131.016396394, 31.747758613 ], [ 130.978516667, 31.751568333 ], [ 130.986984994000011, 31.780147775 ], [ 130.929544163, 31.786358054 ], [ 130.91456083, 31.804867225 ], [ 130.884541946000013, 31.805426946 ], [ 130.876902218, 31.815727775 ], [ 130.876220272000012, 31.844188054 ], [ 130.88921917, 31.851733892 ], [ 130.89457027200001, 31.877966387 ], [ 130.914013891, 31.885766946 ], [ 130.913839442000011, 31.885979441 ], [ 130.900828612, 31.885754721 ], [ 130.882284994, 31.921217775 ], [ 130.861370271999988, 31.933940559 ], [ 130.841710830000011, 31.942673613 ], [ 130.816448054, 31.941244721 ], [ 130.799539442, 31.950197775 ], [ 130.794506109, 31.973298333 ], [ 130.784194721, 31.979070559 ], [ 130.776872503, 32.016476946 ], [ 130.735554721, 32.048200829 ], [ 130.703376939, 32.058545279 ], [ 130.703559727999988, 32.077182775 ], [ 130.720601712, 32.100799216 ], [ 130.733497834, 32.108366973 ], [ 130.807912283, 32.099342414 ], [ 130.820796718999986, 32.094924081 ], [ 130.839014215, 32.107205703 ], [ 130.857067808000011, 32.099700171 ], [ 130.878381427, 32.121266802 ], [ 130.913428923, 32.130448694 ], [ 130.932576641, 32.116358505 ], [ 130.953496874, 32.115395225 ], [ 130.974518223, 32.120920586 ], [ 130.974658794, 32.136765315 ], [ 130.99238680900001, 32.157922928 ], [ 131.013181479, 32.174378045 ], [ 131.038085279, 32.169886279 ], [ 131.058833306999986, 32.154889108 ], [ 131.071798859000012, 32.160282739 ], [ 131.094088340000013, 32.15338827 ], [ 131.108965305, 32.160148811 ], [ 131.10143808, 32.173093811 ], [ 131.100531491999988, 32.201542901 ], [ 131.08426703, 32.206187063 ], [ 131.069144319, 32.225307784 ], [ 131.071569909, 32.236855216 ], [ 131.047115227, 32.244300108 ], [ 131.054214241000011, 32.267002468 ], [ 131.051115409, 32.286355712 ], [ 131.070514319000011, 32.280417468 ], [ 131.090495772, 32.293984973 ], [ 131.101179767, 32.311723793 ], [ 131.111853722, 32.330078198 ], [ 131.095532387, 32.350808297 ], [ 131.078031802999988, 32.355111514 ], [ 131.079857458, 32.374287486 ], [ 131.069307951000013, 32.384317964 ], [ 131.068120661, 32.407483153 ], [ 131.043788041999989, 32.408131108 ], [ 131.01989214, 32.438673117 ], [ 131.014336238999988, 32.462747739 ], [ 131.006959274, 32.490057991 ], [ 131.009406899999988, 32.515405586 ], [ 131.024666563000011, 32.520246676 ], [ 131.019473502000011, 32.549223658 ], [ 131.038961750999988, 32.554426108 ], [ 131.041628599, 32.579893703 ], [ 131.052191907, 32.587720144 ], [ 131.104991102000014, 32.579605901 ], [ 131.119509715, 32.598850126 ], [ 131.116222685, 32.642659081 ], [ 131.151389403, 32.680057234 ], [ 131.174783048, 32.671835523 ], [ 131.172470467000011, 32.684747964 ], [ 131.189952334999987, 32.721992991 ], [ 131.23500549900001, 32.744331586 ], [ 131.234223722, 32.753436964 ], [ 131.246464487999987, 32.769396117 ], [ 131.245369896, 32.786551351 ], [ 131.257818832999988, 32.818104369 ], [ 131.286083035, 32.831401613 ], [ 131.329504877, 32.833013865 ], [ 131.347059209, 32.827972982 ], [ 131.348635344, 32.810682126 ], [ 131.363905227, 32.803358459 ], [ 131.400222698, 32.813488171 ], [ 131.421208807, 32.811916009 ], [ 131.436969870000013, 32.828626063 ], [ 131.475144785999987, 32.837227991 ], [ 131.493448885, 32.815846667 ], [ 131.517465550999987, 32.800804162 ], [ 131.508482218000012, 32.774242495 ], [ 131.536323606, 32.758858054 ], [ 131.568917223999989, 32.754163892 ], [ 131.590067782, 32.774126108 ], [ 131.625331945999989, 32.774518613 ], [ 131.668858612, 32.766593333 ], [ 131.712469728, 32.773542775 ], [ 131.727944721, 32.797372225 ], [ 131.735728054, 32.831101667 ], [ 131.765540558, 32.837124162 ], [ 131.787272218, 32.833645 ], [ 131.793900558, 32.821945279 ], [ 131.824503061, 32.829872225 ], [ 131.834499728, 32.819697775 ], [ 131.858796939, 32.821436667 ], [ 131.860078054000013, 32.806070559 ], [ 131.844335279, 32.776923054 ], [ 131.84700917, 32.73593 ], [ 131.884934721, 32.746960559 ], [ 131.885707223999987, 32.745868054 ], [ 131.883743061, 32.745736108 ], [ 131.85940861200001, 32.73328 ], [ 131.851231115, 32.722441946 ], [ 131.845584163000012, 32.710415 ], [ 131.853756393999987, 32.701818613 ], [ 131.838645279, 32.691419721 ], [ 131.826643268, 32.706562811 ], [ 131.792743605999988, 32.678072775 ], [ 131.777165551, 32.674027775 ], [ 131.762853891, 32.658667225 ], [ 131.76288917, 32.654147225 ], [ 131.768736394, 32.632696387 ], [ 131.74754166, 32.601389162 ], [ 131.716057821, 32.591380099 ], [ 131.689328223, 32.560045207 ], [ 131.682388573, 32.540391613 ], [ 131.682962412, 32.51305555 ], [ 131.712223152, 32.501219396 ], [ 131.728116304, 32.496721081 ], [ 131.714184980999988, 32.489111928 ], [ 131.696291193, 32.474707703 ], [ 131.677828418, 32.483498667 ], [ 131.661023645, 32.483751928 ], [ 131.656799689, 32.480194126 ], [ 131.650543865, 32.457629 ], [ 131.642342581, 32.438534757 ], [ 131.661833411, 32.447959973 ], [ 131.669125498999989, 32.431768279 ], [ 131.654970881999986, 32.427013135 ], [ 131.67739869, 32.42156891 ], [ 131.65280786, 32.413529802 ], [ 131.644575214000014, 32.408174568 ], [ 131.625691945999989, 32.364591928 ], [ 131.616408288, 32.340782739 ], [ 131.592021362, 32.306048486 ], [ 131.57177642, 32.253016108 ], [ 131.573025292000011, 32.237963054 ], [ 131.562988859, 32.217425613 ], [ 131.543449326, 32.157441541 ], [ 131.534923333, 32.117871892 ], [ 131.519985706999989, 32.087352982 ], [ 131.506396575999986, 32.046435486 ], [ 131.455805032, 31.899252495 ], [ 131.469046965, 31.912592468 ], [ 131.452970778, 31.861437414 ], [ 131.457715214, 31.812319477 ], [ 131.472919144, 31.794267423 ], [ 131.487737912, 31.786587811 ], [ 131.463247458000012, 31.733994009 ], [ 131.467882839999987, 31.721013126 ], [ 131.45982572, 31.71836755 ], [ 131.455557562, 31.696847982 ], [ 131.468210414999987, 31.686493189 ], [ 131.45007153, 31.678865072 ], [ 131.463568742, 31.652279523 ], [ 131.45273511, 31.638082279 ], [ 131.461889105000012, 31.63343827 ], [ 131.445933593, 31.617514099 ], [ 131.423107873, 31.609527829 ], [ 131.401097328, 31.581999559 ], [ 131.397224449, 31.566466261 ], [ 131.380875785, 31.55336836 ], [ 131.381661971, 31.516572775 ], [ 131.372501089, 31.517705198 ], [ 131.383060311, 31.494023955 ], [ 131.388500064999988, 31.486362622 ], [ 131.362786524, 31.471875396 ], [ 131.372546213, 31.436478414 ], [ 131.342275758999989, 31.41049091 ] ] ], [ [ [ 131.403450869000011, 31.53065373 ], [ 131.409363515, 31.537788162 ], [ 131.416851634000011, 31.512414405 ], [ 131.403450869000011, 31.53065373 ] ] ], [ [ [ 131.808647704, 32.669945306 ], [ 131.831107497, 32.668340829 ], [ 131.818158054, 32.656189441 ], [ 131.808647704, 32.669945306 ] ] ] ] } },
{ "type": "Feature", "properties": { "N03_001": "富山県" }, "geometry": { "type": "Polygon", "coordinates": [ [ [ 137.048921089, 36.345213414 ], [ 137.058735525, 36.342500333 ], [ 137.037570972999987, 36.317438667 ], [ 137.021251219, 36.309176468 ], [ 137.002557497, 36.286895946 ], [ 136.975305772000013, 36.274364027 ], [ 136.957837756, 36.277825414 ], [ 136.973271777, 36.309908198 ], [ 136.954896887, 36.339350441 ], [ 136.907474228000012, 36.360841559 ], [ 136.87511192, 36.342745946 ], [ 136.87304450100001, 36.366912054 ], [ 136.865100272, 36.34966036 ], [ 136.837345253, 36.347310027 ], [ 136.84248713400001, 36.333257532 ], [ 136.826568171, 36.302583054 ], [ 136.792287082, 36.299211027 ], [ 136.784469144000013, 36.34227936 ], [ 136.805971699, 36.355399946 ], [ 136.79514299600001, 36.401263892 ], [ 136.769799196, 36.414997468 ], [ 136.769459805, 36.430711667 ], [ 136.796493476, 36.445383081 ], [ 136.80263444900001, 36.484731721 ], [ 136.7951062, 36.510807802 ], [ 136.817114578, 36.55279036 ], [ 136.80244406, 36.568771721 ], [ 136.789500895, 36.605415775 ], [ 136.786133865000011, 36.629610387 ], [ 136.81862917, 36.667602171 ], [ 136.815581608, 36.700507027 ], [ 136.789215356999989, 36.719026441 ], [ 136.799541479, 36.730046171 ], [ 136.819861440000011, 36.730649802 ], [ 136.833458106, 36.74308036 ], [ 136.845121167, 36.755678135 ], [ 136.850833411, 36.786927279 ], [ 136.848014864, 36.809946946 ], [ 136.856441698999987, 36.839791468 ], [ 136.873396719, 36.867650613 ], [ 136.883031673, 36.876824279 ], [ 136.878976304, 36.906271027 ], [ 136.885668197, 36.913786054 ], [ 136.915612243999988, 36.930807775 ], [ 136.931035279000014, 36.950628667 ], [ 136.953991362000011, 36.955959279 ], [ 136.973241608, 36.94427264 ], [ 136.985882114, 36.965159027 ], [ 137.004267134, 36.961444946 ], [ 137.037670803999987, 36.967119198 ], [ 137.05169844400001, 36.959173441 ], [ 137.0270069, 36.939133694 ], [ 137.032609611, 36.923852135 ], [ 136.992807419, 36.87898455 ], [ 136.990989313, 36.853961369 ], [ 137.016770208, 36.82938509 ], [ 137.068148962, 36.793910577 ], [ 137.094172607, 36.775023081 ], [ 137.093566654, 36.772735162 ], [ 137.092462179, 36.771963694 ], [ 137.093429831, 36.769902892 ], [ 137.103898534, 36.769716613 ], [ 137.124613684, 36.758420892 ], [ 137.134353995, 36.759882117 ], [ 137.118319105000012, 36.766506171 ], [ 137.121918806999986, 36.779466721 ], [ 137.13828627800001, 36.769506333 ], [ 137.18013022, 36.757958667 ], [ 137.242843528, 36.765564676 ], [ 137.294241336, 36.756880153 ], [ 137.316011193, 36.75859636 ], [ 137.333501711999986, 36.762449153 ], [ 137.347691051, 36.781061198 ], [ 137.382264773, 36.80036173 ], [ 137.410657613000012, 36.846924559 ], [ 137.409640298, 36.860983649 ], [ 137.415492476999987, 36.866486081 ], [ 137.418795421999988, 36.881845667 ], [ 137.409810363, 36.898811838 ], [ 137.426145512, 36.922210703 ], [ 137.490643839, 36.954181775 ], [ 137.542810480000014, 36.961060901 ], [ 137.574582892, 36.964133027 ], [ 137.58752358000001, 36.974788613 ], [ 137.634984747, 36.979797946 ], [ 137.66620642, 36.953693171 ], [ 137.68746422800001, 36.943200694 ], [ 137.711155084000012, 36.944234838 ], [ 137.720456667, 36.92668964 ], [ 137.712983476, 36.893758081 ], [ 137.734086161, 36.868693198 ], [ 137.731990804, 36.823639775 ], [ 137.754293748, 36.796589081 ], [ 137.749672049, 36.779712694 ], [ 137.762444812000012, 36.766155135 ], [ 137.754130636000014, 36.754030414 ], [ 137.759285642, 36.740610667 ], [ 137.75006428, 36.704979802 ], [ 137.760600506, 36.664585054 ], [ 137.74677852100001, 36.624555892 ], [ 137.753097198, 36.593722279 ], [ 137.725106861, 36.586696171 ], [ 137.693887249999989, 36.569059505 ], [ 137.684597639, 36.537807333 ], [ 137.710553280999989, 36.535742054 ], [ 137.703657107999987, 36.526684027 ], [ 137.705469559, 36.517887694 ], [ 137.668745551, 36.509461306 ], [ 137.666236860999987, 36.493217748 ], [ 137.650779831, 36.480120279 ], [ 137.655067834, 36.458725919 ], [ 137.645293359, 36.454530333 ], [ 137.633304332, 36.425022306 ], [ 137.6081993, 36.419479694 ], [ 137.605361167000012, 36.402538333 ], [ 137.587347198, 36.389800532 ], [ 137.539973061000012, 36.392700108 ], [ 137.520833087, 36.405809505 ], [ 137.511721167, 36.423449171 ], [ 137.473986083, 36.425354694 ], [ 137.460829053, 36.412236108 ], [ 137.410160272000013, 36.424630802 ], [ 137.395221634, 36.436397468 ], [ 137.394874527000013, 36.455574414 ], [ 137.361497781999987, 36.450051387 ], [ 137.357999922, 36.436308892 ], [ 137.319529831000011, 36.424457865 ], [ 137.305145720000013, 36.436212333 ], [ 137.316782529, 36.460989 ], [ 137.277773359, 36.464816027 ], [ 137.256378586000011, 36.451141333 ], [ 137.247611971, 36.461963865 ], [ 137.231360752, 36.444261919 ], [ 137.204870726, 36.436773892 ], [ 137.191644384, 36.454577252 ], [ 137.159696615, 36.456444198 ], [ 137.122000311, 36.417150054 ], [ 137.111510310999989, 36.415382838 ], [ 137.094882672000011, 36.383966721 ], [ 137.078726005, 36.384311441 ], [ 137.058447328, 36.371975081 ], [ 137.048921089, 36.345213414 ] ], [ [ 136.908488885, 36.620737468 ], [ 136.908805551, 36.621355532 ], [ 136.906077523, 36.622657748 ], [ 136.908488885, 36.620737468 ] ], [ [ 137.391141336, 36.72156136 ], [ 137.388531479, 36.725295027 ], [ 137.386294811999988, 36.722826694 ], [ 137.391141336, 36.72156136 ] ] ] } },
{ "type": "Feature", "properties": { "N03_001": "山口県" }, "geometry": { "type": "MultiPolygon", "coordinates": [ [ [ [ 130.923445383, 33.914338721 ], [ 130.877150558000011, 33.944271532 ], [ 130.904939922000011, 33.952447667 ], [ 130.928354915999989, 33.926359387 ], [ 130.923445383, 33.914338721 ] ] ], [ [ [ 131.719662113999988, 33.983586306 ], [ 131.710877497000013, 34.000355829 ], [ 131.732830557999989, 33.982631108 ], [ 131.719662113999988, 33.983586306 ] ] ], [ [ [ 131.601267600999989, 34.014323802 ], [ 131.591582568, 33.999365928 ], [ 131.56616085600001, 33.986963712 ], [ 131.555661077, 33.99514673 ], [ 131.583241128, 34.021131297 ], [ 131.601267600999989, 34.014323802 ] ] ], [ [ [ 131.174280778, 33.973263306 ], [ 131.160785837, 33.98612064 ], [ 131.169435966, 33.996533252 ], [ 131.155504384000011, 33.989240775 ], [ 131.150651855, 34.003520414 ], [ 131.121396783, 34.00352764 ], [ 131.107899442, 34.025285495 ], [ 131.095681025, 34.035732775 ], [ 131.067788716, 34.038933775 ], [ 131.047607419, 34.042230694 ], [ 131.043422944000014, 34.057396865 ], [ 131.036847639, 34.057082108 ], [ 131.019392698, 34.033231441 ], [ 131.021258300999989, 34.020118865 ], [ 130.993413346000011, 33.996168333 ], [ 130.987783969, 33.985265532 ], [ 130.934373774, 33.947646162 ], [ 130.913014112000013, 33.955294306 ], [ 130.916863217000014, 33.978494225 ], [ 130.910410363000011, 34.002158414 ], [ 130.916323839, 34.019722135 ], [ 130.903805642, 34.027194081 ], [ 130.914861115, 34.045929054 ], [ 130.910894383999988, 34.06173736 ], [ 130.888087418999987, 34.072059 ], [ 130.865104863999989, 34.113542775 ], [ 130.866045383, 34.121724198 ], [ 130.866552192, 34.131690775 ], [ 130.891709053, 34.134545441 ], [ 130.925649144, 34.169708306 ], [ 130.933538664, 34.189077441 ], [ 130.930695577, 34.209611027 ], [ 130.916247639, 34.215124892 ], [ 130.921645668, 34.239453468 ], [ 130.895985446999987, 34.266292775 ], [ 130.866954617, 34.287505829 ], [ 130.884710947, 34.298831892 ], [ 130.896515473, 34.32555164 ], [ 130.889674527000011, 34.344301829 ], [ 130.89979905300001, 34.360711667 ], [ 130.930842361, 34.342313 ], [ 130.980430208, 34.363474694 ], [ 130.981949922000013, 34.363685306 ], [ 131.017845577, 34.374802414 ], [ 131.035876615, 34.371245468 ], [ 131.034218249, 34.385229532 ], [ 131.017398249, 34.403799108 ], [ 130.978612827, 34.399987775 ], [ 130.958547134000014, 34.407929667 ], [ 130.950395084, 34.400368865 ], [ 130.955223165, 34.389059054 ], [ 130.934613217, 34.392411973 ], [ 130.980394280000013, 34.43544564 ], [ 131.003275188, 34.427818387 ], [ 131.004975382999987, 34.414980694 ], [ 131.043328392, 34.410302892 ], [ 131.073051829, 34.423085333 ], [ 131.111016446, 34.410132667 ], [ 131.135693943, 34.406994387 ], [ 131.137234968, 34.392728748 ], [ 131.153707575, 34.373104667 ], [ 131.188014708, 34.380598396 ], [ 131.199754125, 34.397537514 ], [ 131.215327366999986, 34.370832468 ], [ 131.225453139, 34.393278586 ], [ 131.248202607, 34.381540081 ], [ 131.293136654, 34.380301216 ], [ 131.320666719, 34.390557946 ], [ 131.328222970000013, 34.396756333 ], [ 131.331519001, 34.414680721 ], [ 131.352618029000013, 34.411192279 ], [ 131.371982114, 34.413996306 ], [ 131.416272996, 34.427791333 ], [ 131.425694357999987, 34.455747892 ], [ 131.46187731500001, 34.48585027 ], [ 131.466622996000012, 34.501594279 ], [ 131.455840441, 34.520419865 ], [ 131.465369105, 34.533534892 ], [ 131.492476835, 34.531381333 ], [ 131.504047496999988, 34.533934721 ], [ 131.51549083, 34.552624162 ], [ 131.538997224000013, 34.563005 ], [ 131.549378327, 34.573141108 ], [ 131.555990272, 34.588268613 ], [ 131.557777496999989, 34.603221946 ], [ 131.569016667, 34.621896387 ], [ 131.598195837, 34.621585559 ], [ 131.607084163, 34.628327775 ], [ 131.591548327, 34.629986108 ], [ 131.604947782000011, 34.662481667 ], [ 131.640826939, 34.660891108 ], [ 131.638257665, 34.646824135 ], [ 131.643829727999986, 34.640967495 ], [ 131.670252776000012, 34.659685829 ], [ 131.688310558000012, 34.677814721 ], [ 131.69062166, 34.681045 ], [ 131.684443606, 34.667155829 ], [ 131.6979, 34.645455829 ], [ 131.694818612, 34.620678613 ], [ 131.716917782, 34.605990279 ], [ 131.724419727999987, 34.571991667 ], [ 131.702830272, 34.565066108 ], [ 131.706738054, 34.533075559 ], [ 131.667969728, 34.504095279 ], [ 131.696096667, 34.480859162 ], [ 131.693896394, 34.443566108 ], [ 131.712869442, 34.428494721 ], [ 131.793819727999988, 34.436213054 ], [ 131.784778327, 34.399860829 ], [ 131.763456667000014, 34.380935559 ], [ 131.77095055800001, 34.356186108 ], [ 131.774607224, 34.337519721 ], [ 131.796467497, 34.318878613 ], [ 131.831436667, 34.302615279 ], [ 131.83406083, 34.311155829 ], [ 131.869576109, 34.304969721 ], [ 131.881290272, 34.308618892 ], [ 131.887545550999988, 34.327237495 ], [ 131.899659727999989, 34.318231667 ], [ 131.915047496999989, 34.335463613 ], [ 131.930235837, 34.333077225 ], [ 131.958681388, 34.306343613 ], [ 131.974133333, 34.341368613 ], [ 132.01352166, 34.382025559 ], [ 131.989941388, 34.413208333 ], [ 132.017320829999989, 34.440271387 ], [ 132.015424449, 34.452042225 ], [ 132.039053891, 34.468887775 ], [ 132.055185279, 34.467795279 ], [ 132.068584994, 34.467671108 ], [ 132.080994449, 34.44354 ], [ 132.06889416300001, 34.416256387 ], [ 132.077388327, 34.389237775 ], [ 132.07134166, 34.3554 ], [ 132.085263333, 34.357881667 ], [ 132.10128083, 34.345309721 ], [ 132.105743061, 34.329316387 ], [ 132.125069442000012, 34.333812225 ], [ 132.125362218, 34.305778892 ], [ 132.138181115, 34.287888892 ], [ 132.133568884999988, 34.27236 ], [ 132.156536939, 34.229351946 ], [ 132.171211660000012, 34.232464441 ], [ 132.202191387999989, 34.223030279 ], [ 132.193329728, 34.207012225 ], [ 132.214312218, 34.203563333 ], [ 132.24559832700001, 34.210672928 ], [ 132.237638534000013, 34.196204396 ], [ 132.252381245, 34.158105721 ], [ 132.247639883, 34.133432973 ], [ 132.20020406, 34.120328243 ], [ 132.211156926, 34.083018369 ], [ 132.209255292, 34.067781018 ], [ 132.218640752, 34.020954586 ], [ 132.199047431999986, 33.98084155 ], [ 132.184736939, 33.961363333 ], [ 132.128148145000011, 33.957229865 ], [ 132.125058171, 33.925978532 ], [ 132.128555279000011, 33.887720559 ], [ 132.145922503, 33.868376387 ], [ 132.158265836999988, 33.859725 ], [ 132.152597781999987, 33.843170559 ], [ 132.115455772, 33.833666081 ], [ 132.118111115, 33.850510559 ], [ 132.115721984, 33.859211306 ], [ 132.12000987, 33.875407009 ], [ 132.116117134, 33.878669685 ], [ 132.077514799, 33.893058766 ], [ 132.056151427, 33.920810514 ], [ 132.025126368, 33.901736414 ], [ 132.018885383, 33.906953108 ], [ 131.982340337000011, 33.929152252 ], [ 131.968692581, 33.928852198 ], [ 131.957919948000011, 33.949069108 ], [ 131.936370441, 33.947219135 ], [ 131.918593139, 33.966821054 ], [ 131.897963865, 33.977171829 ], [ 131.89159277600001, 33.978436667 ], [ 131.862448715999989, 34.004582108 ], [ 131.837723982, 34.009433468 ], [ 131.83174345, 34.01137164 ], [ 131.818459338999986, 33.993095721 ], [ 131.794549558999989, 33.986103865 ], [ 131.798588560000013, 33.982163829 ], [ 131.821854423, 33.976155135 ], [ 131.810550195, 33.967829135 ], [ 131.782736913, 33.995239865 ], [ 131.804418171, 34.016134973 ], [ 131.826763476, 34.023538333 ], [ 131.80234022, 34.043231865 ], [ 131.781095422, 34.027511279 ], [ 131.796527223999988, 34.055100306 ], [ 131.743500219999987, 34.051651225 ], [ 131.740332529, 34.050188613 ], [ 131.74058607, 34.048305559 ], [ 131.737233515000014, 34.045688568 ], [ 131.733640039, 34.048878144 ], [ 131.748369532999988, 34.062729865 ], [ 131.709680558, 34.060458613 ], [ 131.677627795, 34.053873288 ], [ 131.673592257, 34.043999865 ], [ 131.666341167000013, 34.044349649 ], [ 131.644782724, 34.03769673 ], [ 131.634561698999988, 34.046871153 ], [ 131.623305214, 34.039686207 ], [ 131.610279780000013, 34.02119382 ], [ 131.604153632, 34.037169459 ], [ 131.587854176, 34.032055667 ], [ 131.577887159999989, 34.019153793 ], [ 131.544849948, 33.998597261 ], [ 131.509558262000013, 34.003586378 ], [ 131.508744721, 34.022927505 ], [ 131.475698677, 34.037553 ], [ 131.466884449, 34.033122802 ], [ 131.479703605999987, 34.011834 ], [ 131.445612192, 33.994217892 ], [ 131.42376192, 33.991306027 ], [ 131.431788171, 34.006682667 ], [ 131.415002023, 34.021431946 ], [ 131.394362218, 34.026188495 ], [ 131.403816913000014, 34.041281919 ], [ 131.403290441, 34.043372414 ], [ 131.384636744, 34.05 ], [ 131.378168612, 34.00832736 ], [ 131.363169403, 33.997004703 ], [ 131.347744254, 33.980334135 ], [ 131.348697367, 33.966242054 ], [ 131.306488807, 33.949465892 ], [ 131.292631828999987, 33.934343441 ], [ 131.242068366000012, 33.919767613 ], [ 131.252461946000011, 33.936796919 ], [ 131.239005330999987, 33.951434252 ], [ 131.231285746, 33.937739387 ], [ 131.209912529, 33.958714577 ], [ 131.199309909, 33.942860099 ], [ 131.180528444, 33.930400865 ], [ 131.157681673000013, 33.953276342 ], [ 131.174280778, 33.973263306 ] ], [ [ 132.033136939, 33.983665279 ], [ 132.033152218, 33.984383333 ], [ 132.032422218, 33.983785559 ], [ 132.033136939, 33.983665279 ] ], [ [ 131.733743243, 34.048891991 ], [ 131.742339209, 34.052504009 ], [ 131.740281933, 34.054030541 ], [ 131.733743243, 34.048891991 ] ], [ [ 131.739372100999987, 34.047571604 ], [ 131.740047302, 34.049518676 ], [ 131.73756559, 34.049175225 ], [ 131.739372100999987, 34.047571604 ] ], [ [ 131.73549083, 34.047480054 ], [ 131.739252231, 34.047493802 ], [ 131.737500428, 34.049048793 ], [ 131.73549083, 34.047480054 ] ] ], [ [ [ 131.780219728, 34.048527225 ], [ 131.738259728, 34.020442495 ], [ 131.734425279, 34.037922495 ], [ 131.752827223999986, 34.032726667 ], [ 131.76274, 34.048084162 ], [ 131.780219728, 34.048527225 ] ] ], [ [ [ 130.870396589, 34.366042802 ], [ 130.877606783, 34.353455667 ], [ 130.857500311, 34.35253836 ], [ 130.846388002999987, 34.341019279 ], [ 130.840259442, 34.355191865 ], [ 130.856829416000011, 34.354612081 ], [ 130.870396589, 34.366042802 ] ] ], [ [ [ 131.188585188, 34.398677441 ], [ 131.173150467, 34.412255198 ], [ 131.19289214, 34.424209919 ], [ 131.217401919999986, 34.425651721 ], [ 131.254323722, 34.436547162 ], [ 131.256689209, 34.421860342 ], [ 131.227751504999986, 34.427317946 ], [ 131.207331114999988, 34.410797775 ], [ 131.204217301999989, 34.397897189 ], [ 131.188585188, 34.398677441 ] ] ], [ [ [ 131.400630052, 34.497473829 ], [ 131.415956666999989, 34.511597225 ], [ 131.418876939, 34.493866306 ], [ 131.400630052, 34.497473829 ] ] ], [ [ [ 131.160913061, 34.763652495 ], [ 131.137624994, 34.758125 ], [ 131.128586394, 34.794435829 ], [ 131.160913061, 34.763652495 ] ] ], [ [ [ 132.126620558000013, 33.719408892 ], [ 132.153168327, 33.728405829 ], [ 132.133955837, 33.712898054 ], [ 132.126620558000013, 33.719408892 ] ] ], [ [ [ 131.973073891000013, 33.773519162 ], [ 131.958883606, 33.780788054 ], [ 131.967530558, 33.798144441 ], [ 131.993534993999987, 33.779741387 ], [ 131.973073891000013, 33.773519162 ] ] ], [ [ [ 132.218532503, 33.78247 ], [ 132.19017166, 33.804098613 ], [ 132.206038326999987, 33.817293333 ], [ 132.223433891000013, 33.813289162 ], [ 132.264926108999987, 33.778188054 ], [ 132.259022776, 33.77013 ], [ 132.241565551, 33.781664721 ], [ 132.236717223999989, 33.783337495 ], [ 132.218532503, 33.78247 ] ] ], [ [ [ 132.057814449, 33.789150829 ], [ 132.02812917, 33.793402775 ], [ 132.052566939, 33.798245559 ], [ 132.058731115, 33.803419721 ], [ 132.078382503, 33.827357225 ], [ 132.072066109, 33.855452225 ], [ 132.104561362, 33.843289865 ], [ 132.111564332, 33.831504279 ], [ 132.088528884999988, 33.825831108 ], [ 132.072657782, 33.803121667 ], [ 132.060528326999986, 33.802465279 ], [ 132.057814449, 33.789150829 ] ] ], [ [ [ 132.318863606, 33.903723613 ], [ 132.335095693999989, 33.901515225 ], [ 132.353986394, 33.907144441 ], [ 132.369769442, 33.928388892 ], [ 132.401271946, 33.928236108 ], [ 132.417457588, 33.953242333 ], [ 132.445369441999986, 33.94198 ], [ 132.470672775999986, 33.948207495 ], [ 132.449301946, 33.931676667 ], [ 132.434268612000011, 33.931815829 ], [ 132.408684163, 33.909880279 ], [ 132.39895639400001, 33.917821946 ], [ 132.375786667, 33.914053613 ], [ 132.362668586000012, 33.898055468 ], [ 132.372331659999986, 33.863847225 ], [ 132.347665279000012, 33.869668054 ], [ 132.327682775999989, 33.857595829 ], [ 132.33544917, 33.884951946 ], [ 132.319668326999988, 33.893278892 ], [ 132.286214034000011, 33.901909135 ], [ 132.268461855, 33.889364414 ], [ 132.256934163000011, 33.878091667 ], [ 132.214487445, 33.870223865 ], [ 132.175655914, 33.903786162 ], [ 132.177276109, 33.911019108 ], [ 132.176385642000014, 33.930511667 ], [ 132.188821608000012, 33.939616387 ], [ 132.183921219000013, 33.953015892 ], [ 132.212246861000011, 33.952807306 ], [ 132.215276861, 33.965711865 ], [ 132.233489170000013, 33.967593333 ], [ 132.251954993999988, 33.952295559 ], [ 132.267907717000014, 33.948137144 ], [ 132.286041114999989, 33.955304162 ], [ 132.301263411, 33.920093559 ], [ 132.323530272, 33.917182495 ], [ 132.318863606, 33.903723613 ] ] ], [ [ [ 131.86114297, 33.96663136 ], [ 131.833451997, 33.933800108 ], [ 131.808865357, 33.939570865 ], [ 131.848549313, 33.952118505 ], [ 131.857799000999989, 33.98463036 ], [ 131.86114297, 33.96663136 ] ] ], [ [ [ 132.412366109, 34.029165829 ], [ 132.426655278999988, 34.012558613 ], [ 132.405666394, 34.014276108 ], [ 132.412366109, 34.029165829 ] ] ] ] } },
{ "type": "Feature", "properties": { "N03_001": "山形県" }, "geometry": { "type": "MultiPolygon", "coordinates": [ [ [ [ 140.237254864, 37.746468468 ], [ 140.204387782, 37.747698387 ], [ 140.171936523999989, 37.756043171 ], [ 140.146009754, 37.752720225 ], [ 140.140743191000013, 37.738149532 ], [ 140.103384384, 37.737185694 ], [ 140.086783747999988, 37.757995252 ], [ 140.069042724000013, 37.757902505 ], [ 140.048482087999986, 37.779049333 ], [ 140.037498054, 37.767979973 ], [ 139.992568755, 37.758699532 ], [ 139.960145888, 37.795647532 ], [ 139.957919027, 37.814861387 ], [ 139.937264163, 37.828195306 ], [ 139.925464838000011, 37.814156468 ], [ 139.880071803, 37.810105946 ], [ 139.855985499000013, 37.825882892 ], [ 139.838333580000011, 37.814698198 ], [ 139.804236498, 37.805418559 ], [ 139.782414747, 37.832040468 ], [ 139.741306783, 37.820292775 ], [ 139.731790661, 37.83079664 ], [ 139.715636524, 37.854158279 ], [ 139.706168106, 37.855928306 ], [ 139.680829196, 37.846950865 ], [ 139.638457639, 37.880022775 ], [ 139.629317082, 37.893657468 ], [ 139.624989922, 37.91839464 ], [ 139.639385642, 37.934716532 ], [ 139.645246861, 37.962627 ], [ 139.638114331999986, 37.970545586 ], [ 139.64374358, 37.995299667 ], [ 139.65401144, 37.996094387 ], [ 139.654807393, 38.035411225 ], [ 139.674832283, 38.040584532 ], [ 139.692725524999986, 38.05702864 ], [ 139.691801919999989, 38.075060279 ], [ 139.671555084, 38.077063333 ], [ 139.682670506, 38.108074081 ], [ 139.692146693000012, 38.113001 ], [ 139.692030921, 38.148960919 ], [ 139.684726977999986, 38.159420892 ], [ 139.687898392, 38.182385838 ], [ 139.713223917, 38.20664436 ], [ 139.758244889999986, 38.193036 ], [ 139.786475693999989, 38.192316225 ], [ 139.810953722, 38.211515838 ], [ 139.855966939000012, 38.228584306 ], [ 139.876598301, 38.261789414 ], [ 139.899904669, 38.275805694 ], [ 139.898888003, 38.293152306 ], [ 139.879325577, 38.303429279 ], [ 139.874814721, 38.316774252 ], [ 139.816491336000013, 38.356012333 ], [ 139.789643307, 38.348710532 ], [ 139.752283217000013, 38.358969532 ], [ 139.732878340000013, 38.371417081 ], [ 139.721100973, 38.393909865 ], [ 139.70338917, 38.400218252 ], [ 139.717040921, 38.42098864 ], [ 139.721764474999986, 38.496226333 ], [ 139.640520506, 38.510832054 ], [ 139.631392088000013, 38.52178036 ], [ 139.599446031000014, 38.522219027 ], [ 139.547810804, 38.55294773 ], [ 139.559547328, 38.586464505 ], [ 139.58497297, 38.621775532 ], [ 139.627206472000012, 38.687364459 ], [ 139.635248807000011, 38.68466164 ], [ 139.696349364000014, 38.728475505 ], [ 139.705790025999988, 38.744474838 ], [ 139.745795084, 38.774564532 ], [ 139.761767185, 38.80024045 ], [ 139.777401829000013, 38.83234564 ], [ 139.81776725, 38.942987054 ], [ 139.834437885999989, 38.956414946 ], [ 139.818886978, 38.960524694 ], [ 139.840231219, 38.98511436 ], [ 139.86706847, 39.052134721 ], [ 139.878713891, 39.102246775 ], [ 139.877716641, 39.105293171 ], [ 139.869589857, 39.118258171 ], [ 139.948052244, 39.117166694 ], [ 139.994446719, 39.10551564 ], [ 140.007766393999987, 39.123040279 ], [ 140.062439196000014, 39.13349864 ], [ 140.062456860999987, 39.092885027 ], [ 140.114903307, 39.077784333 ], [ 140.137795525, 39.065567892 ], [ 140.15080297, 39.049179279 ], [ 140.188773722, 39.061494135 ], [ 140.204765837, 39.053496306 ], [ 140.200601777, 39.035704414 ], [ 140.227501803, 39.027059613 ], [ 140.260564864, 39.035235 ], [ 140.310722529, 39.013589225 ], [ 140.329102477, 39.034802171 ], [ 140.354165642, 39.023848441 ], [ 140.374578949000011, 38.995711946 ], [ 140.43185856, 38.991902 ], [ 140.445532244, 38.980411973 ], [ 140.449582502999988, 38.945595027 ], [ 140.461712438, 38.920356198 ], [ 140.492293696, 38.902212613 ], [ 140.494322387000011, 38.898996225 ], [ 140.535499974, 38.900718613 ], [ 140.547116446, 38.889207802 ], [ 140.541322283, 38.861309387 ], [ 140.55913131, 38.847250946 ], [ 140.590728249, 38.836044198 ], [ 140.598548443999988, 38.825964667 ], [ 140.595740025999987, 38.802194414 ], [ 140.603526161, 38.783705198 ], [ 140.646462361, 38.769516306 ], [ 140.620889883, 38.731548559 ], [ 140.607038949000014, 38.721313108 ], [ 140.60700214, 38.703300108 ], [ 140.623986329, 38.691438135 ], [ 140.620762529, 38.676139027 ], [ 140.589941025, 38.633818135 ], [ 140.546533087, 38.649680838 ], [ 140.537640026, 38.633839532 ], [ 140.569734669000013, 38.594065775 ], [ 140.578643307, 38.568071306 ], [ 140.568617639, 38.562486081 ], [ 140.555738716, 38.529954559 ], [ 140.571955694, 38.525638081 ], [ 140.563461167000014, 38.510640667 ], [ 140.573688638, 38.494911225 ], [ 140.59765131, 38.487369171 ], [ 140.608210219999989, 38.458402559 ], [ 140.620039637, 38.455198333 ], [ 140.619679053, 38.454691973 ], [ 140.597764617, 38.436528838 ], [ 140.586151855, 38.440528865 ], [ 140.572038911, 38.415159613 ], [ 140.578226083, 38.39295664 ], [ 140.563237198, 38.377195414 ], [ 140.521668054, 38.349667171 ], [ 140.530660947, 38.325204225 ], [ 140.520283476, 38.309515198 ], [ 140.504312387, 38.314144973 ], [ 140.49259358, 38.302687586 ], [ 140.496948339999989, 38.283143505 ], [ 140.473006304, 38.271819198 ], [ 140.472533217, 38.252230414 ], [ 140.467338366, 38.233140532 ], [ 140.4801507, 38.182135027 ], [ 140.467658197, 38.156975838 ], [ 140.445911725, 38.143604865 ], [ 140.445685253, 38.129854775 ], [ 140.43104061, 38.126857054 ], [ 140.417405888, 38.102919387 ], [ 140.421311997, 38.088453505 ], [ 140.403445667999989, 38.070724387 ], [ 140.380383696, 38.069907559 ], [ 140.37498083, 38.057439171 ], [ 140.344597523, 38.053373613 ], [ 140.314999559, 38.058391586 ], [ 140.277090363000013, 38.056160667 ], [ 140.27606834, 38.028719441 ], [ 140.289544527, 38.007095468 ], [ 140.276878755000013, 37.99417936 ], [ 140.280002581, 37.976644414 ], [ 140.271317691, 37.966640225 ], [ 140.281004358, 37.941347775 ], [ 140.267131283999987, 37.917583306 ], [ 140.270720078000011, 37.890737441 ], [ 140.268780999, 37.824091 ], [ 140.298801829000013, 37.807808198 ], [ 140.28221131, 37.798229054 ], [ 140.237254864, 37.746468468 ] ], [ [ 140.128980143, 38.02288836 ], [ 140.130145965999986, 38.022489748 ], [ 140.130371829000012, 38.023225865 ], [ 140.128980143, 38.02288836 ] ], [ [ 140.11534858600001, 38.031413054 ], [ 140.114129663, 38.029446108 ], [ 140.116286640999988, 38.029444171 ], [ 140.11534858600001, 38.031413054 ] ], [ [ 140.133741050999987, 38.025880559 ], [ 140.138175550999989, 38.029524171 ], [ 140.133491608000014, 38.029313892 ], [ 140.133741050999987, 38.025880559 ] ], [ [ 140.132925188, 38.026208613 ], [ 140.132334358, 38.027661387 ], [ 140.131957419, 38.026193333 ], [ 140.132925188, 38.026208613 ] ], [ [ 140.21746124500001, 38.345730333 ], [ 140.219023217, 38.349435027 ], [ 140.214154254, 38.347690333 ], [ 140.21746124500001, 38.345730333 ] ], [ [ 140.248541829, 38.717083225 ], [ 140.248436252, 38.719210441 ], [ 140.246056783, 38.718598225 ], [ 140.248541829, 38.717083225 ] ], [ [ 140.250332607, 38.653786279 ], [ 140.251314578, 38.654679027 ], [ 140.250658171, 38.654781252 ], [ 140.250332607, 38.653786279 ] ], [ [ 140.250761245, 38.653479892 ], [ 140.251363191, 38.653424586 ], [ 140.250782891999989, 38.653871279 ], [ 140.250761245, 38.653479892 ] ], [ [ 140.250890143, 38.651648225 ], [ 140.252417951000012, 38.651827919 ], [ 140.251084306, 38.652223505 ], [ 140.250890143, 38.651648225 ] ], [ [ 140.253954916, 38.652943748 ], [ 140.25271572, 38.652316802 ], [ 140.253383502, 38.652205694 ], [ 140.253954916, 38.652943748 ] ], [ [ 139.823301141, 38.807314856 ], [ 139.824117588, 38.807570198 ], [ 139.823786511, 38.808054135 ], [ 139.823301141, 38.807314856 ] ], [ [ 140.150764358, 37.969594171 ], [ 140.151428003, 37.968513892 ], [ 140.152216057, 37.969121108 ], [ 140.150764358, 37.969594171 ] ], [ [ 140.151357977, 37.967695865 ], [ 140.1510538, 37.967180586 ], [ 140.152197173, 37.966520306 ], [ 140.151357977, 37.967695865 ] ], [ [ 140.162100310999989, 37.958244505 ], [ 140.161694721, 37.957705892 ], [ 140.163080856, 37.957491721 ], [ 140.162100310999989, 37.958244505 ] ], [ [ 140.262824916, 38.353350892 ], [ 140.262405473, 38.354490054 ], [ 140.26165655, 38.353791198 ], [ 140.262824916, 38.353350892 ] ], [ [ 140.268693359, 38.358293333 ], [ 140.267437497, 38.355679468 ], [ 140.270038105999987, 38.354331414 ], [ 140.268693359, 38.358293333 ] ], [ [ 140.30412105100001, 38.339147721 ], [ 140.305908885, 38.338877694 ], [ 140.306723606, 38.341491027 ], [ 140.30412105100001, 38.339147721 ] ], [ [ 140.304701634, 38.344320171 ], [ 140.303688833, 38.343750748 ], [ 140.304683864999987, 38.343003252 ], [ 140.304701634, 38.344320171 ] ], [ [ 140.313954617, 38.344073468 ], [ 140.312196226, 38.343156252 ], [ 140.314387665, 38.343532081 ], [ 140.313954617, 38.344073468 ] ], [ [ 140.241827782, 38.381682 ], [ 140.236576589, 38.377229532 ], [ 140.244389222, 38.376158946 ], [ 140.241827782, 38.381682 ] ], [ [ 140.231778444000014, 38.375916225 ], [ 140.227346978000014, 38.380073198 ], [ 140.225452503000014, 38.377769027 ], [ 140.231778444000014, 38.375916225 ] ], [ [ 140.22485136200001, 38.376440721 ], [ 140.223565227, 38.375909892 ], [ 140.229025888, 38.371436 ], [ 140.22485136200001, 38.376440721 ] ], [ [ 140.240103606, 38.369649279 ], [ 140.242915058, 38.369080667 ], [ 140.243110895, 38.370022027 ], [ 140.240103606, 38.369649279 ] ], [ [ 140.222745772, 38.380141559 ], [ 140.219556004999987, 38.380667387 ], [ 140.223438003000012, 38.378149333 ], [ 140.222745772, 38.380141559 ] ], [ [ 140.231628171000011, 38.378593441 ], [ 140.231445914, 38.379858171 ], [ 140.229565058, 38.379904559 ], [ 140.231628171000011, 38.378593441 ] ], [ [ 140.231341504999989, 38.378085387 ], [ 140.231421777, 38.378325667 ], [ 140.230258975, 38.378262333 ], [ 140.231341504999989, 38.378085387 ] ], [ [ 140.232346226, 38.376347613 ], [ 140.233524577999987, 38.377177333 ], [ 140.232757912000011, 38.377643441 ], [ 140.232346226, 38.376347613 ] ], [ [ 140.298182387, 38.847130946 ], [ 140.296250415, 38.846753441 ], [ 140.297572632999987, 38.846052333 ], [ 140.298182387, 38.847130946 ] ], [ [ 140.237188716, 38.732517081 ], [ 140.239242918, 38.733175414 ], [ 140.238604837999986, 38.733716802 ], [ 140.237188716, 38.732517081 ] ], [ [ 140.246434773, 38.72498264 ], [ 140.248292866000014, 38.726151252 ], [ 140.245736978, 38.725974586 ], [ 140.246434773, 38.72498264 ] ], [ [ 140.249151504999986, 38.725399865 ], [ 140.249304553, 38.722991532 ], [ 140.253873256, 38.723970667 ], [ 140.249151504999986, 38.725399865 ] ], [ [ 140.254729078999986, 38.724051225 ], [ 140.255248560000013, 38.722515667 ], [ 140.256772477, 38.723504838 ], [ 140.254729078999986, 38.724051225 ] ], [ [ 140.251893774, 38.721716532 ], [ 140.256756109, 38.719844559 ], [ 140.25787083, 38.721775387 ], [ 140.252471284, 38.722536532 ], [ 140.251893774, 38.721716532 ] ], [ [ 140.247115914, 38.723681532 ], [ 140.24594727600001, 38.723141252 ], [ 140.247718418, 38.722910694 ], [ 140.247115914, 38.723681532 ] ], [ [ 140.204278859, 38.723572225 ], [ 140.199622412, 38.722400027 ], [ 140.202121893999987, 38.722397775 ], [ 140.204278859, 38.723572225 ] ], [ [ 140.202976329, 38.724157225 ], [ 140.204858301, 38.724022225 ], [ 140.20496635500001, 38.724883892 ], [ 140.202976329, 38.724157225 ] ], [ [ 140.261931219, 38.717047333 ], [ 140.259863969, 38.715899586 ], [ 140.262124553, 38.716237613 ], [ 140.261931219, 38.717047333 ] ], [ [ 140.2485462, 38.783683252 ], [ 140.250232049, 38.783919054 ], [ 140.251612892, 38.785553225 ], [ 140.2485462, 38.783683252 ] ], [ [ 140.304290388999988, 38.865637 ], [ 140.30497428000001, 38.865139225 ], [ 140.305367327999988, 38.868045586 ], [ 140.304290388999988, 38.865637 ] ], [ [ 140.299916134999989, 38.865153667 ], [ 140.299260584, 38.864868135 ], [ 140.299916161, 38.864480054 ], [ 140.299916134999989, 38.865153667 ] ], [ [ 140.298473605999988, 38.866105081 ], [ 140.298445863000012, 38.86487536 ], [ 140.29920447500001, 38.86497064 ], [ 140.298473605999988, 38.866105081 ] ] ], [ [ [ 139.555261089, 39.20571064 ], [ 139.56477252900001, 39.198666838 ], [ 139.540193256, 39.186638306 ], [ 139.555261089, 39.20571064 ] ] ] ] } },
{ "type": "Feature", "properties": { "N03_001": "山梨県" }, "geometry": { "type": "Polygon", "coordinates": [ [ [ 138.514242827, 35.262230802 ], [ 138.532275032, 35.223390838 ], [ 138.533192529, 35.200861667 ], [ 138.522421414, 35.199157775 ], [ 138.491492244, 35.168384441 ], [ 138.477898664, 35.178083586 ], [ 138.42748038900001, 35.182667198 ], [ 138.418363191, 35.199334973 ], [ 138.398697108, 35.200269946 ], [ 138.386152283, 35.246243532 ], [ 138.367031855, 35.270188198 ], [ 138.37247869, 35.299410946 ], [ 138.35783583700001, 35.317914225 ], [ 138.335637834000011, 35.326495586 ], [ 138.296452335, 35.316508135 ], [ 138.285267198000014, 35.304274865 ], [ 138.25791655, 35.316471279 ], [ 138.251255719999989, 35.363529 ], [ 138.232017082, 35.371224838 ], [ 138.246445693999988, 35.399798667 ], [ 138.258097717, 35.407394225 ], [ 138.259443671000014, 35.43108336 ], [ 138.2443393, 35.45412336 ], [ 138.257880752, 35.476017532 ], [ 138.260248833, 35.505899775 ], [ 138.268976329, 35.514125333 ], [ 138.257348301, 35.530848667 ], [ 138.259482217999988, 35.552978667 ], [ 138.244448911, 35.563461748 ], [ 138.228324527000012, 35.627210387 ], [ 138.228367612999989, 35.645956505 ], [ 138.218670661, 35.644549306 ], [ 138.193302139999986, 35.67226464 ], [ 138.193982995999988, 35.695493532 ], [ 138.180856083, 35.711237694 ], [ 138.229558054, 35.753045171 ], [ 138.236701946000011, 35.757714892 ], [ 138.205327250000011, 35.782585441 ], [ 138.198320856, 35.781557387 ], [ 138.185174189, 35.791079892 ], [ 138.205692866, 35.815734306 ], [ 138.203410921, 35.823214306 ], [ 138.22678878100001, 35.857403748 ], [ 138.232598560000014, 35.876131775 ], [ 138.248603605999989, 35.885924559 ], [ 138.283640778, 35.859315721 ], [ 138.32632428, 35.903176532 ], [ 138.345046667, 35.941333135 ], [ 138.360346446, 35.957211198 ], [ 138.370460415, 35.97138064 ], [ 138.424193191, 35.958974802 ], [ 138.454333411, 35.938306198 ], [ 138.444418859, 35.917732892 ], [ 138.455388029, 35.899741505 ], [ 138.489782580999986, 35.896451171 ], [ 138.49767153, 35.911406171 ], [ 138.510649363999988, 35.922343946 ], [ 138.529371855, 35.914548667 ], [ 138.553844112, 35.918993387 ], [ 138.576666589000013, 35.911443946 ], [ 138.591150752, 35.919722559 ], [ 138.612072606999988, 35.909380027 ], [ 138.60676061, 35.878455865 ], [ 138.621594163, 35.870447532 ], [ 138.660946252, 35.873890027 ], [ 138.676176472, 35.869801414 ], [ 138.685845577, 35.893865613 ], [ 138.707970195, 35.909636441 ], [ 138.729011284, 35.909220613 ], [ 138.789115058, 35.893241667 ], [ 138.791807522999989, 35.875975306 ], [ 138.813604864000013, 35.862367775 ], [ 138.845448690000012, 35.867390865 ], [ 138.862661479, 35.858761108 ], [ 138.892038495, 35.839845252 ], [ 138.910946083, 35.852727468 ], [ 138.943933410999989, 35.854818802 ], [ 138.947338949, 35.843297135 ], [ 138.969296719, 35.831382919 ], [ 138.970321673, 35.804584306 ], [ 138.986425227000012, 35.782252892 ], [ 138.983772996, 35.769475414 ], [ 139.01188147900001, 35.738863225 ], [ 139.012290920999988, 35.738669054 ], [ 139.022528365999989, 35.721991333 ], [ 139.072109415999989, 35.69540836 ], [ 139.105624747, 35.691015919 ], [ 139.13134138800001, 35.671994586 ], [ 139.117263774, 35.654896532 ], [ 139.126241244999989, 35.643377387 ], [ 139.123465058, 35.624059613 ], [ 139.134381725, 35.616655748 ], [ 139.128410921000011, 35.562647721 ], [ 139.111960778, 35.549793559 ], [ 139.113921855, 35.538487441 ], [ 139.085789974, 35.512086306 ], [ 139.066038223, 35.509408225 ], [ 139.046019222000012, 35.509663054 ], [ 139.027549442, 35.480967802 ], [ 138.988821582000014, 35.473640586 ], [ 138.937315227, 35.448806946 ], [ 138.916402917999989, 35.400613613 ], [ 138.873463606, 35.381709252 ], [ 138.862401777, 35.390079721 ], [ 138.821435227, 35.374191135 ], [ 138.799451855, 35.37666864 ], [ 138.730781414, 35.362798613 ], [ 138.680535615999986, 35.357678333 ], [ 138.67118297, 35.39283 ], [ 138.638954942, 35.398282775 ], [ 138.609136031, 35.393176387 ], [ 138.597231529999988, 35.432818892 ], [ 138.581888249, 35.445728333 ], [ 138.558919831, 35.434168919 ], [ 138.531827004, 35.409408919 ], [ 138.528171050999987, 35.379046946 ], [ 138.5350862, 35.330564721 ], [ 138.512093191, 35.313555252 ], [ 138.521655616, 35.283476081 ], [ 138.514242827, 35.262230802 ] ], [ [ 138.357545421999987, 35.38451636 ], [ 138.35008131, 35.373796054 ], [ 138.359161245, 35.374233279 ], [ 138.357545421999987, 35.38451636 ] ], [ [ 138.71190808, 35.65231764 ], [ 138.712841970999989, 35.652513748 ], [ 138.712417249999987, 35.652993748 ], [ 138.71190808, 35.65231764 ] ], [ [ 138.711719754, 35.651750694 ], [ 138.711969754, 35.65075236 ], [ 138.712354189, 35.651070694 ], [ 138.711719754, 35.651750694 ] ], [ [ 138.774089753999988, 35.491802802 ], [ 138.772929753999989, 35.491830027 ], [ 138.773851699, 35.49117364 ], [ 138.774089753999988, 35.491802802 ] ], [ [ 138.772992529, 35.49006336 ], [ 138.773449754000012, 35.489126973 ], [ 138.773365863, 35.490118081 ], [ 138.772992529, 35.49006336 ] ], [ [ 138.75716, 35.401675306 ], [ 138.753724162999987, 35.401722252 ], [ 138.754295525, 35.398354748 ], [ 138.75716, 35.401675306 ] ], [ [ 138.781467588, 35.495242802 ], [ 138.780915330999989, 35.49456336 ], [ 138.781427562, 35.49432836 ], [ 138.781467588, 35.495242802 ] ], [ [ 138.781708949, 35.493069198 ], [ 138.781258392000012, 35.493369468 ], [ 138.780878392, 35.492801414 ], [ 138.781708949, 35.493069198 ] ], [ [ 138.865107665000011, 35.531841414 ], [ 138.86449406, 35.531676973 ], [ 138.864903217, 35.530620306 ], [ 138.865107665000011, 35.531841414 ] ] ] } },
{ "type": "Feature", "properties": { "N03_001": "岐阜県" }, "geometry": { "type": "Polygon", "coordinates": [ [ [ 136.64628406, 35.165808505 ], [ 136.644430752, 35.144412973 ], [ 136.615552114, 35.149928505 ], [ 136.5943393, 35.180925108 ], [ 136.576055668, 35.202252306 ], [ 136.559735694000011, 35.206758135 ], [ 136.549766524, 35.234070081 ], [ 136.536336809, 35.250200946 ], [ 136.527667951000012, 35.25753264 ], [ 136.50598489, 35.235060721 ], [ 136.466254086, 35.238053532 ], [ 136.440721894, 35.216742721 ], [ 136.430901336, 35.229404387 ], [ 136.415130506, 35.217743586 ], [ 136.377337756, 35.243413027 ], [ 136.396939974, 35.257909946 ], [ 136.391728586, 35.287111333 ], [ 136.402657224, 35.300451892 ], [ 136.422325058000013, 35.348389613 ], [ 136.410975888, 35.352217108 ], [ 136.411911777, 35.369895973 ], [ 136.444351829, 35.389425108 ], [ 136.411808079999986, 35.418598054 ], [ 136.426169053, 35.448160973 ], [ 136.420363917, 35.466234775 ], [ 136.40176725, 35.469940613 ], [ 136.386880117, 35.488406387 ], [ 136.405641971, 35.51338764 ], [ 136.400404501, 35.530081838 ], [ 136.384252776000011, 35.533091333 ], [ 136.373289754000012, 35.559616946 ], [ 136.362516109000012, 35.558481387 ], [ 136.345882088, 35.536108667 ], [ 136.337320143, 35.550254532 ], [ 136.322100246, 35.544347198 ], [ 136.323675914, 35.616516441 ], [ 136.31581786000001, 35.623395613 ], [ 136.288559416, 35.620588171 ], [ 136.278987276, 35.638408135 ], [ 136.280742114, 35.658630865 ], [ 136.298932309, 35.678810225 ], [ 136.291918106, 35.684070775 ], [ 136.323953139, 35.716747 ], [ 136.318401997, 35.750975414 ], [ 136.327947834000014, 35.775101865 ], [ 136.357088690000012, 35.786831613 ], [ 136.376658418, 35.795178027 ], [ 136.415965887999988, 35.782445802 ], [ 136.445804747000011, 35.772908306 ], [ 136.484579169999989, 35.775142505 ], [ 136.50336214, 35.750873333 ], [ 136.51370883300001, 35.762248333 ], [ 136.523030532, 35.788173586 ], [ 136.545281025, 35.778711081 ], [ 136.572323774000012, 35.778044108 ], [ 136.599149637000011, 35.798529919 ], [ 136.6222707, 35.786910973 ], [ 136.645195188, 35.806831748 ], [ 136.654326252, 35.785882586 ], [ 136.666135422, 35.785136441 ], [ 136.6769593, 35.793253054 ], [ 136.710047912, 35.792043252 ], [ 136.724517690999988, 35.808147586 ], [ 136.74109655, 35.801068775 ], [ 136.754466031, 35.809242441 ], [ 136.789253191, 35.799395081 ], [ 136.802290895, 35.844026441 ], [ 136.825116135, 35.845406505 ], [ 136.832362866000011, 35.857443441 ], [ 136.818998249, 35.881655586 ], [ 136.823768586, 35.892766387 ], [ 136.81148841800001, 35.91264464 ], [ 136.783863217, 35.927775721 ], [ 136.78906, 35.948658441 ], [ 136.752865357, 35.956459919 ], [ 136.750813061, 35.990412414 ], [ 136.726745058, 35.995937775 ], [ 136.735395356999987, 36.047892468 ], [ 136.764256835, 36.067682414 ], [ 136.754284449000011, 36.086290225 ], [ 136.764956783, 36.105608279 ], [ 136.778505227000011, 36.129305252 ], [ 136.768418755, 36.164179973 ], [ 136.798407276, 36.172564108 ], [ 136.810679196, 36.196189613 ], [ 136.822632776, 36.202852108 ], [ 136.850401673, 36.251920694 ], [ 136.83367199700001, 36.265827586 ], [ 136.81457869, 36.266402 ], [ 136.792287082, 36.299211027 ], [ 136.826568171, 36.302583054 ], [ 136.84248713400001, 36.333257532 ], [ 136.837345253, 36.347310027 ], [ 136.865100272, 36.34966036 ], [ 136.87304450100001, 36.366912054 ], [ 136.87511192, 36.342745946 ], [ 136.907474228000012, 36.360841559 ], [ 136.954896887, 36.339350441 ], [ 136.973271777, 36.309908198 ], [ 136.957837756, 36.277825414 ], [ 136.975305772000013, 36.274364027 ], [ 137.002557497, 36.286895946 ], [ 137.021251219, 36.309176468 ], [ 137.037570972999987, 36.317438667 ], [ 137.058735525, 36.342500333 ], [ 137.048921089, 36.345213414 ], [ 137.058447328, 36.371975081 ], [ 137.078726005, 36.384311441 ], [ 137.094882672000011, 36.383966721 ], [ 137.111510310999989, 36.415382838 ], [ 137.122000311, 36.417150054 ], [ 137.159696615, 36.456444198 ], [ 137.191644384, 36.454577252 ], [ 137.204870726, 36.436773892 ], [ 137.231360752, 36.444261919 ], [ 137.247611971, 36.461963865 ], [ 137.256378586000011, 36.451141333 ], [ 137.277773359, 36.464816027 ], [ 137.316782529, 36.460989 ], [ 137.305145720000013, 36.436212333 ], [ 137.319529831000011, 36.424457865 ], [ 137.357999922, 36.436308892 ], [ 137.361497781999987, 36.450051387 ], [ 137.394874527000013, 36.455574414 ], [ 137.395221634, 36.436397468 ], [ 137.410160272000013, 36.424630802 ], [ 137.460829053, 36.412236108 ], [ 137.473986083, 36.425354694 ], [ 137.511721167, 36.423449171 ], [ 137.520833087, 36.405809505 ], [ 137.539973061000012, 36.392700108 ], [ 137.587347198, 36.389800532 ], [ 137.58708655, 36.371964171 ], [ 137.61917345, 36.364209279 ], [ 137.645607133999988, 36.341260721 ], [ 137.652421141, 36.321823225 ], [ 137.64782061, 36.289051748 ], [ 137.628797808, 36.278365919 ], [ 137.59635022, 36.242976171 ], [ 137.583025383, 36.220396468 ], [ 137.572980414999989, 36.218410919 ], [ 137.581042724000014, 36.195309802 ], [ 137.595174617, 36.190349532 ], [ 137.591222477, 36.164117054 ], [ 137.554689494, 36.14001064 ], [ 137.560466887, 36.130471198 ], [ 137.550857523, 36.109875081 ], [ 137.572348612000013, 36.088592081 ], [ 137.596814449, 36.075841027 ], [ 137.613950052, 36.076387171 ], [ 137.613723333, 36.059616892 ], [ 137.598324643000012, 36.043189108 ], [ 137.599494060000012, 36.025936081 ], [ 137.59029594, 36.006541108 ], [ 137.543458029, 35.982870802 ], [ 137.542071894, 35.967571946 ], [ 137.518884254, 35.939733919 ], [ 137.505572244, 35.940620586 ], [ 137.483431284, 35.913788108 ], [ 137.476169000999988, 35.894017306 ], [ 137.458648106, 35.889314505 ], [ 137.437614137, 35.905050865 ], [ 137.380816161000013, 35.892422225 ], [ 137.367165058000012, 35.876798081 ], [ 137.356776744, 35.842732279 ], [ 137.332143943, 35.840680054 ], [ 137.324551751, 35.812020919 ], [ 137.33627869, 35.79882536 ], [ 137.360285940000011, 35.795968441 ], [ 137.393842361, 35.797645946 ], [ 137.399947911999988, 35.775396252 ], [ 137.423543217, 35.775157387 ], [ 137.440179339, 35.758553252 ], [ 137.46475214, 35.756371613 ], [ 137.465539883, 35.743765505 ], [ 137.487626783, 35.716483865 ], [ 137.486042049, 35.705499441 ], [ 137.509425330999989, 35.682379198 ], [ 137.535373916999987, 35.665805054 ], [ 137.545447497, 35.651082279 ], [ 137.528149948, 35.635977559 ], [ 137.513808781, 35.608022838 ], [ 137.537603190999988, 35.584451468 ], [ 137.571303527999987, 35.584160919 ], [ 137.564279053, 35.569008135 ], [ 137.58093241200001, 35.538931468 ], [ 137.60725608300001, 35.533543414 ], [ 137.631755006, 35.509175613 ], [ 137.62442968900001, 35.493826748 ], [ 137.632379974, 35.474156748 ], [ 137.593011193, 35.447106748 ], [ 137.615304812, 35.430839252 ], [ 137.633689221999987, 35.399035108 ], [ 137.618430558, 35.391738441 ], [ 137.575227782000013, 35.400008721 ], [ 137.598387198000012, 35.379181775 ], [ 137.601548197, 35.331038441 ], [ 137.575009585, 35.316975387 ], [ 137.556536783000013, 35.309185387 ], [ 137.561984254, 35.289317054 ], [ 137.543429221999986, 35.280553441 ], [ 137.518935331, 35.283327306 ], [ 137.520751166999986, 35.273557306 ], [ 137.484299728, 35.257428694 ], [ 137.429186031, 35.222880946 ], [ 137.416806887, 35.240401748 ], [ 137.388193554, 35.240119802 ], [ 137.385120246000014, 35.258703946 ], [ 137.350502412, 35.257176225 ], [ 137.346406615, 35.271232892 ], [ 137.308081050999988, 35.291155694 ], [ 137.275788807, 35.290612721 ], [ 137.260813774000013, 35.275174441 ], [ 137.221699274, 35.255847532 ], [ 137.189488145000013, 35.252569198 ], [ 137.176093165, 35.270382802 ], [ 137.165346498, 35.283343919 ], [ 137.145829830999986, 35.279799468 ], [ 137.13159428, 35.293627802 ], [ 137.101027082, 35.301616108 ], [ 137.096279274000011, 35.290701108 ], [ 137.081310661, 35.292190838 ], [ 137.066627082, 35.309118586 ], [ 137.072978807, 35.326456919 ], [ 137.046311336, 35.339541333 ], [ 137.047621699, 35.364692946 ], [ 137.015263748, 35.381335919 ], [ 137.002123748, 35.381480613 ], [ 136.978264720999988, 35.403176054 ], [ 136.993215642, 35.424195775 ], [ 136.96111703, 35.414582108 ], [ 136.961713022, 35.399771333 ], [ 136.921450026, 35.379029532 ], [ 136.892717756, 35.378089 ], [ 136.864931829, 35.372605414 ], [ 136.834039001, 35.35594464 ], [ 136.794063722, 35.366068225 ], [ 136.777199001000014, 35.369502946 ], [ 136.77708511, 35.373059054 ], [ 136.774640947, 35.369604054 ], [ 136.753946160999988, 35.344893802 ], [ 136.725733307000013, 35.29561436 ], [ 136.704576057, 35.275576586 ], [ 136.677874643, 35.24105764 ], [ 136.679875188000011, 35.228205441 ], [ 136.683132698, 35.199830171 ], [ 136.672317392999986, 35.188777387 ], [ 136.672777717, 35.134777135 ], [ 136.64628406, 35.165808505 ] ], [ [ 136.792019831, 35.369567667 ], [ 136.79218761300001, 35.368770721 ], [ 136.793841504999989, 35.369217946 ], [ 136.792019831, 35.369567667 ] ], [ [ 137.075917471, 35.448013667 ], [ 137.078577173000014, 35.444718414 ], [ 137.08158939, 35.446415919 ], [ 137.075917471, 35.448013667 ] ] ] } },
{ "type": "Feature", "properties": { "N03_001": "岡山県" }, "geometry": { "type": "MultiPolygon", "coordinates": [ [ [ [ 133.517057756000014, 34.382406261 ], [ 133.544868042, 34.402176847 ], [ 133.54568882, 34.366548018 ], [ 133.517057756000014, 34.382406261 ] ] ], [ [ [ 133.518667236999988, 34.408475802 ], [ 133.51387994800001, 34.389763919 ], [ 133.505183294, 34.40351873 ], [ 133.518667236999988, 34.408475802 ] ] ], [ [ [ 133.668893606000012, 34.487583216 ], [ 133.669193022, 34.502028027 ], [ 133.684416328999987, 34.504266721 ], [ 133.683503022, 34.489219081 ], [ 133.668893606000012, 34.487583216 ] ] ], [ [ [ 133.519384112000012, 34.473131162 ], [ 133.527470246, 34.453886523 ], [ 133.500935383000012, 34.451725297 ], [ 133.488947588, 34.441015892 ], [ 133.476012996, 34.452152036 ], [ 133.490290738999988, 34.459962829 ], [ 133.484383799999989, 34.465950306 ], [ 133.456323645, 34.454538108 ], [ 133.456479287, 34.47056109 ], [ 133.446908470000011, 34.480267667 ], [ 133.455438885, 34.494901387 ], [ 133.447364163, 34.520786667 ], [ 133.449436666999986, 34.542764441 ], [ 133.446029728000013, 34.556433613 ], [ 133.426732776, 34.569144721 ], [ 133.42316917, 34.585543892 ], [ 133.397006108999989, 34.594884162 ], [ 133.384685551, 34.616835 ], [ 133.387190272, 34.636381946 ], [ 133.403378054, 34.671922495 ], [ 133.385486939, 34.677538054 ], [ 133.370588327, 34.711818613 ], [ 133.358230558, 34.733345559 ], [ 133.369648327, 34.744586387 ], [ 133.36466, 34.767114162 ], [ 133.376847223999988, 34.781752775 ], [ 133.378085836999986, 34.808359721 ], [ 133.342229728, 34.830276667 ], [ 133.328863606, 34.853045559 ], [ 133.330664449000011, 34.855925 ], [ 133.301099442, 34.88445 ], [ 133.294094449, 34.903080829 ], [ 133.30944555100001, 34.937045 ], [ 133.29726166, 34.956003892 ], [ 133.321725837, 34.987925559 ], [ 133.32175722400001, 35.006145 ], [ 133.304484163000012, 35.015358054 ], [ 133.269139169999988, 35.057678333 ], [ 133.290823891, 35.070943892 ], [ 133.288262503, 35.095914171 ], [ 133.29872, 35.103879441 ], [ 133.325516939000011, 35.093469171 ], [ 133.338222503, 35.106562775 ], [ 133.354873891000011, 35.100771108 ], [ 133.378787781999989, 35.114666108 ], [ 133.411825837, 35.121146108 ], [ 133.393361946, 35.169144721 ], [ 133.39463917, 35.177329721 ], [ 133.40743917, 35.185882225 ], [ 133.447556394, 35.171296108 ], [ 133.466971660000013, 35.175156667 ], [ 133.501136108999987, 35.192768333 ], [ 133.526111115, 35.182885838 ], [ 133.522354721, 35.207934171 ], [ 133.508086939, 35.233030559 ], [ 133.51722722400001, 35.240737225 ], [ 133.55491, 35.24181 ], [ 133.566637496999988, 35.255589721 ], [ 133.57678639400001, 35.314413613 ], [ 133.596414449, 35.344895559 ], [ 133.622191388, 35.336709441 ], [ 133.649177224, 35.336337505 ], [ 133.677361946, 35.319293333 ], [ 133.69710917, 35.327144441 ], [ 133.762338327, 35.311086667 ], [ 133.783733061, 35.294765279 ], [ 133.800006939000014, 35.292648892 ], [ 133.818146109, 35.252634171 ], [ 133.843729442000011, 35.253485 ], [ 133.865943333, 35.272258892 ], [ 133.862008612000011, 35.292361108 ], [ 133.881377781999987, 35.293945279 ], [ 133.908429727999987, 35.307246108 ], [ 133.92522166, 35.306898892 ], [ 133.931535279, 35.333206108 ], [ 133.945321388, 35.332615559 ], [ 133.969632776, 35.347834441 ], [ 134.014805837000011, 35.350391387 ], [ 134.015464163, 35.334947225 ], [ 133.999468326999988, 35.314650559 ], [ 134.030141945999986, 35.305421108 ], [ 134.070216394, 35.297273613 ], [ 134.086297497, 35.307325559 ], [ 134.122302776, 35.281073892 ], [ 134.13924, 35.279047225 ], [ 134.150578884999987, 35.257956387 ], [ 134.137475279, 35.239245559 ], [ 134.164184162999987, 35.227975559 ], [ 134.153976667, 35.194640838 ], [ 134.167534448999987, 35.171825838 ], [ 134.189936667000012, 35.175865279 ], [ 134.192850558, 35.188561667 ], [ 134.216520272, 35.189488613 ], [ 134.249758885, 35.200680559 ], [ 134.26047166, 35.210976108 ], [ 134.281334994, 35.196703333 ], [ 134.322697497, 35.202754171 ], [ 134.336553606, 35.219483333 ], [ 134.374671946, 35.237244171 ], [ 134.381382776, 35.248853054 ], [ 134.402814449, 35.241024441 ], [ 134.382516939, 35.221724441 ], [ 134.382992503, 35.194438892 ], [ 134.411083061, 35.186966946 ], [ 134.408685551, 35.147869721 ], [ 134.383084720999989, 35.152490279 ], [ 134.367393333, 35.146961387 ], [ 134.352283891000013, 35.111100279 ], [ 134.349551115, 35.090222775 ], [ 134.319083333, 35.083442505 ], [ 134.316331946, 35.043199721 ], [ 134.281171660000012, 35.036875559 ], [ 134.265762218, 35.004966946 ], [ 134.285543891, 34.996896946 ], [ 134.269583333000014, 34.978693613 ], [ 134.276955550999986, 34.963330279 ], [ 134.254202502999988, 34.946003613 ], [ 134.254094163, 34.937656667 ], [ 134.295014994000013, 34.907462495 ], [ 134.262353891, 34.881983054 ], [ 134.267075279000011, 34.875477775 ], [ 134.253016108999986, 34.851378054 ], [ 134.263821115000013, 34.826682775 ], [ 134.282476939, 34.829803613 ], [ 134.295607497, 34.818056387 ], [ 134.316361388, 34.802574441 ], [ 134.315827782000014, 34.781040829 ], [ 134.333222776000014, 34.765714721 ], [ 134.321530558, 34.761709162 ], [ 134.313026939, 34.738397225 ], [ 134.321729442, 34.721946108 ], [ 134.298106096, 34.736554288 ], [ 134.267627406, 34.730263252 ], [ 134.268587263, 34.719177847 ], [ 134.241437276, 34.718413757 ], [ 134.229237925, 34.731191018 ], [ 134.207980959999986, 34.730037351 ], [ 134.193929637, 34.720150414 ], [ 134.21410271100001, 34.715307252 ], [ 134.197453384999989, 34.708164423 ], [ 134.218549416, 34.709594829 ], [ 134.229366043999988, 34.714754955 ], [ 134.242733333, 34.695594441 ], [ 134.21692, 34.683798892 ], [ 134.188526394, 34.650805829 ], [ 134.172045279, 34.649579721 ], [ 134.173154449, 34.617337306 ], [ 134.147554993999989, 34.617025 ], [ 134.134362218, 34.607821667 ], [ 134.138378638, 34.599545892 ], [ 134.112186939, 34.588467775 ], [ 134.110737328, 34.589277468 ], [ 134.110305966, 34.58935864 ], [ 134.103524060000012, 34.589577135 ], [ 134.054110388999987, 34.586595586 ], [ 134.064018612000012, 34.604758414 ], [ 134.064487445, 34.606017279 ], [ 134.0640238, 34.607543613 ], [ 133.995796796, 34.613535865 ], [ 133.97088546, 34.601798324 ], [ 133.946051555999986, 34.598990865 ], [ 133.95918978, 34.583656748 ], [ 133.967974112, 34.592570721 ], [ 134.032688223, 34.597780802 ], [ 134.03419542200001, 34.573756486 ], [ 134.018899065999989, 34.543861279 ], [ 134.01476642, 34.550630658 ], [ 134.001133735, 34.545586577 ], [ 133.995373904, 34.533442946 ], [ 134.003442516, 34.511489541 ], [ 133.986891711999988, 34.530866477 ], [ 133.95945784700001, 34.522733135 ], [ 133.95689489, 34.514684541 ], [ 133.956474942, 34.505967973 ], [ 133.964823994999989, 34.494927477 ], [ 133.93812275, 34.481066757 ], [ 133.943226342, 34.455291225 ], [ 133.919202528999989, 34.449785793 ], [ 133.880141141, 34.456841459 ], [ 133.867143995, 34.467276198 ], [ 133.836471855000013, 34.474574946 ], [ 133.815152023, 34.467846586 ], [ 133.808725577, 34.461515441 ], [ 133.809635772, 34.446880586 ], [ 133.82238594, 34.429687532 ], [ 133.801968003000013, 34.437160495 ], [ 133.774213502, 34.462311333 ], [ 133.758135162, 34.468527919 ], [ 133.759577807999989, 34.485846613 ], [ 133.74832856, 34.489466468 ], [ 133.737920467, 34.524824027 ], [ 133.735050311, 34.498593468 ], [ 133.743399079, 34.470601532 ], [ 133.704030052, 34.477826694 ], [ 133.705334112, 34.523063495 ], [ 133.684070803999987, 34.507072973 ], [ 133.676876615, 34.518402667 ], [ 133.658593696, 34.520345333 ], [ 133.648031440000011, 34.512122532 ], [ 133.647168418, 34.503757054 ], [ 133.603739403, 34.495143396 ], [ 133.594145292, 34.49106482 ], [ 133.588727108, 34.482480802 ], [ 133.601812503, 34.473624721 ], [ 133.573241245, 34.465904613 ], [ 133.558928703, 34.468036775 ], [ 133.540384462, 34.461383559 ], [ 133.514748637999986, 34.490050171 ], [ 133.493636304, 34.505663559 ], [ 133.519384112000012, 34.473131162 ] ] ], [ [ [ 134.188448612, 34.614743333 ], [ 134.194675279, 34.607071387 ], [ 134.167907496999987, 34.602202225 ], [ 134.188448612, 34.614743333 ] ] ], [ [ [ 134.218493333, 34.675751387 ], [ 134.244706394, 34.678759721 ], [ 134.224604163, 34.667801667 ], [ 134.218493333, 34.675751387 ] ] ], [ [ [ 134.26333166, 34.706533054 ], [ 134.257637717, 34.689958495 ], [ 134.250390829999986, 34.705778054 ], [ 134.26333166, 34.706533054 ] ] ], [ [ [ 134.293981659999986, 34.730103892 ], [ 134.322868885, 34.714101108 ], [ 134.331777781999989, 34.723033892 ], [ 134.346717224, 34.710291667 ], [ 134.32396055800001, 34.711153613 ], [ 134.284968885000012, 34.706068613 ], [ 134.274701946, 34.713457225 ], [ 134.293981659999986, 34.730103892 ] ] ] ] } },
{ "type": "Feature", "properties": { "N03_001": "岩手県" }, "geometry": { "type": "Polygon", "coordinates": [ [ [ 141.490456031, 38.943164748 ], [ 141.489088833000011, 38.907033748 ], [ 141.466187198, 38.893662865 ], [ 141.450693139, 38.875143532 ], [ 141.463890584000012, 38.853011081 ], [ 141.449834864, 38.837389802 ], [ 141.459091362, 38.815241306 ], [ 141.437348029, 38.812839892 ], [ 141.437932283, 38.782239279 ], [ 141.410132477, 38.76781436 ], [ 141.414863995, 38.786202081 ], [ 141.393812672, 38.799839865 ], [ 141.349626744, 38.812294279 ], [ 141.33466144, 38.806908613 ], [ 141.308962503, 38.822163892 ], [ 141.304549754, 38.79346036 ], [ 141.27331869, 38.797038252 ], [ 141.254756329, 38.759678838 ], [ 141.215838612, 38.748470559 ], [ 141.20606131, 38.76948436 ], [ 141.18097099900001, 38.784525667 ], [ 141.157302140000013, 38.782625423 ], [ 141.138579585, 38.790812694 ], [ 141.139920362999987, 38.814302721 ], [ 141.104949027, 38.822687838 ], [ 141.104823696000011, 38.837347252 ], [ 141.120940661, 38.835096252 ], [ 141.14678269800001, 38.856266775 ], [ 141.139479689000012, 38.877488532 ], [ 141.107983411, 38.87765836 ], [ 141.093349416, 38.887861027 ], [ 141.07477214, 38.879465973 ], [ 141.043506329, 38.876565225 ], [ 141.02156697800001, 38.886131027 ], [ 140.989813113, 38.874317505 ], [ 140.95449725, 38.909831054 ], [ 140.910374189, 38.92744436 ], [ 140.885431089, 38.927031171 ], [ 140.840693112999986, 38.950575505 ], [ 140.824058106, 38.964119838 ], [ 140.773590168999988, 38.958084468 ], [ 140.764032891999989, 39.000192054 ], [ 140.784928949, 39.019713559 ], [ 140.793533359, 39.041716865 ], [ 140.810233528, 39.057238135 ], [ 140.799976913, 39.07654436 ], [ 140.752906278000012, 39.086016333 ], [ 140.769980752, 39.124164865 ], [ 140.749726161000012, 39.140410802 ], [ 140.773877445000011, 39.167592387 ], [ 140.807857691, 39.178383108 ], [ 140.797392724, 39.189956198 ], [ 140.764849053, 39.197760468 ], [ 140.766618301, 39.208525441 ], [ 140.770467523, 39.223458748 ], [ 140.788662386999988, 39.238428667 ], [ 140.717828716000014, 39.272608838 ], [ 140.718556109, 39.295240838 ], [ 140.693585888, 39.299592973 ], [ 140.698586589, 39.328429748 ], [ 140.692949416, 39.358120532 ], [ 140.675639689, 39.368341532 ], [ 140.679968417999987, 39.381566865 ], [ 140.656170973, 39.389145919 ], [ 140.657476226, 39.411682973 ], [ 140.67939703, 39.417014838 ], [ 140.685595058, 39.437262973 ], [ 140.676987419, 39.448403892 ], [ 140.698154423, 39.467784694 ], [ 140.724404553, 39.48053436 ], [ 140.713271414, 39.49405664 ], [ 140.72465297, 39.518462721 ], [ 140.73822358000001, 39.523054027 ], [ 140.739517082, 39.546846802 ], [ 140.730359416, 39.565842721 ], [ 140.754296719, 39.570719505 ], [ 140.764268781, 39.587854171 ], [ 140.795313411, 39.602992586 ], [ 140.820215227, 39.652763135 ], [ 140.822575811, 39.688174748 ], [ 140.809903606, 39.708022532 ], [ 140.794460584, 39.709596 ], [ 140.774822476999987, 39.734552721 ], [ 140.79752258100001, 39.741176586 ], [ 140.819528521, 39.771853721 ], [ 140.848270558, 39.793251387 ], [ 140.841647302000013, 39.804920892 ], [ 140.783018495, 39.831239414 ], [ 140.789194189, 39.84914936 ], [ 140.782236355, 39.867848586 ], [ 140.799514034, 39.881678775 ], [ 140.828380143, 39.885022748 ], [ 140.852924423, 39.865787441 ], [ 140.877884086, 39.874291135 ], [ 140.868054253999986, 39.911660919 ], [ 140.854694942, 39.923289135 ], [ 140.857209001, 39.953032054 ], [ 140.847935305, 39.959332973 ], [ 140.850409027000012, 40.031709946 ], [ 140.855365837, 40.046698865 ], [ 140.844477808, 40.074590946 ], [ 140.877331115, 40.098086252 ], [ 140.880962387000011, 40.11393464 ], [ 140.866988948999989, 40.132367838 ], [ 140.882371025, 40.150846198 ], [ 140.860308833, 40.173271721 ], [ 140.892362529, 40.192279468 ], [ 140.905480829999988, 40.222137667 ], [ 140.940959922, 40.22689836 ], [ 140.940092023, 40.240240946 ], [ 140.955073891000012, 40.247628135 ], [ 140.980057639, 40.219633505 ], [ 141.025978003, 40.221680946 ], [ 141.041881776999986, 40.236860198 ], [ 141.059949805, 40.238308802 ], [ 141.076405863, 40.25263836 ], [ 141.110054501, 40.261051721 ], [ 141.099804864, 40.280177973 ], [ 141.15919358, 40.30478764 ], [ 141.197671803, 40.307698414 ], [ 141.218656446000011, 40.315323694 ], [ 141.226316615, 40.327954306 ], [ 141.262429442000013, 40.349475468 ], [ 141.292318301, 40.351668252 ], [ 141.297341777000014, 40.365395802 ], [ 141.317097782, 40.372656387 ], [ 141.33633808, 40.360196694 ], [ 141.334004617, 40.345601054 ], [ 141.350996641, 40.331072973 ], [ 141.376645642, 40.338925613 ], [ 141.39309814500001, 40.360685586 ], [ 141.42360608300001, 40.36087264 ], [ 141.43395313900001, 40.373716694 ], [ 141.480466912999987, 40.37613 ], [ 141.515154578, 40.35350164 ], [ 141.539030999, 40.347972613 ], [ 141.553698884999989, 40.358657667 ], [ 141.581350052, 40.373837441 ], [ 141.581239883, 40.398426279 ], [ 141.595124449, 40.412133306 ], [ 141.631335914, 40.420253892 ], [ 141.669946589, 40.437244306 ], [ 141.68259083, 40.450255604 ], [ 141.693990752, 40.43500091 ], [ 141.720603061, 40.408461423 ], [ 141.720568469999989, 40.400093315 ], [ 141.721282412, 40.398312694 ], [ 141.730258948999989, 40.387569135 ], [ 141.754975084, 40.367155135 ], [ 141.775111543, 40.32038055 ], [ 141.794334060000011, 40.29582891 ], [ 141.809721673000013, 40.276599252 ], [ 141.830185927, 40.227958099 ], [ 141.807454306000011, 40.215370577 ], [ 141.79360354100001, 40.195029802 ], [ 141.801646602, 40.184218658 ], [ 141.8601007, 40.161395288 ], [ 141.870468768, 40.134618523 ], [ 141.84870153, 40.134776667 ], [ 141.842671997, 40.130660991 ], [ 141.825654553, 40.101335153 ], [ 141.833502283, 40.074270261 ], [ 141.851525875, 40.055360369 ], [ 141.854927406, 40.055593739 ], [ 141.855677108, 40.054637225 ], [ 141.856424345, 40.054005018 ], [ 141.87090889800001, 40.048385225 ], [ 141.899184577999989, 40.016875658 ], [ 141.909611453, 40.010828577 ], [ 141.91590444900001, 40.007982261 ], [ 141.929616809, 40.008154532 ], [ 141.948256005, 39.989352252 ], [ 141.948479805, 39.989358324 ], [ 141.954489663, 39.983174252 ], [ 141.952492023, 39.946318775 ], [ 141.945253761, 39.945973757 ], [ 141.939674488, 39.939080396 ], [ 141.939732477, 39.919604198 ], [ 141.955192698, 39.891132613 ], [ 141.959660104, 39.887470676 ], [ 141.971063385, 39.880990414 ], [ 141.974488767999986, 39.846321387 ], [ 141.979850532, 39.830971775 ], [ 141.97944110200001, 39.830883685 ], [ 141.97851035, 39.830687739 ], [ 141.984101427000013, 39.788346459 ], [ 141.996522815, 39.777871477 ], [ 141.98836875500001, 39.762756829 ], [ 141.988135435, 39.760981414 ], [ 141.988938729000012, 39.756632063 ], [ 141.992134189000012, 39.747699613 ], [ 141.971790389, 39.728816802 ], [ 141.986151089, 39.713053441 ], [ 141.976889222000011, 39.706862414 ], [ 141.972979676, 39.702082802 ], [ 141.967308261999989, 39.691032315 ], [ 141.967865784999987, 39.688254252 ], [ 141.984964617, 39.682502135 ], [ 141.974817224, 39.668106946 ], [ 141.971097834, 39.661018595 ], [ 141.957490817, 39.604091288 ], [ 141.945285616, 39.598626414 ], [ 141.957557847, 39.585716802 ], [ 141.987434474999986, 39.617919505 ], [ 142.015511608, 39.652398973 ], [ 142.022671167, 39.652666712 ], [ 142.022493981999986, 39.616173991 ], [ 142.027343943, 39.577520171 ], [ 142.058281777, 39.560438081 ], [ 142.064424306, 39.536168027 ], [ 142.037664436, 39.531588342 ], [ 142.033440545, 39.529361793 ], [ 142.029170752, 39.521765505 ], [ 142.023303839, 39.502703721 ], [ 142.011583191, 39.501730387 ], [ 142.010554643, 39.499880414 ], [ 142.009039300000012, 39.495052027 ], [ 142.009214553, 39.489002613 ], [ 142.011525642, 39.480106694 ], [ 141.974203748, 39.482586225 ], [ 141.95426454, 39.466668306 ], [ 141.962333152000014, 39.448016658 ], [ 141.979510921000013, 39.438965856 ], [ 142.026322166, 39.473254387 ], [ 142.036406328999988, 39.482136667 ], [ 142.057523748, 39.472591306 ], [ 142.037924253999989, 39.445200027 ], [ 142.038413307000013, 39.425425081 ], [ 142.008297354, 39.425312919 ], [ 141.998138067000014, 39.412191532 ], [ 141.972796109, 39.422221775 ], [ 141.95754547300001, 39.405536559 ], [ 141.952938145, 39.399354468 ], [ 141.945955616, 39.393692225 ], [ 141.937987938, 39.384816577 ], [ 141.939456095999986, 39.380406315 ], [ 141.956680584, 39.362482802 ], [ 141.937170544999987, 39.35017682 ], [ 141.915967406, 39.356064802 ], [ 141.915316822, 39.345621667 ], [ 141.897736122, 39.338322748 ], [ 141.896106667, 39.332132955 ], [ 141.912271868, 39.324346766 ], [ 141.940905837, 39.328821054 ], [ 141.982588171, 39.339079973 ], [ 141.97493834, 39.327232279 ], [ 141.921664501, 39.309895775 ], [ 141.890655668, 39.307759441 ], [ 141.887208003000012, 39.303228477 ], [ 141.886877211000012, 39.302045045 ], [ 141.927658521000012, 39.266923171 ], [ 141.914657108, 39.271046045 ], [ 141.894963671, 39.271772604 ], [ 141.888201724999988, 39.273189757 ], [ 141.902712296, 39.252867459 ], [ 141.894011971, 39.248884441 ], [ 141.923260065, 39.238081432 ], [ 141.943661284, 39.237059784 ], [ 141.904987224, 39.207138802 ], [ 141.887020363, 39.20814145 ], [ 141.86541939, 39.204861964 ], [ 141.864880454, 39.201832108 ], [ 141.86634249, 39.191770586 ], [ 141.890720454, 39.181175324 ], [ 141.920882166000013, 39.182213387 ], [ 141.887291946, 39.155738739 ], [ 141.850400571, 39.157018712 ], [ 141.84418534400001, 39.154638081 ], [ 141.836995019, 39.144538234 ], [ 141.872352062, 39.116477072 ], [ 141.874272763, 39.115282568 ], [ 141.909488703, 39.108521676 ], [ 141.892260623, 39.096336892 ], [ 141.889538015999989, 39.089259081 ], [ 141.860010506, 39.103999378 ], [ 141.856830804, 39.104899874 ], [ 141.819013217, 39.11419164 ], [ 141.809523035000012, 39.103178153 ], [ 141.809233709000011, 39.089212315 ], [ 141.825962503, 39.074609523 ], [ 141.869156005, 39.063307 ], [ 141.820023139, 39.059488559 ], [ 141.815986978000012, 39.059045378 ], [ 141.814459817999989, 39.058625667 ], [ 141.81764110200001, 39.049419135 ], [ 141.823373358999987, 39.04624545 ], [ 141.848453917, 39.035822189 ], [ 141.843343191, 39.026718072 ], [ 141.795691141, 39.027528856 ], [ 141.797837613000013, 39.03843473 ], [ 141.796224488, 39.043249856 ], [ 141.778717173, 39.028551838 ], [ 141.76982485100001, 39.034918243 ], [ 141.768172516, 39.034168856 ], [ 141.756600337, 39.019609099 ], [ 141.745667134, 39.024574153 ], [ 141.729966848, 39.023962793 ], [ 141.738483890999987, 39.038583541 ], [ 141.738457315, 39.062847171 ], [ 141.732110389000013, 39.069585658 ], [ 141.7296869, 39.070923315 ], [ 141.709638911000013, 39.024730387 ], [ 141.737794449, 39.000774018 ], [ 141.739161777, 38.988529432 ], [ 141.712374993999987, 38.997473315 ], [ 141.713777743, 38.986604577 ], [ 141.698261855, 38.975988766 ], [ 141.696166952, 38.970662694 ], [ 141.697735435, 38.967545775 ], [ 141.702054202, 38.964524955 ], [ 141.723497794999986, 38.957128369 ], [ 141.704343021999989, 38.945040072 ], [ 141.688508158, 38.964955441 ], [ 141.672212166, 38.973122991 ], [ 141.667776874, 38.989013054 ], [ 141.682708262, 38.996577009 ], [ 141.670057211, 39.005130423 ], [ 141.64025872900001, 39.006983198 ], [ 141.627220026, 39.002319342 ], [ 141.624811920000013, 38.985643081 ], [ 141.625429222, 38.981615243 ], [ 141.631722659, 38.970704297 ], [ 141.605045252999986, 38.985135775 ], [ 141.574538366000013, 38.987292532 ], [ 141.566994332, 38.995983279 ], [ 141.523134228, 38.991345892 ], [ 141.51787847, 39.001657973 ], [ 141.492381970999986, 38.998959721 ], [ 141.483533969, 38.978166694 ], [ 141.490456031, 38.943164748 ] ], [ [ 141.889137743, 39.273109027 ], [ 141.889194241000013, 39.273089775 ], [ 141.889159455, 39.273142523 ], [ 141.889137743, 39.273109027 ] ], [ [ 142.001316847999988, 39.447594739 ], [ 142.000928015999989, 39.447408586 ], [ 142.001608106, 39.447225919 ], [ 142.001316847999988, 39.447594739 ] ] ] } },
{ "type": "Feature", "properties": { "N03_001": "島根県" }, "geometry": { "type": "MultiPolygon", "coordinates": [ [ [ [ 132.017320829999989, 34.440271387 ], [ 131.989941388, 34.413208333 ], [ 132.01352166, 34.382025559 ], [ 131.974133333, 34.341368613 ], [ 131.958681388, 34.306343613 ], [ 131.930235837, 34.333077225 ], [ 131.915047496999989, 34.335463613 ], [ 131.899659727999989, 34.318231667 ], [ 131.887545550999988, 34.327237495 ], [ 131.881290272, 34.308618892 ], [ 131.869576109, 34.304969721 ], [ 131.83406083, 34.311155829 ], [ 131.831436667, 34.302615279 ], [ 131.796467497, 34.318878613 ], [ 131.774607224, 34.337519721 ], [ 131.77095055800001, 34.356186108 ], [ 131.763456667000014, 34.380935559 ], [ 131.784778327, 34.399860829 ], [ 131.793819727999988, 34.436213054 ], [ 131.712869442, 34.428494721 ], [ 131.693896394, 34.443566108 ], [ 131.696096667, 34.480859162 ], [ 131.667969728, 34.504095279 ], [ 131.706738054, 34.533075559 ], [ 131.702830272, 34.565066108 ], [ 131.724419727999987, 34.571991667 ], [ 131.716917782, 34.605990279 ], [ 131.694818612, 34.620678613 ], [ 131.6979, 34.645455829 ], [ 131.684443606, 34.667155829 ], [ 131.69062166, 34.681045 ], [ 131.690969169999988, 34.677113613 ], [ 131.704450272, 34.672469162 ], [ 131.73968, 34.674611667 ], [ 131.762508327, 34.679016667 ], [ 131.810798911, 34.692112775 ], [ 131.828718586, 34.699493387 ], [ 131.849178560000013, 34.711308162 ], [ 131.864525551000014, 34.724842225 ], [ 131.870998885, 34.733809162 ], [ 131.874352503000011, 34.742213613 ], [ 131.864646939000011, 34.755286108 ], [ 131.886104994, 34.756678054 ], [ 131.894054163, 34.762447495 ], [ 131.946152387000012, 34.792396027 ], [ 131.947803904000011, 34.79475118 ], [ 131.958483890999986, 34.816401946 ], [ 131.976014449, 34.821216387 ], [ 131.989208948999988, 34.827808865 ], [ 132.008100467, 34.847779919 ], [ 132.026413165, 34.871955432 ], [ 132.051477691, 34.87104536 ], [ 132.056838418000012, 34.873029279 ], [ 132.094752827, 34.934668892 ], [ 132.101411414000012, 34.932042784 ], [ 132.122686861, 34.953181441 ], [ 132.14421751, 34.964009559 ], [ 132.154350271999988, 34.976406532 ], [ 132.192755940000012, 34.997766721 ], [ 132.230912361, 35.026563108 ], [ 132.303711478999986, 35.052949946 ], [ 132.311832243999987, 35.059325667 ], [ 132.3141393, 35.064150414 ], [ 132.326420934, 35.075136838 ], [ 132.325695395999986, 35.088496982 ], [ 132.345295162000014, 35.092234459 ], [ 132.348831115, 35.103409973 ], [ 132.385186925999989, 35.127530234 ], [ 132.429254902999986, 35.189743468 ], [ 132.45085201, 35.199103595 ], [ 132.468235629, 35.217146748 ], [ 132.524111205999986, 35.240510378 ], [ 132.538296524, 35.255732378 ], [ 132.561588405, 35.264340712 ], [ 132.572596135, 35.269676604 ], [ 132.575023178, 35.272296162 ], [ 132.57511391700001, 35.272245964 ], [ 132.575422322, 35.272080081 ], [ 132.575453204000013, 35.272066198 ], [ 132.575523151999988, 35.272037946 ], [ 132.581242309, 35.271322225 ], [ 132.614179947999986, 35.280750586 ], [ 132.629113645, 35.288375892 ], [ 132.662520506, 35.330949505 ], [ 132.671386913, 35.355001198 ], [ 132.672569689, 35.399375532 ], [ 132.656525824, 35.410462559 ], [ 132.627757782, 35.427495559 ], [ 132.678956667, 35.447259721 ], [ 132.686572088, 35.440647 ], [ 132.706094449, 35.442157775 ], [ 132.750068755, 35.447545748 ], [ 132.757092218, 35.456061468 ], [ 132.727863891, 35.469001667 ], [ 132.745973891, 35.471626667 ], [ 132.800291141, 35.483700946 ], [ 132.825953449999986, 35.497518198 ], [ 132.903162775999988, 35.511965838 ], [ 132.96535, 35.514691108 ], [ 132.971398482000012, 35.515937324 ], [ 132.977851388, 35.545795279 ], [ 133.009662217999988, 35.537526946 ], [ 133.027031763999986, 35.538947369 ], [ 133.059602374, 35.563755928 ], [ 133.068818612, 35.584098613 ], [ 133.084436394, 35.579883613 ], [ 133.098332296, 35.580505757 ], [ 133.098171946, 35.597821108 ], [ 133.14125639400001, 35.560911946 ], [ 133.150825279, 35.559577505 ], [ 133.188413372000014, 35.561841405 ], [ 133.224370026, 35.571168054 ], [ 133.256093606, 35.569710838 ], [ 133.297234994, 35.575874721 ], [ 133.298562425, 35.570890243 ], [ 133.325962776000011, 35.566147775 ], [ 133.25256607, 35.552870955 ], [ 133.244621153999987, 35.549111964 ], [ 133.218514163, 35.546309171 ], [ 133.198631946, 35.526015559 ], [ 133.222001946, 35.481401946 ], [ 133.226852775999987, 35.477163333 ], [ 133.27202166, 35.446012505 ], [ 133.30869, 35.430876667 ], [ 133.320572503, 35.410277505 ], [ 133.314161946000013, 35.386651387 ], [ 133.324433891000012, 35.374278613 ], [ 133.296046394, 35.349370279 ], [ 133.292564721, 35.318942505 ], [ 133.306906394, 35.303482505 ], [ 133.299511946, 35.292268892 ], [ 133.310466666999986, 35.268377225 ], [ 133.275211115, 35.257805559 ], [ 133.258668054, 35.261391667 ], [ 133.233211114999989, 35.246745559 ], [ 133.181623890999987, 35.23444 ], [ 133.151707497, 35.216161108 ], [ 133.152880558, 35.203798054 ], [ 133.180812503, 35.202670279 ], [ 133.194905279000011, 35.169890279 ], [ 133.184164163, 35.156903054 ], [ 133.155134721, 35.147377225 ], [ 133.140304163, 35.117283613 ], [ 133.136419442, 35.074259721 ], [ 133.122169442, 35.083986667 ], [ 133.096201946, 35.08539 ], [ 133.086090829999989, 35.078075 ], [ 133.059982776, 35.081096387 ], [ 133.033105837, 35.068244441 ], [ 133.014624449, 35.087646667 ], [ 132.990696394, 35.101304441 ], [ 132.974956666999987, 35.083176387 ], [ 132.947591115, 35.075762225 ], [ 132.90947778200001, 35.086216946 ], [ 132.892738326999989, 35.105079441 ], [ 132.859745694, 35.092366441 ], [ 132.827847782, 35.061219721 ], [ 132.837938611999988, 35.050931667 ], [ 132.813719170000013, 35.040551667 ], [ 132.787850558, 35.004895838 ], [ 132.766993332999988, 34.991196667 ], [ 132.74513, 34.976826387 ], [ 132.749721946, 34.960258892 ], [ 132.720393165, 34.947993694 ], [ 132.706462218000013, 34.954873054 ], [ 132.685094449, 34.950557495 ], [ 132.675928054, 34.932774162 ], [ 132.63402917, 34.904804162 ], [ 132.660518327, 34.890729441 ], [ 132.69983250300001, 34.882233892 ], [ 132.710597782, 34.849860279 ], [ 132.698657497, 34.842947495 ], [ 132.680540558, 34.851748054 ], [ 132.669655837, 34.832812495 ], [ 132.65277083, 34.840180559 ], [ 132.615152776, 34.841841946 ], [ 132.567780272, 34.806154162 ], [ 132.554084721, 34.808283892 ], [ 132.538059728, 34.794991667 ], [ 132.520501388000014, 34.803646108 ], [ 132.483544449, 34.797153613 ], [ 132.436620557999987, 34.820952495 ], [ 132.421058054000014, 34.813933054 ], [ 132.424820829999987, 34.799263613 ], [ 132.398620558, 34.783339162 ], [ 132.383048327000012, 34.794796667 ], [ 132.373078612, 34.801229162 ], [ 132.33380083, 34.790042225 ], [ 132.315821387999989, 34.801416946 ], [ 132.297963333000013, 34.776554162 ], [ 132.279556667, 34.784380829 ], [ 132.255694162999987, 34.807400559 ], [ 132.242792775999987, 34.806689162 ], [ 132.23983166, 34.779651946 ], [ 132.225186667, 34.769984721 ], [ 132.222500272, 34.749717495 ], [ 132.203361660000013, 34.748834162 ], [ 132.189273061, 34.733735559 ], [ 132.177847224, 34.736627225 ], [ 132.141504721, 34.710048333 ], [ 132.130768612, 34.708026108 ], [ 132.160907224, 34.681648054 ], [ 132.140288327, 34.654221946 ], [ 132.126759170000014, 34.639251946 ], [ 132.117637497, 34.601762775 ], [ 132.125528327000012, 34.583151387 ], [ 132.113740557999989, 34.562613333 ], [ 132.083950558, 34.53753 ], [ 132.052378612000012, 34.530275829 ], [ 132.036448054, 34.501261946 ], [ 132.059742776, 34.492270279 ], [ 132.068584994, 34.467671108 ], [ 132.055185279, 34.467795279 ], [ 132.039053891, 34.468887775 ], [ 132.015424449, 34.452042225 ], [ 132.017320829999989, 34.440271387 ] ], [ [ 132.972314721, 35.234383892 ], [ 132.96658083, 35.235584441 ], [ 132.972483061, 35.229180559 ], [ 132.972314721, 35.234383892 ] ] ], [ [ [ 132.999938885, 36.032328333 ], [ 133.038637717, 36.026368 ], [ 133.066157224, 36.006864721 ], [ 133.041458444, 36.013099108 ], [ 133.020143061, 36.006064171 ], [ 132.999938885, 36.032328333 ] ] ], [ [ [ 133.06827, 36.041978613 ], [ 133.078430558, 36.062155838 ], [ 133.077082217999987, 36.074846387 ], [ 133.064328327, 36.101067505 ], [ 133.083943061000014, 36.11176 ], [ 133.091309442000011, 36.096474505 ], [ 133.093518053999986, 36.117675 ], [ 133.126448054, 36.111006946 ], [ 133.113702776, 36.066544721 ], [ 133.096687834, 36.071179586 ], [ 133.108144163, 36.064702505 ], [ 133.06827, 36.041978613 ] ] ], [ [ [ 133.056030271999987, 36.088178892 ], [ 133.042555279, 36.060261667 ], [ 133.016604721, 36.072756108 ], [ 133.005431945999987, 36.090416387 ], [ 132.985687872999989, 36.093318126 ], [ 132.976703606, 36.083386667 ], [ 132.997582218, 36.038388892 ], [ 132.985238054, 36.049428333 ], [ 132.973053061, 36.057404171 ], [ 132.947665551, 36.064010559 ], [ 132.969924994, 36.094448333 ], [ 132.972296938999989, 36.107994171 ], [ 133.005473061, 36.107718892 ], [ 133.012778612, 36.115491946 ], [ 133.012493606, 36.135774441 ], [ 133.055425279, 36.126698054 ], [ 133.071924720999988, 36.140009721 ], [ 133.086655551, 36.126518613 ], [ 133.068733891, 36.113156387 ], [ 133.042339078999987, 36.110875838 ], [ 133.039517030000013, 36.106128973 ], [ 133.056030271999987, 36.088178892 ] ] ], [ [ [ 133.30931153, 36.199463973 ], [ 133.335717419, 36.197198586 ], [ 133.339293554, 36.169636198 ], [ 133.317718469999988, 36.170843505 ], [ 133.279688612, 36.182307225 ], [ 133.281996109, 36.187491667 ], [ 133.278958612, 36.187999171 ], [ 133.276105836999989, 36.180255838 ], [ 133.278018327000012, 36.169607775 ], [ 133.234346109, 36.169571387 ], [ 133.244861115, 36.190158892 ], [ 133.208650830000011, 36.197870279 ], [ 133.208724448999988, 36.209302225 ], [ 133.185356939, 36.214696108 ], [ 133.192529274, 36.245782198 ], [ 133.176587497000014, 36.255951667 ], [ 133.186388612, 36.267563333 ], [ 133.189464721, 36.287920279 ], [ 133.198091440000013, 36.279436586 ], [ 133.210988054000012, 36.302417775 ], [ 133.232178612000013, 36.318249441 ], [ 133.247469169999988, 36.334371946 ], [ 133.256427782, 36.327387775 ], [ 133.270634721, 36.332074441 ], [ 133.280031388, 36.340495279 ], [ 133.375859170000012, 36.270256667 ], [ 133.36785856, 36.20444836 ], [ 133.349409922, 36.206595802 ], [ 133.33916914400001, 36.220416586 ], [ 133.337336472, 36.204341135 ], [ 133.30931153, 36.199463973 ] ] ] ] } },
{ "type": "Feature", "properties": { "N03_001": "広島県" }, "geometry": { "type": "MultiPolygon", "coordinates": [ [ [ [ 132.548251946, 34.151529441 ], [ 132.538946654, 34.107739387 ], [ 132.575935279, 34.127835279 ], [ 132.556508611999988, 34.079993892 ], [ 132.545507756, 34.09778609 ], [ 132.524975603, 34.094963586 ], [ 132.501993139, 34.103181036 ], [ 132.49851917, 34.090958613 ], [ 132.462301387999986, 34.082355559 ], [ 132.455125798000012, 34.114969541 ], [ 132.472222412, 34.118261964 ], [ 132.508895279, 34.141472495 ], [ 132.49306166, 34.153965333 ], [ 132.5034238, 34.18562964 ], [ 132.527019247999988, 34.200221279 ], [ 132.535759442, 34.187420802 ], [ 132.552714306000013, 34.186652748 ], [ 132.540024994, 34.164379468 ], [ 132.521484994, 34.15717536 ], [ 132.53279192, 34.146953946 ], [ 132.548251946, 34.151529441 ] ] ], [ [ [ 132.383195887999989, 34.157165919 ], [ 132.383123864999988, 34.176796459 ], [ 132.41080555100001, 34.166812775 ], [ 132.4137, 34.15066 ], [ 132.383195887999989, 34.157165919 ] ] ], [ [ [ 132.311766109, 34.198416387 ], [ 132.316894163, 34.186627495 ], [ 132.292428054, 34.189054162 ], [ 132.311766109, 34.198416387 ] ] ], [ [ [ 132.474057017, 34.195370045 ], [ 132.473369844, 34.17767636 ], [ 132.490691881, 34.149408225 ], [ 132.460400687, 34.133950928 ], [ 132.429475317999987, 34.128843946 ], [ 132.444842776, 34.151923333 ], [ 132.447548145000013, 34.184298784 ], [ 132.442515733, 34.195437622 ], [ 132.436472399, 34.195166865 ], [ 132.428879585, 34.173032694 ], [ 132.419396926, 34.198755054 ], [ 132.384459338999989, 34.22649836 ], [ 132.384993165, 34.248457297 ], [ 132.37235, 34.258857 ], [ 132.413701659999987, 34.259301667 ], [ 132.425458625, 34.254460982 ], [ 132.438429727999988, 34.225799252 ], [ 132.445004747000013, 34.222891901 ], [ 132.457762581, 34.230939468 ], [ 132.470553618999986, 34.208956396 ], [ 132.473298637999989, 34.208361288 ], [ 132.47628572, 34.215985072 ], [ 132.479216926, 34.232488874 ], [ 132.468811647, 34.246548973 ], [ 132.45609459100001, 34.256741811 ], [ 132.435513437, 34.24744127 ], [ 132.442617652, 34.260939541 ], [ 132.435309442, 34.284824441 ], [ 132.48207406, 34.288022559 ], [ 132.498924916, 34.267107459 ], [ 132.490879079, 34.247071324 ], [ 132.495692244, 34.231975604 ], [ 132.490176732, 34.203858414 ], [ 132.474057017, 34.195370045 ] ] ], [ [ [ 132.193329728, 34.207012225 ], [ 132.202191387999989, 34.223030279 ], [ 132.171211660000012, 34.232464441 ], [ 132.156536939, 34.229351946 ], [ 132.133568884999988, 34.27236 ], [ 132.138181115, 34.287888892 ], [ 132.125362218, 34.305778892 ], [ 132.125069442000012, 34.333812225 ], [ 132.105743061, 34.329316387 ], [ 132.10128083, 34.345309721 ], [ 132.085263333, 34.357881667 ], [ 132.07134166, 34.3554 ], [ 132.077388327, 34.389237775 ], [ 132.06889416300001, 34.416256387 ], [ 132.080994449, 34.44354 ], [ 132.068584994, 34.467671108 ], [ 132.059742776, 34.492270279 ], [ 132.036448054, 34.501261946 ], [ 132.052378612000012, 34.530275829 ], [ 132.083950558, 34.53753 ], [ 132.113740557999989, 34.562613333 ], [ 132.125528327000012, 34.583151387 ], [ 132.117637497, 34.601762775 ], [ 132.126759170000014, 34.639251946 ], [ 132.140288327, 34.654221946 ], [ 132.160907224, 34.681648054 ], [ 132.130768612, 34.708026108 ], [ 132.141504721, 34.710048333 ], [ 132.177847224, 34.736627225 ], [ 132.189273061, 34.733735559 ], [ 132.203361660000013, 34.748834162 ], [ 132.222500272, 34.749717495 ], [ 132.225186667, 34.769984721 ], [ 132.23983166, 34.779651946 ], [ 132.242792775999987, 34.806689162 ], [ 132.255694162999987, 34.807400559 ], [ 132.279556667, 34.784380829 ], [ 132.297963333000013, 34.776554162 ], [ 132.315821387999989, 34.801416946 ], [ 132.33380083, 34.790042225 ], [ 132.373078612, 34.801229162 ], [ 132.383048327000012, 34.794796667 ], [ 132.398620558, 34.783339162 ], [ 132.424820829999987, 34.799263613 ], [ 132.421058054000014, 34.813933054 ], [ 132.436620557999987, 34.820952495 ], [ 132.483544449, 34.797153613 ], [ 132.520501388000014, 34.803646108 ], [ 132.538059728, 34.794991667 ], [ 132.554084721, 34.808283892 ], [ 132.567780272, 34.806154162 ], [ 132.615152776, 34.841841946 ], [ 132.65277083, 34.840180559 ], [ 132.669655837, 34.832812495 ], [ 132.680540558, 34.851748054 ], [ 132.698657497, 34.842947495 ], [ 132.710597782, 34.849860279 ], [ 132.69983250300001, 34.882233892 ], [ 132.660518327, 34.890729441 ], [ 132.63402917, 34.904804162 ], [ 132.675928054, 34.932774162 ], [ 132.685094449, 34.950557495 ], [ 132.706462218000013, 34.954873054 ], [ 132.720393165, 34.947993694 ], [ 132.749721946, 34.960258892 ], [ 132.74513, 34.976826387 ], [ 132.766993332999988, 34.991196667 ], [ 132.787850558, 35.004895838 ], [ 132.813719170000013, 35.040551667 ], [ 132.837938611999988, 35.050931667 ], [ 132.827847782, 35.061219721 ], [ 132.859745694, 35.092366441 ], [ 132.892738326999989, 35.105079441 ], [ 132.90947778200001, 35.086216946 ], [ 132.947591115, 35.075762225 ], [ 132.974956666999987, 35.083176387 ], [ 132.990696394, 35.101304441 ], [ 133.014624449, 35.087646667 ], [ 133.033105837, 35.068244441 ], [ 133.059982776, 35.081096387 ], [ 133.086090829999989, 35.078075 ], [ 133.096201946, 35.08539 ], [ 133.122169442, 35.083986667 ], [ 133.136419442, 35.074259721 ], [ 133.14201, 35.064747775 ], [ 133.16125917, 35.074135838 ], [ 133.179533606, 35.067296667 ], [ 133.249577224, 35.079035559 ], [ 133.269139169999988, 35.057678333 ], [ 133.304484163000012, 35.015358054 ], [ 133.32175722400001, 35.006145 ], [ 133.321725837, 34.987925559 ], [ 133.29726166, 34.956003892 ], [ 133.30944555100001, 34.937045 ], [ 133.294094449, 34.903080829 ], [ 133.301099442, 34.88445 ], [ 133.330664449000011, 34.855925 ], [ 133.328863606, 34.853045559 ], [ 133.342229728, 34.830276667 ], [ 133.378085836999986, 34.808359721 ], [ 133.376847223999988, 34.781752775 ], [ 133.36466, 34.767114162 ], [ 133.369648327, 34.744586387 ], [ 133.358230558, 34.733345559 ], [ 133.370588327, 34.711818613 ], [ 133.385486939, 34.677538054 ], [ 133.403378054, 34.671922495 ], [ 133.387190272, 34.636381946 ], [ 133.384685551, 34.616835 ], [ 133.397006108999989, 34.594884162 ], [ 133.42316917, 34.585543892 ], [ 133.426732776, 34.569144721 ], [ 133.446029728000013, 34.556433613 ], [ 133.449436666999986, 34.542764441 ], [ 133.447364163, 34.520786667 ], [ 133.455438885, 34.494901387 ], [ 133.446908470000011, 34.480267667 ], [ 133.445136588999986, 34.446530838 ], [ 133.408192361, 34.457246802 ], [ 133.440508677, 34.436255928 ], [ 133.431300271999987, 34.424101946 ], [ 133.413037847, 34.436277351 ], [ 133.385437432, 34.420462234 ], [ 133.380489637000011, 34.391675207 ], [ 133.384568236, 34.384217054 ], [ 133.346675149, 34.365481252 ], [ 133.343689559000012, 34.378530216 ], [ 133.32273808, 34.376556838 ], [ 133.305873995000013, 34.387413946 ], [ 133.285340687, 34.387968099 ], [ 133.281560791, 34.401476162 ], [ 133.252298016, 34.388185063 ], [ 133.272028858999988, 34.40660755 ], [ 133.272951737999989, 34.413538324 ], [ 133.270361349000012, 34.43271155 ], [ 133.251637678, 34.441096541 ], [ 133.244578314, 34.423410802 ], [ 133.234051881, 34.411557739 ], [ 133.214226407000012, 34.411171108 ], [ 133.212604436, 34.411071577 ], [ 133.153859987, 34.394680901 ], [ 133.127517691, 34.382567 ], [ 133.084876394, 34.395648613 ], [ 133.09315620000001, 34.388638775 ], [ 133.078941504999989, 34.345380775 ], [ 133.052265084, 34.34286718 ], [ 133.010639546, 34.329142063 ], [ 132.99448166, 34.337533144 ], [ 132.962937289, 34.337165541 ], [ 132.930764578, 34.326344216 ], [ 132.888609663000011, 34.324037063 ], [ 132.854582776, 34.296554441 ], [ 132.846845965999989, 34.291715387 ], [ 132.833581439999989, 34.311953748 ], [ 132.814819559, 34.316543306 ], [ 132.799473554, 34.312687162 ], [ 132.796897951, 34.311532748 ], [ 132.785199481, 34.276986793 ], [ 132.754241051, 34.282338081 ], [ 132.752825616, 34.259896441 ], [ 132.772424941999986, 34.253082775 ], [ 132.7538462, 34.238687333 ], [ 132.742091193, 34.243139667 ], [ 132.701318444, 34.237515775 ], [ 132.684011556, 34.210243162 ], [ 132.661062724, 34.218501135 ], [ 132.643166861, 34.202208252 ], [ 132.615368327, 34.21484064 ], [ 132.617147249999988, 34.222120829 ], [ 132.595620195, 34.231140387 ], [ 132.567036615, 34.197873162 ], [ 132.538235694, 34.193851865 ], [ 132.543920467, 34.209635387 ], [ 132.531556939000012, 34.222171 ], [ 132.548118612, 34.225179333 ], [ 132.558521414000012, 34.238239586 ], [ 132.524844773000012, 34.245161892 ], [ 132.514571776999986, 34.256945667 ], [ 132.519041751, 34.282009721 ], [ 132.507772464, 34.296740063 ], [ 132.49431585, 34.316243793 ], [ 132.504350804000012, 34.336320721 ], [ 132.496350973, 34.348149532 ], [ 132.51031389100001, 34.353531946 ], [ 132.519174163, 34.356556946 ], [ 132.518960725999989, 34.357821838 ], [ 132.524857406, 34.359400135 ], [ 132.518244020999987, 34.361739856 ], [ 132.51816, 34.362213613 ], [ 132.517847652, 34.363801712 ], [ 132.517593645, 34.365104279 ], [ 132.506157419, 34.35572836 ], [ 132.436683346, 34.353075306 ], [ 132.420475227, 34.35924745 ], [ 132.399262283000013, 34.365364973 ], [ 132.378185148999989, 34.360892946 ], [ 132.347006848, 34.356542622 ], [ 132.350107782, 34.353453631 ], [ 132.355010986, 34.348840207 ], [ 132.320014306, 34.339226135 ], [ 132.318988301, 34.323304387 ], [ 132.289344721, 34.29971136 ], [ 132.282098911, 34.285998468 ], [ 132.238871997, 34.261362586 ], [ 132.230127393, 34.254635775 ], [ 132.220659689, 34.23276 ], [ 132.238890117000011, 34.227139495 ], [ 132.24559832700001, 34.210672928 ], [ 132.214312218, 34.203563333 ], [ 132.193329728, 34.207012225 ] ], [ [ 132.192654449, 34.325309162 ], [ 132.197698885, 34.331504162 ], [ 132.195600272, 34.331709441 ], [ 132.192654449, 34.325309162 ] ], [ [ 132.220351388000012, 34.310098333 ], [ 132.22024083, 34.309926387 ], [ 132.220403890999989, 34.309973613 ], [ 132.220351388000012, 34.310098333 ] ], [ [ 132.220130829999988, 34.309647775 ], [ 132.220193333, 34.309483892 ], [ 132.220276939, 34.309580829 ], [ 132.220130829999988, 34.309647775 ] ], [ [ 132.218462776, 34.306928333 ], [ 132.219853891000014, 34.307499721 ], [ 132.219644448999986, 34.309382225 ], [ 132.218462776, 34.306928333 ] ], [ [ 132.192126108999986, 34.30784 ], [ 132.192912503, 34.307862495 ], [ 132.193044449000013, 34.308820829 ], [ 132.192126108999986, 34.30784 ] ], [ [ 132.221644163, 34.299241667 ], [ 132.220399442, 34.294885829 ], [ 132.227830272, 34.301001946 ], [ 132.221644163, 34.299241667 ] ], [ [ 132.225907224, 34.302468613 ], [ 132.226289728000012, 34.302419162 ], [ 132.22618166, 34.302724721 ], [ 132.225907224, 34.302468613 ] ], [ [ 132.165872775999986, 34.290462225 ], [ 132.17274917, 34.298171667 ], [ 132.166351115, 34.297689162 ], [ 132.165872775999986, 34.290462225 ] ], [ [ 132.191644994, 34.299187225 ], [ 132.189904993999988, 34.302212225 ], [ 132.18831917, 34.294497775 ], [ 132.191644994, 34.299187225 ] ], [ [ 132.186388612, 34.294082775 ], [ 132.187691946, 34.293105559 ], [ 132.187723606, 34.294334441 ], [ 132.186388612, 34.294082775 ] ], [ [ 132.18638, 34.299777775 ], [ 132.182981946000012, 34.301224162 ], [ 132.185488327, 34.299290559 ], [ 132.18638, 34.299777775 ] ] ], [ [ [ 132.283456394000012, 34.272236946 ], [ 132.290200661, 34.287470973 ], [ 132.319076939000013, 34.295385387 ], [ 132.331697056, 34.311048973 ], [ 132.348599442, 34.291844162 ], [ 132.340168612000014, 34.272778892 ], [ 132.30409083, 34.244749721 ], [ 132.278174994000011, 34.233085 ], [ 132.262397224000011, 34.251632495 ], [ 132.277033061, 34.262796946 ], [ 132.283456394000012, 34.272236946 ] ] ], [ [ [ 132.424029728, 34.302814306 ], [ 132.444146109, 34.325239721 ], [ 132.441766550000011, 34.297152468 ], [ 132.424029728, 34.302814306 ] ] ], [ [ [ 132.533955655, 34.047001964 ], [ 132.51954583700001, 34.051572495 ], [ 132.531290272, 34.073391387 ], [ 132.533955655, 34.047001964 ] ] ], [ [ [ 132.831352775999989, 34.185677495 ], [ 132.846184720999986, 34.195792775 ], [ 132.857087807999989, 34.182222946 ], [ 132.867811595, 34.174008784 ], [ 132.819874591, 34.151011396 ], [ 132.807357380000013, 34.152718414 ], [ 132.80365917, 34.172979721 ], [ 132.831352775999989, 34.185677495 ] ] ], [ [ [ 132.771365279, 34.176401108 ], [ 132.786143606, 34.188744721 ], [ 132.799401673, 34.175294018 ], [ 132.772564292999988, 34.161315468 ], [ 132.771365279, 34.176401108 ] ] ], [ [ [ 132.720950026, 34.197072162 ], [ 132.759406667, 34.192017225 ], [ 132.759668431, 34.168062757 ], [ 132.68633083, 34.182699333 ], [ 132.686366485, 34.196112135 ], [ 132.71024778200001, 34.204430559 ], [ 132.720950026, 34.197072162 ] ] ], [ [ [ 132.651010415, 34.190302532 ], [ 132.672164527, 34.203589153 ], [ 132.684461387999988, 34.187711667 ], [ 132.669844137000013, 34.171189613 ], [ 132.651010415, 34.190302532 ] ] ], [ [ [ 132.848105279, 34.215358892 ], [ 132.838268586, 34.241276054 ], [ 132.87980691300001, 34.249041225 ], [ 132.89129166, 34.26169 ], [ 132.898725279, 34.248000829 ], [ 132.930388885000013, 34.284536387 ], [ 132.942214449, 34.277393865 ], [ 132.929249728, 34.247277225 ], [ 132.914823307, 34.236139279 ], [ 132.914068469999989, 34.211510162 ], [ 132.893208521, 34.212396676 ], [ 132.879976355, 34.206026919 ], [ 132.848105279, 34.215358892 ] ] ], [ [ [ 132.924011388, 34.297562225 ], [ 132.914231946, 34.279838892 ], [ 132.90534917, 34.289126667 ], [ 132.924011388, 34.297562225 ] ] ], [ [ [ 133.093327821, 34.31404473 ], [ 133.102131141, 34.306125468 ], [ 133.140847678, 34.314687676 ], [ 133.146972892, 34.287470775 ], [ 133.113849714999986, 34.272118099 ], [ 133.093773061, 34.256633171 ], [ 133.067322555, 34.266318477 ], [ 133.073723424, 34.286458991 ], [ 133.093327821, 34.31404473 ] ] ], [ [ [ 133.20486786, 34.291509054 ], [ 133.19150645900001, 34.274936396 ], [ 133.173898845999986, 34.292462054 ], [ 133.156248067, 34.298527045 ], [ 133.134442244000013, 34.335532703 ], [ 133.140288923000014, 34.341151712 ], [ 133.147659442, 34.357880288 ], [ 133.173625472999987, 34.357919387 ], [ 133.17659454, 34.343760604 ], [ 133.178929689, 34.34136473 ], [ 133.196105837, 34.338235414 ], [ 133.210863865, 34.313911387 ], [ 133.193366991, 34.299852342 ], [ 133.20486786, 34.291509054 ] ] ], [ [ [ 133.078083541000012, 34.301625541 ], [ 133.061903087, 34.314622658 ], [ 133.080908171, 34.33224245 ], [ 133.087125966, 34.313237928 ], [ 133.078083541000012, 34.301625541 ] ] ], [ [ [ 133.122481816, 34.353247045 ], [ 133.126547678, 34.337647081 ], [ 133.115824721, 34.319337775 ], [ 133.101165603, 34.326629775 ], [ 133.104564578, 34.357429423 ], [ 133.122481816, 34.353247045 ] ] ], [ [ [ 133.262646109, 34.332435243 ], [ 133.264588638, 34.348361613 ], [ 133.287727769000014, 34.35758264 ], [ 133.285110245999988, 34.337880495 ], [ 133.262646109, 34.332435243 ] ] ], [ [ [ 133.288776446000014, 34.356347622 ], [ 133.318186368, 34.372857667 ], [ 133.325154344999987, 34.359936396 ], [ 133.301399597999989, 34.342379802 ], [ 133.288776446000014, 34.356347622 ] ] ], [ [ [ 133.258936834999986, 34.365944324 ], [ 133.260832490000013, 34.384410793 ], [ 133.278157497, 34.37255 ], [ 133.258936834999986, 34.365944324 ] ] ], [ [ [ 133.172564864, 34.373985333 ], [ 133.156050467, 34.374338279 ], [ 133.161199533, 34.390801703 ], [ 133.172564864, 34.373985333 ] ] ], [ [ [ 133.215090686999986, 34.409328775 ], [ 133.23946933900001, 34.398237495 ], [ 133.218734565, 34.380331775 ], [ 133.21610214, 34.364870559 ], [ 133.189385642, 34.357098378 ], [ 133.174400428000013, 34.366389658 ], [ 133.170151258, 34.38791182 ], [ 133.215090686999986, 34.409328775 ] ] ] ] } },
{ "type": "Feature", "properties": { "N03_001": "徳島県" }, "geometry": { "type": "MultiPolygon", "coordinates": [ [ [ [ 134.465989313, 33.680261405 ], [ 134.447703074, 33.671144532 ], [ 134.403013372, 33.660065811 ], [ 134.395860492999986, 33.656088568 ], [ 134.389876160999989, 33.650608405 ], [ 134.388998275, 33.650212054 ], [ 134.364571388, 33.624298613 ], [ 134.389833891, 33.623465 ], [ 134.371468885000013, 33.609590829 ], [ 134.362704721, 33.587968892 ], [ 134.317835551, 33.581825559 ], [ 134.311237224, 33.576198333 ], [ 134.308808054, 33.571857775 ], [ 134.305862671999989, 33.548435721 ], [ 134.273745551, 33.560623892 ], [ 134.237913061, 33.552137225 ], [ 134.21870610900001, 33.567537495 ], [ 134.195788327, 33.560817495 ], [ 134.175955279, 33.607100559 ], [ 134.156138612, 33.611700559 ], [ 134.150224994000013, 33.630551667 ], [ 134.184173333, 33.649023333 ], [ 134.171334449, 33.657685559 ], [ 134.174782218, 33.683991108 ], [ 134.163845278999986, 33.688123892 ], [ 134.14855083, 33.685706108 ], [ 134.126263061, 33.695885279 ], [ 134.066334993999988, 33.688625 ], [ 134.058056666999988, 33.691033333 ], [ 134.07010166, 33.711195829 ], [ 134.065037497, 33.719452225 ], [ 134.056095551, 33.751949162 ], [ 134.058788327, 33.776666946 ], [ 134.033311387999987, 33.809278054 ], [ 134.032828327, 33.828399721 ], [ 133.99593166, 33.821930279 ], [ 133.987494721, 33.839459721 ], [ 133.951104994, 33.828685829 ], [ 133.94126083, 33.799158054 ], [ 133.913561945999987, 33.791261108 ], [ 133.893375279, 33.804936387 ], [ 133.873514449, 33.805922775 ], [ 133.853523061, 33.834601946 ], [ 133.838694994, 33.845166946 ], [ 133.817772776, 33.837321387 ], [ 133.785197782000012, 33.842260829 ], [ 133.747370272000012, 33.836923333 ], [ 133.73832027200001, 33.849734162 ], [ 133.701736109, 33.849791108 ], [ 133.677694994, 33.858539162 ], [ 133.66074805400001, 33.881809162 ], [ 133.677945551, 33.893084441 ], [ 133.677577781999986, 33.909550829 ], [ 133.690517224, 33.916290559 ], [ 133.676484448999986, 33.932944721 ], [ 133.692565836999989, 33.943991387 ], [ 133.67509166, 33.983682495 ], [ 133.685736939, 34.003656387 ], [ 133.679548612, 34.01252 ], [ 133.721319728, 34.022292495 ], [ 133.723071946, 34.036462775 ], [ 133.740451388, 34.050191946 ], [ 133.777955551, 34.078934162 ], [ 133.80005083, 34.069546108 ], [ 133.82015, 34.074020279 ], [ 133.822225279, 34.092188054 ], [ 133.854837497, 34.104164721 ], [ 133.867084449, 34.100152775 ], [ 133.892854721, 34.108196946 ], [ 133.903093606, 34.100070559 ], [ 133.922296109, 34.114411946 ], [ 133.939767224, 34.114893613 ], [ 133.943887497, 34.094495 ], [ 133.976943060999986, 34.075760441 ], [ 133.999633333, 34.074787495 ], [ 134.021781659999988, 34.084471667 ], [ 134.049884994, 34.117415559 ], [ 134.061352218, 34.111030829 ], [ 134.081642218000013, 34.121280829 ], [ 134.094484449, 34.114590559 ], [ 134.12233083000001, 34.118786387 ], [ 134.139313891, 34.134082225 ], [ 134.135256938999987, 34.151538333 ], [ 134.15543917, 34.166747775 ], [ 134.177416394, 34.176185829 ], [ 134.208726394, 34.174725559 ], [ 134.260263606, 34.183557775 ], [ 134.292233061, 34.179142775 ], [ 134.297574449, 34.168677495 ], [ 134.314446393999987, 34.177217225 ], [ 134.344193333, 34.172379721 ], [ 134.349842218, 34.185321667 ], [ 134.375658327, 34.171785829 ], [ 134.40005444900001, 34.167764162 ], [ 134.412931945999986, 34.156882775 ], [ 134.432814162999989, 34.168053333 ], [ 134.438890558, 34.190828613 ], [ 134.440206693, 34.207853883 ], [ 134.475312192, 34.210138081 ], [ 134.496538300999987, 34.224395973 ], [ 134.532334994, 34.226876667 ], [ 134.5722738, 34.222631 ], [ 134.566016783, 34.23269164 ], [ 134.586151051, 34.239848135 ], [ 134.582336328999986, 34.210513414 ], [ 134.585375473, 34.201749 ], [ 134.624671505, 34.180640532 ], [ 134.641913644999988, 34.180003198 ], [ 134.616242476999986, 34.144430081 ], [ 134.61881441, 34.141180865 ], [ 134.625540777999987, 34.136505306 ], [ 134.604562633, 34.118270523 ], [ 134.607425837, 34.100923892 ], [ 134.596995499, 34.068137135 ], [ 134.585623281000011, 34.052315829 ], [ 134.588816083000012, 34.027982468 ], [ 134.597907808, 34.019804892 ], [ 134.600530169, 34.01872136 ], [ 134.591805058, 34.016019532 ], [ 134.591752192, 34.007946279 ], [ 134.610649339, 33.990928829 ], [ 134.627520921000013, 33.991388919 ], [ 134.639190117, 34.007802865 ], [ 134.652079676, 33.985816009 ], [ 134.668304721, 33.962085054 ], [ 134.695975473, 33.951718279 ], [ 134.705633358999989, 33.925938757 ], [ 134.699566135, 33.918079811 ], [ 134.698718197, 33.906611486 ], [ 134.669275331, 33.885262009 ], [ 134.653056926, 33.881169739 ], [ 134.639787964, 33.843845541 ], [ 134.66909848200001, 33.843748171 ], [ 134.692490324, 33.84820036 ], [ 134.718248132000014, 33.844138072 ], [ 134.678300103999987, 33.832446865 ], [ 134.679751012, 33.830492523 ], [ 134.749717808000014, 33.834559586 ], [ 134.721689728, 33.823851108 ], [ 134.678939442, 33.804478892 ], [ 134.620226108999987, 33.786658892 ], [ 134.572160817, 33.765431279 ], [ 134.566467393000011, 33.738137144 ], [ 134.552622062000012, 33.741339703 ], [ 134.542928859, 33.736258856 ], [ 134.540666667000011, 33.727419874 ], [ 134.541960545, 33.722545982 ], [ 134.472406667, 33.681795495 ], [ 134.465989313, 33.680261405 ] ] ], [ [ [ 134.617679831, 34.230153468 ], [ 134.643492049, 34.239625586 ], [ 134.63733725, 34.229339135 ], [ 134.618580830000013, 34.192000865 ], [ 134.591077523, 34.201410721 ], [ 134.588939468, 34.210867586 ], [ 134.610543670999988, 34.215920946 ], [ 134.617679831, 34.230153468 ] ] ], [ [ [ 134.616546809, 34.232366694 ], [ 134.600967172999987, 34.226556586 ], [ 134.591068975000013, 34.214023946 ], [ 134.587825837, 34.230736694 ], [ 134.60502847, 34.251528973 ], [ 134.616546809, 34.232366694 ] ] ] ] } },
{ "type": "Feature", "properties": { "N03_001": "愛媛県" }, "geometry": { "type": "MultiPolygon", "coordinates": [ [ [ [ 132.652473332999989, 32.939153613 ], [ 132.655532892, 32.925201333 ], [ 132.6512807, 32.927662333 ], [ 132.644889339, 32.927904865 ], [ 132.599348638, 32.921946667 ], [ 132.587724163, 32.930728279 ], [ 132.596880246000012, 32.943530532 ], [ 132.590196809, 32.94560636 ], [ 132.563792036, 32.947016297 ], [ 132.548099611, 32.944864892 ], [ 132.568876615, 32.929731532 ], [ 132.542994189000012, 32.936038721 ], [ 132.5378907, 32.947246667 ], [ 132.504823126, 32.947003414 ], [ 132.505175694, 32.94127 ], [ 132.516141219, 32.932148748 ], [ 132.497232672, 32.919437135 ], [ 132.499179027, 32.915900865 ], [ 132.505341958, 32.914660198 ], [ 132.527458612, 32.920485333 ], [ 132.51389511, 32.904079775 ], [ 132.477727004, 32.910705667 ], [ 132.477500311, 32.922281495 ], [ 132.470170246, 32.935460306 ], [ 132.490707056, 32.939960721 ], [ 132.502677444999989, 32.956244441 ], [ 132.478306783, 32.969119054 ], [ 132.497263671000013, 32.987784279 ], [ 132.501673476, 32.969252775 ], [ 132.550325888, 32.956858559 ], [ 132.553305642, 32.963301333 ], [ 132.511229442, 32.976744198 ], [ 132.506046782999988, 33.004945252 ], [ 132.494961634, 33.018435072 ], [ 132.485538859, 33.010306946 ], [ 132.480285616, 33.049350802 ], [ 132.432148418, 33.050990081 ], [ 132.424981140999989, 33.055224 ], [ 132.416219611, 33.057767694 ], [ 132.407542776000014, 33.054901027 ], [ 132.409752607, 33.045906135 ], [ 132.39584355400001, 33.020266694 ], [ 132.378587276, 33.022879027 ], [ 132.39206703, 33.025503252 ], [ 132.4029893, 33.03981836 ], [ 132.39719166, 33.057289559 ], [ 132.415808664, 33.071939054 ], [ 132.434747808, 33.054615162 ], [ 132.479991518, 33.056042414 ], [ 132.488937768999989, 33.065111892 ], [ 132.47865345, 33.094459108 ], [ 132.459876861, 33.122698441 ], [ 132.499178288, 33.120376595 ], [ 132.500184773, 33.137225234 ], [ 132.47786917, 33.141858775 ], [ 132.455242218, 33.135022081 ], [ 132.433179247999988, 33.153944198 ], [ 132.434143217000013, 33.169322973 ], [ 132.464109052999987, 33.170370586 ], [ 132.457639441999987, 33.179046081 ], [ 132.429390778, 33.204568586 ], [ 132.446973410999988, 33.200670559 ], [ 132.477157665, 33.169799532 ], [ 132.486746304, 33.164434108 ], [ 132.514243528, 33.170220144 ], [ 132.503474915999988, 33.205816279 ], [ 132.509002087999988, 33.206780919 ], [ 132.553313398, 33.219064297 ], [ 132.552674954999986, 33.23619491 ], [ 132.523284189, 33.252896532 ], [ 132.536858106000011, 33.255995703 ], [ 132.540947678, 33.258844793 ], [ 132.480744668999989, 33.274333586 ], [ 132.488244474999988, 33.291918667 ], [ 132.526513021999989, 33.312779162 ], [ 132.512106174, 33.318896288 ], [ 132.498240558, 33.311828108 ], [ 132.498245422, 33.311915054 ], [ 132.498246304, 33.311930559 ], [ 132.48816978, 33.317791468 ], [ 132.469240584, 33.319370468 ], [ 132.454196329000013, 33.309067306 ], [ 132.429718301, 33.31921636 ], [ 132.423111505, 33.304225829 ], [ 132.398957808, 33.316516279 ], [ 132.369022944, 33.324963198 ], [ 132.377154721000011, 33.337790865 ], [ 132.419236667, 33.354229468 ], [ 132.407509857, 33.359772919 ], [ 132.419376667, 33.383052414 ], [ 132.389235525, 33.366967973 ], [ 132.387318494999988, 33.375646333 ], [ 132.382167393, 33.383600919 ], [ 132.378841310000013, 33.384805054 ], [ 132.396526355, 33.397148009 ], [ 132.392728392, 33.414438225 ], [ 132.381315318, 33.416044252 ], [ 132.40408166, 33.430607559 ], [ 132.420880673999989, 33.463379144 ], [ 132.387684968, 33.459393721 ], [ 132.390211829, 33.47704764 ], [ 132.371972581, 33.469795333 ], [ 132.351457704000012, 33.488309586 ], [ 132.353152503, 33.473755829 ], [ 132.337417289, 33.47530418 ], [ 132.326509767, 33.473707685 ], [ 132.317356109, 33.456952775 ], [ 132.306716783000013, 33.472997991 ], [ 132.299753333000012, 33.474683613 ], [ 132.270772724000011, 33.44682964 ], [ 132.182539209, 33.412110153 ], [ 132.154965551, 33.391241946 ], [ 132.153284436, 33.389193793 ], [ 132.152183606, 33.380425559 ], [ 132.124046368, 33.365728045 ], [ 132.118676291000014, 33.390793279 ], [ 132.094826394, 33.387632495 ], [ 132.052792776, 33.374997225 ], [ 132.079382374, 33.388558414 ], [ 132.123159728, 33.420546946 ], [ 132.127615913999989, 33.406513505 ], [ 132.137037224000011, 33.409199441 ], [ 132.138466161, 33.421200261 ], [ 132.153488054, 33.407187279 ], [ 132.155365642, 33.406733955 ], [ 132.169656108999988, 33.418474162 ], [ 132.147977497, 33.432505559 ], [ 132.157421115, 33.439143892 ], [ 132.17148360600001, 33.426324162 ], [ 132.17379749700001, 33.426346667 ], [ 132.175843061, 33.427523892 ], [ 132.176790751999988, 33.428599198 ], [ 132.176388457, 33.435254423 ], [ 132.171963956000013, 33.445046009 ], [ 132.226551258, 33.445597694 ], [ 132.247082541999987, 33.46511164 ], [ 132.265126939, 33.457075 ], [ 132.279886835000013, 33.475054649 ], [ 132.308095616, 33.492445315 ], [ 132.353244916, 33.510335315 ], [ 132.357477795, 33.515945135 ], [ 132.361840078, 33.515881126 ], [ 132.418266161, 33.54470218 ], [ 132.425333502, 33.55161245 ], [ 132.466009222, 33.600883892 ], [ 132.508053359, 33.630324 ], [ 132.531258495, 33.637656135 ], [ 132.585955162, 33.653578865 ], [ 132.647660376, 33.692632838 ], [ 132.65936166, 33.703523333 ], [ 132.679926419999987, 33.74577636 ], [ 132.699980441, 33.762495919 ], [ 132.698464838, 33.776373027 ], [ 132.685776030999989, 33.804994829 ], [ 132.695668807, 33.809906919 ], [ 132.687329468, 33.834117721 ], [ 132.700788585999987, 33.838806441 ], [ 132.696157951, 33.852005108 ], [ 132.712756667, 33.868036829 ], [ 132.698472335, 33.878755 ], [ 132.705097470999988, 33.889406225 ], [ 132.709462672, 33.906624 ], [ 132.747240246, 33.905677802 ], [ 132.75523105100001, 33.911317748 ], [ 132.77153297000001, 33.961147387 ], [ 132.774859637, 33.988970775 ], [ 132.770307056, 33.999055973 ], [ 132.799198612, 34.009834468 ], [ 132.803831608, 34.012981721 ], [ 132.808485357, 34.01861864 ], [ 132.855422995999987, 34.046015198 ], [ 132.857400636, 34.054697694 ], [ 132.885772244, 34.058616279 ], [ 132.900017393000013, 34.068398946 ], [ 132.918419494, 34.06498355 ], [ 132.931441725000013, 34.094291667 ], [ 132.926243061, 34.109416054 ], [ 132.937082892, 34.128477802 ], [ 132.941781698999989, 34.142220387 ], [ 132.969067419, 34.107105279 ], [ 132.974478197, 34.116372081 ], [ 132.985346226, 34.096672333 ], [ 133.001338495, 34.073454865 ], [ 133.022803411000012, 34.062588613 ], [ 133.061809468, 33.989264387 ], [ 133.066591167000013, 33.982666495 ], [ 133.064701141, 33.973562973 ], [ 133.088280026, 33.945420802 ], [ 133.107760168999988, 33.947762721 ], [ 133.133377755999987, 33.927185559 ], [ 133.151312049000012, 33.931772333 ], [ 133.171886835, 33.939938667 ], [ 133.234162723999987, 33.952054495 ], [ 133.247933696, 33.955033081 ], [ 133.248478586, 33.975238081 ], [ 133.261154423, 33.963263892 ], [ 133.280642633000014, 33.989594342 ], [ 133.285744501000011, 33.980265117 ], [ 133.319358197000014, 33.993637162 ], [ 133.356362335, 33.979185108 ], [ 133.372150804, 33.981192198 ], [ 133.388804981, 33.985832351 ], [ 133.45346061, 33.984137279 ], [ 133.49051703, 33.96925464 ], [ 133.516067276, 33.975478162 ], [ 133.539348392, 33.99409064 ], [ 133.54300572, 33.985316081 ], [ 133.551951634, 33.995579387 ], [ 133.541122335000011, 34.00333664 ], [ 133.561278638, 34.009013667 ], [ 133.598495187999987, 34.043630946 ], [ 133.613310272, 34.032320559 ], [ 133.626877782, 34.037767225 ], [ 133.63946, 34.025932225 ], [ 133.66442583700001, 34.027510559 ], [ 133.679548612, 34.01252 ], [ 133.685736939, 34.003656387 ], [ 133.67509166, 33.983682495 ], [ 133.692565836999989, 33.943991387 ], [ 133.676484448999986, 33.932944721 ], [ 133.690517224, 33.916290559 ], [ 133.677577781999986, 33.909550829 ], [ 133.677945551, 33.893084441 ], [ 133.66074805400001, 33.881809162 ], [ 133.64341944200001, 33.883362775 ], [ 133.627308327, 33.872030829 ], [ 133.596226667, 33.879820829 ], [ 133.583034449, 33.867650279 ], [ 133.557114163, 33.882155559 ], [ 133.540196394, 33.878684441 ], [ 133.526354163, 33.853660829 ], [ 133.507930558, 33.835871946 ], [ 133.486620558, 33.829706667 ], [ 133.455012776, 33.836926946 ], [ 133.400833333, 33.836236946 ], [ 133.391407224, 33.824313892 ], [ 133.35580027200001, 33.834358054 ], [ 133.326331388, 33.814763613 ], [ 133.310275279, 33.81588 ], [ 133.277357497, 33.830924162 ], [ 133.260772218, 33.811083892 ], [ 133.257180272, 33.793863333 ], [ 133.219844449, 33.780430559 ], [ 133.192744162999986, 33.793781946 ], [ 133.183742503, 33.768141667 ], [ 133.157837224, 33.750295 ], [ 133.161209727999989, 33.731525829 ], [ 133.139817224000012, 33.715691108 ], [ 133.145230272, 33.706003892 ], [ 133.119226938999986, 33.688602495 ], [ 133.116532503, 33.660146108 ], [ 133.075019728, 33.650618613 ], [ 133.067433061, 33.620766946 ], [ 133.07962, 33.608699721 ], [ 133.057415551, 33.59636 ], [ 133.046756667000011, 33.575217495 ], [ 133.06230861200001, 33.561450279 ], [ 133.06414, 33.542509721 ], [ 133.037941945999989, 33.526406387 ], [ 133.032107782, 33.509039721 ], [ 133.01340083, 33.490582495 ], [ 133.015364162999987, 33.481005829 ], [ 132.989258326999988, 33.473865829 ], [ 132.95963805400001, 33.466312225 ], [ 132.944224163, 33.471948892 ], [ 132.900674449, 33.470351667 ], [ 132.864528611999987, 33.472339441 ], [ 132.847534449, 33.479189721 ], [ 132.820304721000014, 33.472356108 ], [ 132.808131115, 33.453855 ], [ 132.826562218, 33.445604441 ], [ 132.82491527900001, 33.422934441 ], [ 132.837030558, 33.399051946 ], [ 132.853047497, 33.388216667 ], [ 132.86002, 33.368455279 ], [ 132.890133891, 33.357509162 ], [ 132.901746667, 33.327306387 ], [ 132.898545837, 33.314702775 ], [ 132.859006109, 33.294023054 ], [ 132.793117224000014, 33.274841387 ], [ 132.787141946, 33.267038892 ], [ 132.786892503, 33.262240279 ], [ 132.77192166, 33.241063054 ], [ 132.775353061, 33.205821946 ], [ 132.740642503, 33.201283613 ], [ 132.741911115, 33.189743333 ], [ 132.725812502999986, 33.168276108 ], [ 132.686888054, 33.134847775 ], [ 132.66238, 33.154418892 ], [ 132.637085837, 33.184762495 ], [ 132.614864993999987, 33.169289441 ], [ 132.632294994, 33.149244441 ], [ 132.628216109, 33.134756667 ], [ 132.646636394000012, 33.115565559 ], [ 132.663270829999988, 33.109141946 ], [ 132.669502218, 33.071183054 ], [ 132.657673891, 33.057057495 ], [ 132.677958612, 33.037995279 ], [ 132.677005279000014, 33.011058054 ], [ 132.691516394, 32.973571108 ], [ 132.678250558, 32.942963892 ], [ 132.652473332999989, 32.939153613 ] ] ], [ [ [ 132.50759144, 33.229742973 ], [ 132.526237951000013, 33.238484919 ], [ 132.533894086, 33.224477306 ], [ 132.50759144, 33.229742973 ] ] ], [ [ [ 132.662459689, 33.873971694 ], [ 132.668793774, 33.894100108 ], [ 132.659883891, 33.910690495 ], [ 132.678744086, 33.91048564 ], [ 132.697794578000014, 33.923748802 ], [ 132.693609274000011, 33.905533279 ], [ 132.674037328, 33.900921721 ], [ 132.672385551, 33.893454586 ], [ 132.680091946, 33.883074225 ], [ 132.662459689, 33.873971694 ] ] ], [ [ [ 132.661787224, 33.973826946 ], [ 132.675053061, 33.953175829 ], [ 132.649502218, 33.957336946 ], [ 132.661787224, 33.973826946 ] ] ], [ [ [ 132.588001025000011, 33.969908027 ], [ 132.622569610999989, 33.993210829 ], [ 132.633042503000013, 34.006021387 ], [ 132.645217497, 33.981253054 ], [ 132.631295577, 33.977514495 ], [ 132.641841946, 33.957077225 ], [ 132.617038611999988, 33.95768 ], [ 132.60061527900001, 33.942742586 ], [ 132.588001025000011, 33.969908027 ] ] ], [ [ [ 132.522947781999989, 33.989436387 ], [ 132.495780272, 33.967981387 ], [ 132.503641388, 33.988222495 ], [ 132.522947781999989, 33.989436387 ] ] ], [ [ [ 132.567040272000014, 33.994645829 ], [ 132.544114721, 33.968687495 ], [ 132.534161946000012, 33.986587775 ], [ 132.567040272000014, 33.994645829 ] ] ], [ [ [ 133.350552502999989, 33.996441946 ], [ 133.37048333300001, 34.006227225 ], [ 133.368474163, 33.993640523 ], [ 133.350552502999989, 33.996441946 ] ] ], [ [ [ 133.015211829, 34.142125586 ], [ 133.026483502, 34.158192694 ], [ 133.041039196000014, 34.149957252 ], [ 133.035554889999986, 34.169544162 ], [ 133.020806913, 34.178191892 ], [ 133.036980584, 34.195324198 ], [ 133.068552088, 34.191732775 ], [ 133.078653358999986, 34.172573495 ], [ 133.083292049, 34.169423054 ], [ 133.107869611000012, 34.174748387 ], [ 133.037449689, 34.112959414 ], [ 133.015211829, 34.142125586 ] ] ], [ [ [ 132.861417977, 34.193248829 ], [ 132.894024968, 34.190507892 ], [ 132.87548869, 34.178780586 ], [ 132.861417977, 34.193248829 ] ] ], [ [ [ 133.109608366, 34.190951586 ], [ 133.096206783000014, 34.204549333 ], [ 133.081522166000013, 34.192690468 ], [ 133.05894297, 34.227492919 ], [ 133.09798917, 34.235679829 ], [ 133.107390195, 34.241370586 ], [ 133.113606135, 34.218158532 ], [ 133.133368301, 34.214431279 ], [ 133.117530506, 34.205957532 ], [ 133.126415253, 34.195345946 ], [ 133.109608366, 34.190951586 ] ] ], [ [ [ 133.189715914, 34.256680225 ], [ 133.191882217999989, 34.234516667 ], [ 133.180370829999987, 34.238624721 ], [ 133.189715914, 34.256680225 ] ] ], [ [ [ 133.058543191000012, 34.220671468 ], [ 133.032604916, 34.208497081 ], [ 133.000474501000014, 34.209333613 ], [ 132.963727717000012, 34.19283864 ], [ 132.941738521, 34.204045694 ], [ 132.967312944000014, 34.227796829 ], [ 132.989361140999989, 34.223332775 ], [ 132.995320195, 34.247121054 ], [ 132.981418859, 34.286857279 ], [ 133.011740415, 34.299624333 ], [ 133.027525331, 34.294212279 ], [ 133.045090363000014, 34.260618919 ], [ 133.053925058, 34.253141162 ], [ 133.052380467, 34.22749436 ], [ 133.058543191000012, 34.220671468 ] ] ], [ [ [ 133.166475837, 34.260225559 ], [ 133.13378666700001, 34.24103 ], [ 133.132474163000012, 34.265098613 ], [ 133.152455279, 34.277613333 ], [ 133.166475837, 34.260225559 ] ] ], [ [ [ 133.181492776, 34.277046108 ], [ 133.178431971, 34.25581264 ], [ 133.165953605999988, 34.281060829 ], [ 133.181492776, 34.277046108 ] ] ], [ [ [ 133.208535278999989, 34.257468613 ], [ 133.204028885000014, 34.271255829 ], [ 133.229862776, 34.291312775 ], [ 133.237454721, 34.280738054 ], [ 133.208535278999989, 34.257468613 ] ] ] ] } },
{ "type": "Feature", "properties": { "N03_001": "愛知県" }, "geometry": { "type": "MultiPolygon", "coordinates": [ [ [ [ 136.86184441, 34.814052973 ], [ 136.866583969, 34.837696225 ], [ 136.849628911, 34.869992919 ], [ 136.821586226, 34.884406613 ], [ 136.825000013, 34.939359306 ], [ 136.828928859, 34.961422252 ], [ 136.820483774, 34.966257081 ], [ 136.84965741900001, 35.010619694 ], [ 136.869788846, 35.008360856 ], [ 136.852673501999988, 35.015209279 ], [ 136.879219416000012, 35.047394892 ], [ 136.883963061, 35.067267775 ], [ 136.892158859, 35.091783414 ], [ 136.868536744000011, 35.088206748 ], [ 136.855479559, 35.05658764 ], [ 136.842596835, 35.059278225 ], [ 136.847251349, 35.083047568 ], [ 136.824707652, 35.080231072 ], [ 136.819792607000011, 35.072027162 ], [ 136.818724812, 35.065111865 ], [ 136.833347366999988, 35.064098946 ], [ 136.830082581, 35.050249838 ], [ 136.806670051999987, 35.051557586 ], [ 136.800534994, 35.049126126 ], [ 136.793880661, 35.014462468 ], [ 136.770624008, 35.021437883 ], [ 136.753401115, 35.053015559 ], [ 136.749573891000011, 35.080728333 ], [ 136.714071673, 35.105166946 ], [ 136.701418131999986, 35.118612946 ], [ 136.672777717, 35.134777135 ], [ 136.672317392999986, 35.188777387 ], [ 136.683132698, 35.199830171 ], [ 136.679875188000011, 35.228205441 ], [ 136.677874643, 35.24105764 ], [ 136.704576057, 35.275576586 ], [ 136.725733307000013, 35.29561436 ], [ 136.753946160999988, 35.344893802 ], [ 136.774640947, 35.369604054 ], [ 136.777199001000014, 35.369502946 ], [ 136.794063722, 35.366068225 ], [ 136.834039001, 35.35594464 ], [ 136.864931829, 35.372605414 ], [ 136.892717756, 35.378089 ], [ 136.921450026, 35.379029532 ], [ 136.961713022, 35.399771333 ], [ 136.96111703, 35.414582108 ], [ 136.993215642, 35.424195775 ], [ 136.978264720999988, 35.403176054 ], [ 137.002123748, 35.381480613 ], [ 137.015263748, 35.381335919 ], [ 137.047621699, 35.364692946 ], [ 137.046311336, 35.339541333 ], [ 137.072978807, 35.326456919 ], [ 137.066627082, 35.309118586 ], [ 137.081310661, 35.292190838 ], [ 137.096279274000011, 35.290701108 ], [ 137.101027082, 35.301616108 ], [ 137.13159428, 35.293627802 ], [ 137.145829830999986, 35.279799468 ], [ 137.165346498, 35.283343919 ], [ 137.176093165, 35.270382802 ], [ 137.189488145000013, 35.252569198 ], [ 137.221699274, 35.255847532 ], [ 137.260813774000013, 35.275174441 ], [ 137.275788807, 35.290612721 ], [ 137.308081050999988, 35.291155694 ], [ 137.346406615, 35.271232892 ], [ 137.350502412, 35.257176225 ], [ 137.385120246000014, 35.258703946 ], [ 137.388193554, 35.240119802 ], [ 137.416806887, 35.240401748 ], [ 137.429186031, 35.222880946 ], [ 137.484299728, 35.257428694 ], [ 137.520751166999986, 35.273557306 ], [ 137.518935331, 35.283327306 ], [ 137.543429221999986, 35.280553441 ], [ 137.561984254, 35.289317054 ], [ 137.546110584, 35.251492333 ], [ 137.578725837, 35.219435135 ], [ 137.578655227000013, 35.198469054 ], [ 137.615502776, 35.210484333 ], [ 137.644616692999989, 35.209006559 ], [ 137.653509805, 35.217549054 ], [ 137.663788716, 35.227834892 ], [ 137.707713864999988, 35.232017387 ], [ 137.721894747, 35.230758225 ], [ 137.723038859000013, 35.221671 ], [ 137.759461725, 35.222117108 ], [ 137.767719973999988, 35.206894892 ], [ 137.800424643000014, 35.205651027 ], [ 137.821519364000011, 35.215648532 ], [ 137.838115668, 35.212466586 ], [ 137.80319972800001, 35.183118054 ], [ 137.825471946, 35.168200279 ], [ 137.80586167300001, 35.131124441 ], [ 137.793136939, 35.135217505 ], [ 137.80132389100001, 35.106592505 ], [ 137.778268340000011, 35.099623054 ], [ 137.775674721, 35.077981667 ], [ 137.740276109, 35.056512505 ], [ 137.704919442, 35.014756108 ], [ 137.704260882, 34.969998261 ], [ 137.697306667, 34.971924721 ], [ 137.67549834, 34.945350829 ], [ 137.659506109, 34.944576387 ], [ 137.641251673, 34.893083333 ], [ 137.61625277600001, 34.875340829 ], [ 137.597531946, 34.872500829 ], [ 137.587017224, 34.85004 ], [ 137.551589442, 34.851864441 ], [ 137.49996834, 34.831288054 ], [ 137.498877782, 34.8268 ], [ 137.487013891, 34.811749441 ], [ 137.492942218, 34.786866108 ], [ 137.47671749700001, 34.774785559 ], [ 137.474106939, 34.749940559 ], [ 137.49179, 34.702459721 ], [ 137.484963891, 34.674105108 ], [ 137.43537297, 34.666680694 ], [ 137.341359066, 34.647526847 ], [ 137.12194655, 34.587257054 ], [ 137.096120052, 34.590944198 ], [ 137.031194527, 34.580891829 ], [ 137.017630895, 34.578364441 ], [ 137.059620558, 34.653227721 ], [ 137.068320895, 34.661230135 ], [ 137.102558300999988, 34.63280836 ], [ 137.119527393, 34.63440864 ], [ 137.136558029000014, 34.641212 ], [ 137.143338586, 34.654017252 ], [ 137.169840506000014, 34.656519441 ], [ 137.206344086, 34.677909414 ], [ 137.223585227, 34.675633 ], [ 137.225227588, 34.676458198 ], [ 137.243471971, 34.688861919 ], [ 137.232669248, 34.699144387 ], [ 137.245475694, 34.706208468 ], [ 137.26067799, 34.69583482 ], [ 137.26173061, 34.715907559 ], [ 137.284827004, 34.730946775 ], [ 137.300929688999986, 34.728071829 ], [ 137.300883995, 34.693776973 ], [ 137.286155654999988, 34.680209081 ], [ 137.30709348900001, 34.679955937 ], [ 137.325063217, 34.701556333 ], [ 137.308483747999986, 34.702109748 ], [ 137.308565421999987, 34.724620225 ], [ 137.338832023, 34.728546775 ], [ 137.320314228, 34.732834441 ], [ 137.325601089, 34.785525667 ], [ 137.306454073, 34.784482559 ], [ 137.316724357999988, 34.79650036 ], [ 137.302062361, 34.809830279 ], [ 137.298017562000013, 34.810675252 ], [ 137.292842866, 34.804500919 ], [ 137.251603891, 34.805289252 ], [ 137.24976477300001, 34.810849198 ], [ 137.222871362, 34.816809559 ], [ 137.209669780000013, 34.802748162 ], [ 137.198567471, 34.811073126 ], [ 137.18665797700001, 34.788003414 ], [ 137.189434189, 34.775779973 ], [ 137.168394423, 34.787623333 ], [ 137.114637808, 34.790983252 ], [ 137.098649754, 34.783591054 ], [ 137.08769489, 34.775300306 ], [ 137.076262361, 34.787057532 ], [ 137.04322939, 34.775623946 ], [ 137.025332348, 34.77800755 ], [ 137.000219390000012, 34.804675279 ], [ 136.996974720999987, 34.816471973 ], [ 136.970742866, 34.820680306 ], [ 136.956743528, 34.833290027 ], [ 136.955289637, 34.854840613 ], [ 136.968604553, 34.871725613 ], [ 136.977616004999987, 34.907336153 ], [ 136.986386031, 34.951980775 ], [ 136.98324555100001, 34.955807775 ], [ 136.976305863, 34.943501586 ], [ 136.975238223, 34.932179198 ], [ 136.969308716, 34.901211946 ], [ 136.957178054, 34.881110081 ], [ 136.944160778, 34.88088864 ], [ 136.940734617, 34.86277455 ], [ 136.9222093, 34.830577414 ], [ 136.921319805, 34.813247784 ], [ 136.914797977, 34.770052306 ], [ 136.942140117, 34.747435225 ], [ 136.961974968, 34.721189081 ], [ 136.970734942, 34.699450829 ], [ 136.929058508, 34.706020856 ], [ 136.873340856, 34.729291712 ], [ 136.851841375, 34.748564883 ], [ 136.842173605999989, 34.763916667 ], [ 136.86184441, 34.814052973 ] ] ], [ [ [ 136.806965499, 34.840189694 ], [ 136.798452114000014, 34.875576586 ], [ 136.822692892, 34.861829027 ], [ 136.824469637, 34.848743694 ], [ 136.806965499, 34.840189694 ] ] ], [ [ [ 136.821544228, 35.017559523 ], [ 136.811875396, 34.99588355 ], [ 136.800096952, 35.003539964 ], [ 136.821544228, 35.017559523 ] ] ], [ [ [ 136.810036860999986, 35.049307414 ], [ 136.830902607000013, 35.049372 ], [ 136.838971335999986, 35.030196694 ], [ 136.810858392, 35.026665099 ], [ 136.810036860999986, 35.049307414 ] ] ], [ [ [ 136.850235162, 35.040600198 ], [ 136.840585032, 35.056035946 ], [ 136.854956445999989, 35.055308468 ], [ 136.850235162, 35.040600198 ] ] ] ] } },
{ "type": "Feature", "properties": { "N03_001": "新潟県" }, "geometry": { "type": "MultiPolygon", "coordinates": [ [ [ [ 138.821744254, 36.817626135 ], [ 138.829006641, 36.791647919 ], [ 138.817770337000013, 36.761585748 ], [ 138.795344643, 36.758137135 ], [ 138.789419533, 36.744873802 ], [ 138.770344189000014, 36.74616464 ], [ 138.727027445, 36.764168838 ], [ 138.713074189, 36.739218225 ], [ 138.695931634, 36.738512667 ], [ 138.688000117, 36.765847721 ], [ 138.669543696, 36.773660802 ], [ 138.69578808, 36.809056171 ], [ 138.680671997, 36.824160973 ], [ 138.69035345, 36.845658838 ], [ 138.688450440999986, 36.860627468 ], [ 138.657356278, 36.868046135 ], [ 138.617812335, 36.89188436 ], [ 138.621014863999989, 36.904081973 ], [ 138.596188638, 36.907113667 ], [ 138.582968911, 36.928351892 ], [ 138.586757782, 36.987865135 ], [ 138.565888859000012, 37.021260559 ], [ 138.536510973, 37.020926667 ], [ 138.524667808, 37.030377946 ], [ 138.519859144, 37.027825865 ], [ 138.491723138999987, 37.020459865 ], [ 138.455132049000014, 37.019614667 ], [ 138.431378911, 37.006077279 ], [ 138.400429053000011, 36.997855694 ], [ 138.378695551, 36.980437171 ], [ 138.364521699, 36.944276721 ], [ 138.343204449000012, 36.920796748 ], [ 138.317569830999986, 36.925185054 ], [ 138.296325693999989, 36.910820081 ], [ 138.29923808, 36.887120667 ], [ 138.288566939, 36.86844236 ], [ 138.296235253, 36.858252919 ], [ 138.274901634, 36.840854333 ], [ 138.268356692999987, 36.860457081 ], [ 138.253570946999986, 36.869825973 ], [ 138.216900726, 36.866517108 ], [ 138.195594358, 36.85367236 ], [ 138.16281834, 36.844297225 ], [ 138.112394060000014, 36.849494 ], [ 138.089164773, 36.835733225 ], [ 138.068168106, 36.803837468 ], [ 138.033797276, 36.808833333 ], [ 138.003461479, 36.826413613 ], [ 138.020229922, 36.842391892 ], [ 138.013687782, 36.860366054 ], [ 138.031623476, 36.878139054 ], [ 138.031062139999989, 36.891361252 ], [ 138.013737951, 36.904020721 ], [ 137.969575032, 36.910812748 ], [ 137.962353307, 36.902111081 ], [ 137.919742114, 36.919869721 ], [ 137.89280861200001, 36.909959694 ], [ 137.863470220000011, 36.912894108 ], [ 137.861665331000012, 36.890778775 ], [ 137.87774192, 36.872746559 ], [ 137.856864449, 36.843826198 ], [ 137.831048689999989, 36.817812973 ], [ 137.819982633, 36.798221667 ], [ 137.764846471999988, 36.76769264 ], [ 137.762444812000012, 36.766155135 ], [ 137.749672049, 36.779712694 ], [ 137.754293748, 36.796589081 ], [ 137.731990804, 36.823639775 ], [ 137.734086161, 36.868693198 ], [ 137.712983476, 36.893758081 ], [ 137.720456667, 36.92668964 ], [ 137.711155084000012, 36.944234838 ], [ 137.68746422800001, 36.943200694 ], [ 137.66620642, 36.953693171 ], [ 137.634984747, 36.979797946 ], [ 137.651156135, 36.980638135 ], [ 137.723378003, 37.001382802 ], [ 137.767298911000012, 37.017546559 ], [ 137.814462996, 37.030288586 ], [ 137.829245383, 37.039679468 ], [ 137.912479104999989, 37.060908532 ], [ 137.999618392, 37.112128721 ], [ 138.027507173, 37.116669387 ], [ 138.048716160999987, 37.127909108 ], [ 138.067769883000011, 37.148166054 ], [ 138.101788911, 37.17405736 ], [ 138.131690195, 37.164180108 ], [ 138.151632944, 37.161130973 ], [ 138.169087951, 37.162153198 ], [ 138.207110195000013, 37.168076892 ], [ 138.231680052, 37.174167865 ], [ 138.264929689000013, 37.197783721 ], [ 138.285396524, 37.204070613 ], [ 138.35534192, 37.254705252 ], [ 138.418097808, 37.306586279 ], [ 138.43704655, 37.322217667 ], [ 138.516911699, 37.357848721 ], [ 138.556802309, 37.380954748 ], [ 138.587844448999988, 37.420833279 ], [ 138.617598353, 37.473204 ], [ 138.617320039, 37.484072126 ], [ 138.640349287, 37.498539676 ], [ 138.660215305, 37.523524 ], [ 138.713089235000012, 37.558625486 ], [ 138.726662944, 37.578070973 ], [ 138.748370026, 37.605971441 ], [ 138.770597095, 37.653262892 ], [ 138.785549831, 37.707239982 ], [ 138.78661236100001, 37.707812387 ], [ 138.787235422, 37.710295721 ], [ 138.784826809, 37.715166 ], [ 138.815535551000011, 37.781796946 ], [ 138.841843165, 37.81664936 ], [ 138.860198301, 37.831536414 ], [ 138.925052166, 37.870878802 ], [ 139.000764409999988, 37.908266757 ], [ 139.05360821, 37.941095874 ], [ 139.066261608, 37.944386441 ], [ 139.07073415, 37.952287351 ], [ 139.12964118, 37.960179748 ], [ 139.186005888000011, 37.977189117 ], [ 139.200080895000013, 37.982067775 ], [ 139.215134047, 37.993035586 ], [ 139.231883632, 37.965388198 ], [ 139.233070804, 37.96576655 ], [ 139.227440245999986, 37.999026333 ], [ 139.258551712000013, 38.011324126 ], [ 139.288312464, 38.030568514 ], [ 139.313573113, 38.049467739 ], [ 139.34983195800001, 38.081571207 ], [ 139.409033813, 38.149763023 ], [ 139.429989637, 38.181271586 ], [ 139.428657756, 38.199935586 ], [ 139.449333554, 38.234079721 ], [ 139.444052244, 38.253056333 ], [ 139.449416887000012, 38.276144108 ], [ 139.452510272000012, 38.336993694 ], [ 139.46250588800001, 38.401123 ], [ 139.549908042, 38.543277685 ], [ 139.550035759, 38.551215459 ], [ 139.547810804, 38.55294773 ], [ 139.599446031000014, 38.522219027 ], [ 139.631392088000013, 38.52178036 ], [ 139.640520506, 38.510832054 ], [ 139.721764474999986, 38.496226333 ], [ 139.717040921, 38.42098864 ], [ 139.70338917, 38.400218252 ], [ 139.721100973, 38.393909865 ], [ 139.732878340000013, 38.371417081 ], [ 139.752283217000013, 38.358969532 ], [ 139.789643307, 38.348710532 ], [ 139.816491336000013, 38.356012333 ], [ 139.874814721, 38.316774252 ], [ 139.879325577, 38.303429279 ], [ 139.898888003, 38.293152306 ], [ 139.899904669, 38.275805694 ], [ 139.876598301, 38.261789414 ], [ 139.855966939000012, 38.228584306 ], [ 139.810953722, 38.211515838 ], [ 139.786475693999989, 38.192316225 ], [ 139.758244889999986, 38.193036 ], [ 139.713223917, 38.20664436 ], [ 139.687898392, 38.182385838 ], [ 139.684726977999986, 38.159420892 ], [ 139.692030921, 38.148960919 ], [ 139.692146693000012, 38.113001 ], [ 139.682670506, 38.108074081 ], [ 139.671555084, 38.077063333 ], [ 139.691801919999989, 38.075060279 ], [ 139.692725524999986, 38.05702864 ], [ 139.674832283, 38.040584532 ], [ 139.654807393, 38.035411225 ], [ 139.65401144, 37.996094387 ], [ 139.64374358, 37.995299667 ], [ 139.638114331999986, 37.970545586 ], [ 139.645246861, 37.962627 ], [ 139.639385642, 37.934716532 ], [ 139.624989922, 37.91839464 ], [ 139.629317082, 37.893657468 ], [ 139.638457639, 37.880022775 ], [ 139.680829196, 37.846950865 ], [ 139.681852802, 37.84674336 ], [ 139.710689804999987, 37.854393838 ], [ 139.741505383, 37.817712775 ], [ 139.728332438, 37.812241414 ], [ 139.680189727999988, 37.77504436 ], [ 139.649612607, 37.729062 ], [ 139.624091997, 37.710249468 ], [ 139.627277561999989, 37.688364721 ], [ 139.60447917, 37.679295279 ], [ 139.568493256000011, 37.653133919 ], [ 139.549321219, 37.64909336 ], [ 139.548507782, 37.609865 ], [ 139.56235, 37.600109721 ], [ 139.57040297, 37.579512468 ], [ 139.565737224, 37.546110027 ], [ 139.590584501, 37.52794064 ], [ 139.585105772, 37.512897054 ], [ 139.567031996999987, 37.502345721 ], [ 139.520095383000012, 37.513837252 ], [ 139.496737223999986, 37.512570252 ], [ 139.475797664999988, 37.502582694 ], [ 139.457198755, 37.517867559 ], [ 139.414249195999986, 37.510155802 ], [ 139.406362191999989, 37.466206054 ], [ 139.397512698000014, 37.459839171 ], [ 139.362550311, 37.469968027 ], [ 139.335142555, 37.457788721 ], [ 139.326471115, 37.462386252 ], [ 139.282028716000013, 37.449831171 ], [ 139.25121961100001, 37.452440135 ], [ 139.223306939, 37.449044081 ], [ 139.197246329, 37.41076664 ], [ 139.212528145, 37.391862505 ], [ 139.23166511, 37.387375279 ], [ 139.23803192, 37.37294836 ], [ 139.233621828999986, 37.343606505 ], [ 139.2178907, 37.334185946 ], [ 139.222113138999987, 37.315010081 ], [ 139.212289973999987, 37.286208973 ], [ 139.174989805, 37.256627 ], [ 139.165904086000012, 37.232165586 ], [ 139.194794669, 37.203962559 ], [ 139.196583800000013, 37.194028414 ], [ 139.217848392, 37.209494532 ], [ 139.237875382999988, 37.187838171 ], [ 139.253810972999986, 37.164825721 ], [ 139.235373165, 37.113943613 ], [ 139.238646109, 37.090506694 ], [ 139.257342698, 37.055935387 ], [ 139.243366641, 37.01513464 ], [ 139.251029663, 37.004618802 ], [ 139.24991917, 36.955901387 ], [ 139.231895966, 36.940527225 ], [ 139.228714669, 36.961197748 ], [ 139.205448171, 36.955940532 ], [ 139.180314254, 36.964521919 ], [ 139.179446614999989, 36.990758 ], [ 139.131906109, 37.025727721 ], [ 139.122949248, 37.047144081 ], [ 139.097016200000013, 37.058626333 ], [ 139.091194916, 37.019969441 ], [ 139.03032691300001, 36.983702586 ], [ 139.015498859, 36.988286225 ], [ 139.000645162000012, 36.979212892 ], [ 138.969846524, 36.981414 ], [ 138.963801608000011, 36.952769559 ], [ 138.977262529, 36.918208441 ], [ 138.97916849500001, 36.891176252 ], [ 138.932442581, 36.893550919 ], [ 138.917168275, 36.870372865 ], [ 138.92906725, 36.832643775 ], [ 138.87953022, 36.824977135 ], [ 138.850947056, 36.812031946 ], [ 138.821744254, 36.817626135 ] ], [ [ 138.827691996999988, 37.625264874 ], [ 138.82682201, 37.626366901 ], [ 138.825129792000013, 37.626340477 ], [ 138.827691996999988, 37.625264874 ] ], [ [ 138.825890726000011, 37.624654081 ], [ 138.827244371, 37.625328658 ], [ 138.825717069, 37.625919072 ], [ 138.825890726000011, 37.624654081 ] ], [ [ 138.829882477000012, 37.619132279 ], [ 138.830929416, 37.618732559 ], [ 138.830819689, 37.619881441 ], [ 138.829882477000012, 37.619132279 ] ], [ [ 138.828424137000013, 37.618681441 ], [ 138.829009416, 37.618099775 ], [ 138.829178301000013, 37.618765054 ], [ 138.828424137000013, 37.618681441 ] ], [ [ 138.955590169, 37.463612333 ], [ 138.9461307, 37.463025946 ], [ 138.950746809, 37.460891505 ], [ 138.955590169, 37.463612333 ] ], [ [ 138.954199196, 37.702481568 ], [ 138.954279287, 37.702442207 ], [ 138.954275499, 37.702489036 ], [ 138.954199196, 37.702481568 ] ], [ [ 138.954692555, 37.702544739 ], [ 138.954753956, 37.702538676 ], [ 138.954717523, 37.702651306 ], [ 138.954692555, 37.702544739 ] ], [ [ 138.955281426999989, 37.702974721 ], [ 138.955232865999989, 37.702965459 ], [ 138.955287535999986, 37.702890883 ], [ 138.955281426999989, 37.702974721 ] ], [ [ 138.84106533100001, 37.712913081 ], [ 138.841839689000011, 37.712710279 ], [ 138.841941698999989, 37.713893198 ], [ 138.84106533100001, 37.712913081 ] ], [ [ 138.965534838, 37.694711523 ], [ 138.96355716, 37.692383784 ], [ 138.965863878, 37.692606523 ], [ 138.965534838, 37.694711523 ] ], [ [ 139.22369151800001, 37.742395063 ], [ 139.225224798999989, 37.741096532 ], [ 139.224213982, 37.742858207 ], [ 139.22369151800001, 37.742395063 ] ], [ [ 139.445479221999989, 38.099316333 ], [ 139.445758949, 38.100002171 ], [ 139.445187276000013, 38.099404946 ], [ 139.445479221999989, 38.099316333 ] ], [ [ 139.44469725, 38.098915775 ], [ 139.444202244, 38.098658559 ], [ 139.44508061, 38.098433279 ], [ 139.44469725, 38.098915775 ] ] ], [ [ [ 138.435187639, 38.114657333 ], [ 138.436534553, 38.082124946 ], [ 138.451109287, 38.071897748 ], [ 138.467749728, 38.065516892 ], [ 138.483688042000011, 38.062960036 ], [ 138.521147886, 38.071372054 ], [ 138.552745175000013, 38.081254676 ], [ 138.562667198000014, 38.085346018 ], [ 138.571591258000012, 38.06400364 ], [ 138.521174695000013, 37.978526748 ], [ 138.502709144, 37.941376333 ], [ 138.499164968, 37.925795532 ], [ 138.473002996, 37.902818135 ], [ 138.410956381, 37.868993532 ], [ 138.377640324, 37.842577441 ], [ 138.349566251999988, 37.828995613 ], [ 138.304401115, 37.826617306 ], [ 138.273253398, 37.81557809 ], [ 138.249667134, 37.803085387 ], [ 138.206837912, 37.823241802 ], [ 138.222329468, 37.835407928 ], [ 138.246702645999989, 37.837867541 ], [ 138.264141634, 37.843847027 ], [ 138.289855550999988, 37.885459252 ], [ 138.290512166000013, 37.892243099 ], [ 138.282378029, 37.911530919 ], [ 138.305427523, 37.939698694 ], [ 138.32932, 37.949792171 ], [ 138.340685642000011, 37.959833081 ], [ 138.34357061, 37.964704973 ], [ 138.341307664999988, 37.977841721 ], [ 138.318627198, 37.999165838 ], [ 138.298731362000012, 38.007048919 ], [ 138.286305058000011, 38.006600351 ], [ 138.279667147, 38.005134946 ], [ 138.276238106, 38.003743568 ], [ 138.274201518000012, 38.002203658 ], [ 138.24826177700001, 37.96829464 ], [ 138.233133579999986, 38.008928694 ], [ 138.221322192, 38.014603559 ], [ 138.236196589, 38.025390838 ], [ 138.23892269800001, 38.031473387 ], [ 138.235781581999987, 38.062766775 ], [ 138.247454137, 38.075576694 ], [ 138.246964254, 38.079391667 ], [ 138.301039831, 38.149094306 ], [ 138.326766835, 38.19588564 ], [ 138.341881906999987, 38.199724622 ], [ 138.351095383, 38.204399225 ], [ 138.386605135999986, 38.23171664 ], [ 138.399304695000012, 38.246323279 ], [ 138.428660998999987, 38.254322973 ], [ 138.439161284, 38.265422667 ], [ 138.443857134000012, 38.277579054 ], [ 138.446491751, 38.293039306 ], [ 138.463745616000011, 38.317002892 ], [ 138.485254254000012, 38.329821198 ], [ 138.510653995000013, 38.331082838 ], [ 138.503250117, 38.240742586 ], [ 138.4924407, 38.221355387 ], [ 138.492293048, 38.203358568 ], [ 138.452373956, 38.149667045 ], [ 138.435187639, 38.114657333 ] ] ], [ [ [ 139.222482023, 38.436006586 ], [ 139.224839831, 38.456664054 ], [ 139.259409221999988, 38.482683694 ], [ 139.245366329, 38.45059736 ], [ 139.222482023, 38.436006586 ] ] ] ] } },
{ "type": "Feature", "properties": { "N03_001": "東京都" }, "geometry": { "type": "MultiPolygon", "coordinates": [ [ [ [ 139.171740973, 34.219754532 ], [ 139.130719922, 34.185772 ], [ 139.1365193, 34.225150802 ], [ 139.137842724, 34.238470054 ], [ 139.170348053999987, 34.231116829 ], [ 139.171740973, 34.219754532 ] ] ], [ [ [ 139.225478833000011, 34.330230054 ], [ 139.214060272000012, 34.317786586 ], [ 139.205014942, 34.326754775 ], [ 139.225478833000011, 34.330230054 ] ] ], [ [ [ 139.267138585999987, 34.408151829 ], [ 139.279551193, 34.418024946 ], [ 139.287681634, 34.427824694 ], [ 139.276641388, 34.38347836 ], [ 139.271851387999988, 34.330888721 ], [ 139.252559585, 34.339299054 ], [ 139.24585153000001, 34.367872748 ], [ 139.258813800000013, 34.401997135 ], [ 139.267138585999987, 34.408151829 ] ] ], [ [ [ 139.267395798, 34.521151595 ], [ 139.273661933, 34.531835811 ], [ 139.29284332, 34.523841261 ], [ 139.28168358, 34.512181279 ], [ 139.267395798, 34.521151595 ] ] ], [ [ [ 139.356886783, 34.741913919 ], [ 139.349094449, 34.759038892 ], [ 139.360935331, 34.799104694 ], [ 139.433200999, 34.772364973 ], [ 139.444893385, 34.735072054 ], [ 139.444298780999986, 34.688584468 ], [ 139.410507497, 34.680800333 ], [ 139.372573411, 34.699620748 ], [ 139.352672283, 34.718420613 ], [ 139.356886783, 34.741913919 ] ] ], [ [ [ 139.469926252, 35.569893252 ], [ 139.486816355, 35.535525505 ], [ 139.476986783, 35.511214135 ], [ 139.484864228, 35.504047505 ], [ 139.467722529000014, 35.502373306 ], [ 139.455766251999989, 35.520467694 ], [ 139.458249857, 35.528049946 ], [ 139.418193671000012, 35.561765802 ], [ 139.391084527, 35.585259505 ], [ 139.361359754, 35.599050495 ], [ 139.282873709, 35.613266441 ], [ 139.268799494, 35.609354532 ], [ 139.238637562, 35.606976748 ], [ 139.220232283, 35.625571694 ], [ 139.215734838, 35.645559721 ], [ 139.198030077999988, 35.652948586 ], [ 139.179162802, 35.645567748 ], [ 139.161603671, 35.667906586 ], [ 139.13134138800001, 35.671994586 ], [ 139.105624747, 35.691015919 ], [ 139.072109415999989, 35.69540836 ], [ 139.022528365999989, 35.721991333 ], [ 139.012290920999988, 35.738669054 ], [ 139.01188147900001, 35.738863225 ], [ 138.983772996, 35.769475414 ], [ 138.986425227000012, 35.782252892 ], [ 138.970321673, 35.804584306 ], [ 138.969296719, 35.831382919 ], [ 138.947338949, 35.843297135 ], [ 138.943933410999989, 35.854818802 ], [ 138.954458495000011, 35.874910468 ], [ 138.978927782, 35.885010694 ], [ 139.000762802, 35.884000414 ], [ 139.023560441, 35.897358441 ], [ 139.049842088, 35.878832919 ], [ 139.100281919999986, 35.867188748 ], [ 139.135360636, 35.865387 ], [ 139.16353066100001, 35.850868171 ], [ 139.192441505, 35.840271532 ], [ 139.212649363999986, 35.846611279 ], [ 139.232534890000011, 35.836636 ], [ 139.271891894, 35.839688225 ], [ 139.302023838999986, 35.834272667 ], [ 139.316106005, 35.818766 ], [ 139.330365836999988, 35.793616865 ], [ 139.369920558, 35.791727414 ], [ 139.3814793, 35.774270802 ], [ 139.379025668, 35.771196919 ], [ 139.391684553, 35.763354135 ], [ 139.404884915999986, 35.769159694 ], [ 139.440771946000012, 35.767002198 ], [ 139.496779105, 35.778700225 ], [ 139.529263722, 35.794128775 ], [ 139.541695227, 35.807306802 ], [ 139.542978949, 35.779807414 ], [ 139.516374916, 35.765573279 ], [ 139.547837523, 35.773980468 ], [ 139.544584358, 35.754760775 ], [ 139.562785837, 35.761595225 ], [ 139.594143527999989, 35.778703505 ], [ 139.597200752, 35.778366 ], [ 139.59864428, 35.769096306 ], [ 139.622992114, 35.766871865 ], [ 139.624713917, 35.779825694 ], [ 139.646301699, 35.797869252 ], [ 139.696859689, 35.798904 ], [ 139.69767192, 35.798444559 ], [ 139.733871634, 35.790047081 ], [ 139.738049079, 35.780220694 ], [ 139.760769248, 35.797410414 ], [ 139.751908469999989, 35.81093764 ], [ 139.767614942, 35.817684 ], [ 139.79400131, 35.805198414 ], [ 139.821055616, 35.815077 ], [ 139.820486304000013, 35.797539252 ], [ 139.846747756000013, 35.796506414 ], [ 139.85879917, 35.794438919 ], [ 139.876605031999986, 35.793827505 ], [ 139.87724939, 35.781166108 ], [ 139.893778054, 35.782746387 ], [ 139.879461529999986, 35.767524468 ], [ 139.889982283, 35.750765027 ], [ 139.890443917, 35.750275865 ], [ 139.898654332, 35.723451135 ], [ 139.916210920999987, 35.708001387 ], [ 139.908645863, 35.685505559 ], [ 139.886070778, 35.671136414 ], [ 139.883494383999988, 35.64511864 ], [ 139.871460610000014, 35.638641721 ], [ 139.849441167, 35.642761505 ], [ 139.84554297, 35.656716775 ], [ 139.840977886, 35.642980414 ], [ 139.834480363000011, 35.644067613 ], [ 139.808124137, 35.640462054 ], [ 139.79857013, 35.621815153 ], [ 139.778720169, 35.637117414 ], [ 139.798093994999988, 35.644741559 ], [ 139.797666083, 35.64774436 ], [ 139.776129144, 35.642411468 ], [ 139.789592425, 35.65625936 ], [ 139.772787756000014, 35.646038802 ], [ 139.7645312, 35.656117278 ], [ 139.75025297, 35.624823523 ], [ 139.74654131, 35.590169063 ], [ 139.74978422800001, 35.566625802 ], [ 139.75339703, 35.562250613 ], [ 139.763733256, 35.560462532 ], [ 139.785436524, 35.570560559 ], [ 139.808976304, 35.538494306 ], [ 139.776496380999987, 35.53447 ], [ 139.756486913, 35.544553135 ], [ 139.703471803000014, 35.536591306 ], [ 139.703075811, 35.553322135 ], [ 139.681142503, 35.561437468 ], [ 139.66930922200001, 35.584718838 ], [ 139.655138638000011, 35.59014636 ], [ 139.643243917, 35.59815636 ], [ 139.596623061, 35.618498838 ], [ 139.590235551, 35.618430775 ], [ 139.561970636000012, 35.632590694 ], [ 139.525388755, 35.642647613 ], [ 139.51659808, 35.629594613 ], [ 139.514580271999989, 35.624727387 ], [ 139.494881310000011, 35.617390748 ], [ 139.489585642, 35.604312171 ], [ 139.464158196999989, 35.624514414 ], [ 139.449280584, 35.611776054 ], [ 139.507013307, 35.575821892 ], [ 139.489247639000013, 35.561807171 ], [ 139.482867951, 35.571383838 ], [ 139.477804942, 35.582232721 ], [ 139.469926252, 35.569893252 ] ], [ [ 139.380817173, 35.590502784 ], [ 139.380930752000012, 35.590292081 ], [ 139.381146355, 35.59053109 ], [ 139.380817173, 35.590502784 ] ], [ [ 139.357755746, 35.744447775 ], [ 139.358230778, 35.745371667 ], [ 139.356356887, 35.744975559 ], [ 139.357755746, 35.744447775 ] ], [ [ 139.496792218, 35.687258973 ], [ 139.497617782, 35.687316468 ], [ 139.496792218, 35.687784532 ], [ 139.496792218, 35.687258973 ] ] ], [ [ [ 139.610678975000013, 33.89787055 ], [ 139.631942114, 33.87013945 ], [ 139.620012283, 33.851848378 ], [ 139.579194629999989, 33.860416721 ], [ 139.576772555, 33.878435333 ], [ 139.590896226000012, 33.898069622 ], [ 139.610678975000013, 33.89787055 ] ] ], [ [ [ 139.492825863, 34.119628162 ], [ 139.539335058, 34.123814252 ], [ 139.561903256, 34.108545775 ], [ 139.5626962, 34.070588441 ], [ 139.550716394, 34.058450532 ], [ 139.501717886, 34.045805135 ], [ 139.481280311, 34.056238054 ], [ 139.48219605700001, 34.084163829 ], [ 139.492825863, 34.119628162 ] ] ], [ [ [ 141.455057497000013, 24.225441387 ], [ 141.455037497, 24.241873613 ], [ 141.472919170000011, 24.239568333 ], [ 141.455057497000013, 24.225441387 ] ] ], [ [ [ 153.986675123, 24.283183441 ], [ 153.971105603000012, 24.284640793 ], [ 153.983998029, 24.297548523 ], [ 153.986675123, 24.283183441 ] ] ], [ [ [ 141.291837769000011, 24.777577586 ], [ 141.289963113, 24.794878811 ], [ 141.312216161, 24.811450162 ], [ 141.330328898, 24.813319667 ], [ 141.350186083000011, 24.786088495 ], [ 141.345756563, 24.772989595 ], [ 141.303203398, 24.756420441 ], [ 141.293662153000014, 24.751316162 ], [ 141.285828235999986, 24.745621667 ], [ 141.291837769000011, 24.777577586 ] ] ], [ [ [ 141.276144136999989, 25.419432054 ], [ 141.273716912999987, 25.441669829 ], [ 141.288048301, 25.447400946 ], [ 141.293280804, 25.425717613 ], [ 141.276144136999989, 25.419432054 ] ] ], [ [ [ 142.144760143000013, 26.676316946 ], [ 142.165307276, 26.686903279 ], [ 142.161644163, 26.672881829 ], [ 142.161917108000011, 26.666814252 ], [ 142.171160441000012, 26.630999108 ], [ 142.152840778000012, 26.646812694 ], [ 142.149571051, 26.663674252 ], [ 142.148734112, 26.666791198 ], [ 142.144760143000013, 26.676316946 ] ] ], [ [ [ 142.203342776, 27.098655027 ], [ 142.182107912, 27.094245468 ], [ 142.185928053999987, 27.104531162 ], [ 142.212696783000013, 27.102072586 ], [ 142.230754086, 27.068816054 ], [ 142.217524721, 27.041619532 ], [ 142.199171439999986, 27.045635559 ], [ 142.188076304, 27.044573252 ], [ 142.207188755, 27.078713721 ], [ 142.208290272, 27.082996441 ], [ 142.203342776, 27.098655027 ] ] ], [ [ [ 142.217795837000011, 27.129122775 ], [ 142.220037782, 27.108878054 ], [ 142.187851673000011, 27.130331108 ], [ 142.217795837000011, 27.129122775 ] ] ], [ [ [ 142.188846109, 27.187481946 ], [ 142.198059441999987, 27.168825559 ], [ 142.187419728, 27.147679441 ], [ 142.188846109, 27.187481946 ] ] ], [ [ [ 140.298141388, 30.472951387 ], [ 140.288025006, 30.482535 ], [ 140.304598612, 30.495946108 ], [ 140.314438884999987, 30.486981667 ], [ 140.298141388, 30.472951387 ] ] ], [ [ [ 139.755288599000011, 32.471633495 ], [ 139.780465045, 32.456568108 ], [ 139.771290856, 32.443510333 ], [ 139.754680713, 32.451436486 ], [ 139.755288599000011, 32.471633495 ] ] ], [ [ [ 139.819342218, 33.058445694 ], [ 139.784067756000013, 33.069794108 ], [ 139.775574162999987, 33.099907279 ], [ 139.753715447, 33.10494445 ], [ 139.75133652400001, 33.115196351 ], [ 139.739813489, 33.131416667 ], [ 139.745204099, 33.154989586 ], [ 139.771419118000011, 33.158284937 ], [ 139.817043579999989, 33.120222162 ], [ 139.845516783, 33.116570991 ], [ 139.857492062, 33.099085351 ], [ 139.858596096000014, 33.079363288 ], [ 139.838946161, 33.074999468 ], [ 139.83245856, 33.045232441 ], [ 139.819342218, 33.058445694 ] ] ], [ [ [ 139.787040337, 35.580458694 ], [ 139.754074086, 35.578340108 ], [ 139.749474981, 35.588861865 ], [ 139.753018612, 35.617647811 ], [ 139.773148885000012, 35.595756847 ], [ 139.787040337, 35.580458694 ] ] ], [ [ [ 139.820321777, 35.607395171 ], [ 139.827062309000013, 35.596938207 ], [ 139.832194423, 35.588935973 ], [ 139.813426161, 35.578728468 ], [ 139.805832477, 35.585447748 ], [ 139.805614189000011, 35.596159045 ], [ 139.807435499, 35.597142955 ], [ 139.820321777, 35.607395171 ] ] ], [ [ [ 139.818944228, 35.608875802 ], [ 139.792146186999986, 35.594252973 ], [ 139.79854978, 35.607071459 ], [ 139.818944228, 35.608875802 ] ] ], [ [ [ 139.782376342, 35.629508604 ], [ 139.786729831, 35.60184045 ], [ 139.773440895, 35.620266468 ], [ 139.771349689, 35.623138306 ], [ 139.782376342, 35.629508604 ] ] ], [ [ [ 139.82585131, 35.630699081 ], [ 139.840110843, 35.632067459 ], [ 139.838600259, 35.614160351 ], [ 139.82585131, 35.630699081 ] ] ] ] } },
{ "type": "Feature", "properties": { "N03_001": "栃木県" }, "geometry": { "type": "Polygon", "coordinates": [ [ [ 139.687943839000013, 36.199681333 ], [ 139.664425473, 36.207060802 ], [ 139.669571362, 36.215133586 ], [ 139.630719754000012, 36.254841306 ], [ 139.633908171, 36.270227667 ], [ 139.616954501, 36.274044027 ], [ 139.589751051, 36.268624865 ], [ 139.561270117, 36.267129838 ], [ 139.536463139, 36.281725559 ], [ 139.500124137, 36.276093108 ], [ 139.463877886, 36.271520946 ], [ 139.457065188, 36.289192865 ], [ 139.4436493, 36.288360946 ], [ 139.415699611, 36.315869559 ], [ 139.42674, 36.326917865 ], [ 139.370346355, 36.366081802 ], [ 139.361025227, 36.385234279 ], [ 139.376863217, 36.411028171 ], [ 139.406504034, 36.445709775 ], [ 139.408229364, 36.457881171 ], [ 139.436474721, 36.465975306 ], [ 139.428081193, 36.490417838 ], [ 139.417928145, 36.494639225 ], [ 139.442848340000012, 36.531583108 ], [ 139.439046446, 36.550685333 ], [ 139.451100636, 36.549707027 ], [ 139.482634448999988, 36.578163441 ], [ 139.465357523, 36.606493721 ], [ 139.398703606, 36.602189468 ], [ 139.386688833, 36.611983333 ], [ 139.352288418, 36.615090279 ], [ 139.328148885, 36.633421667 ], [ 139.32670185500001, 36.657112414 ], [ 139.339259831, 36.678333721 ], [ 139.336918366, 36.692129775 ], [ 139.366934228, 36.724589333 ], [ 139.371988638, 36.746753838 ], [ 139.356076083, 36.750453279 ], [ 139.353056861, 36.773608919 ], [ 139.374330973000014, 36.784290865 ], [ 139.377934501, 36.804448973 ], [ 139.406699559, 36.826940108 ], [ 139.34856358, 36.852782135 ], [ 139.357133502000011, 36.876948532 ], [ 139.367872166000012, 36.877180198 ], [ 139.393289196000012, 36.910795505 ], [ 139.411985253000012, 36.927713865 ], [ 139.42690061, 36.924166387 ], [ 139.43444856, 36.94185364 ], [ 139.45667516200001, 36.953835919 ], [ 139.459931336000011, 36.969653919 ], [ 139.484332361000014, 36.975437252 ], [ 139.494286589000012, 36.967933414 ], [ 139.53528703, 36.980604108 ], [ 139.548179299999987, 36.99365736 ], [ 139.619322477, 37.016630505 ], [ 139.624970636, 37.032721306 ], [ 139.664588974999987, 37.039837919 ], [ 139.672599689, 37.057151198 ], [ 139.700364864, 37.059327306 ], [ 139.718824227999988, 37.070770054 ], [ 139.752711893999987, 37.070587306 ], [ 139.774910999000014, 37.091894279 ], [ 139.822092996, 37.085136865 ], [ 139.815188807, 37.116150694 ], [ 139.831773139, 37.133640946 ], [ 139.86628939, 37.147227892 ], [ 139.902431725000014, 37.154271505 ], [ 139.916335525, 37.147626 ], [ 139.961261193000013, 37.153295748 ], [ 139.967322048999989, 37.14779464 ], [ 140.047074254, 37.135437468 ], [ 140.059701556, 37.125474667 ], [ 140.100436809, 37.123429 ], [ 140.150794137, 37.094329171 ], [ 140.172827004, 37.070254973 ], [ 140.19306214, 37.065503505 ], [ 140.203334358, 37.023870441 ], [ 140.248932438, 37.025873919 ], [ 140.251390077999986, 37.009185586 ], [ 140.240213217, 37.000275081 ], [ 140.253089831000011, 36.962967892 ], [ 140.243037328000014, 36.943486252 ], [ 140.264256524, 36.933315387 ], [ 140.252419753999988, 36.928693198 ], [ 140.248718145, 36.908859559 ], [ 140.256714838, 36.873099505 ], [ 140.251536005, 36.852457 ], [ 140.265739000999986, 36.828803333 ], [ 140.267037977, 36.799521694 ], [ 140.253814721, 36.783655054 ], [ 140.262206278, 36.748283667 ], [ 140.283336329, 36.734138613 ], [ 140.292162387, 36.712661333 ], [ 140.26781856, 36.702270559 ], [ 140.234248301, 36.700486775 ], [ 140.221565837000014, 36.674286225 ], [ 140.240930311, 36.650922802 ], [ 140.234695668, 36.623850838 ], [ 140.248391777, 36.610937198 ], [ 140.243781971, 36.562819775 ], [ 140.251539754, 36.554580054 ], [ 140.254550947000013, 36.522404559 ], [ 140.249210557999987, 36.507941559 ], [ 140.229458145, 36.502081333 ], [ 140.202876550000013, 36.454437279 ], [ 140.202044747, 36.432811468 ], [ 140.203261089, 36.420743171 ], [ 140.185157471, 36.398337667 ], [ 140.156197004, 36.398153559 ], [ 140.144261479, 36.414044667 ], [ 140.109584553, 36.407301414 ], [ 140.111221167, 36.398055306 ], [ 140.066503722, 36.403813468 ], [ 140.063612192, 36.382057667 ], [ 140.041467302, 36.375228559 ], [ 140.000431776999989, 36.376632532 ], [ 140.002241751000014, 36.36801836 ], [ 139.973896057, 36.378485054 ], [ 139.964501414000011, 36.350941748 ], [ 139.946167393, 36.349187054 ], [ 139.913026835000011, 36.33498436 ], [ 139.910754449, 36.301201333 ], [ 139.903009078999986, 36.298642441 ], [ 139.896642412, 36.309754387 ], [ 139.84995269800001, 36.311789468 ], [ 139.83521083, 36.291802802 ], [ 139.841733333, 36.277330306 ], [ 139.821609196, 36.239702838 ], [ 139.785699805, 36.227797306 ], [ 139.727486719000012, 36.201580721 ], [ 139.707494475, 36.210835748 ], [ 139.688846887000011, 36.202073 ], [ 139.687943839000013, 36.199681333 ] ], [ [ 139.614880895, 36.467006135 ], [ 139.605662244, 36.471582802 ], [ 139.612305279, 36.456542252 ], [ 139.614880895, 36.467006135 ] ], [ [ 139.860348003000013, 36.414765748 ], [ 139.857296005, 36.410521306 ], [ 139.85915158200001, 36.41068436 ], [ 139.860348003000013, 36.414765748 ] ], [ [ 139.946084617, 37.138851081 ], [ 139.945558223, 37.137813865 ], [ 139.946429883, 37.137832468 ], [ 139.946084617, 37.138851081 ] ] ] } },
{ "type": "Feature", "properties": { "N03_001": "沖縄県" }, "geometry": { "type": "MultiPolygon", "coordinates": [ [ [ [ 123.790674163, 24.071483892 ], [ 123.810593891, 24.061872775 ], [ 123.795662776, 24.046091946 ], [ 123.75307917, 24.053107225 ], [ 123.754228885, 24.062862225 ], [ 123.790674163, 24.071483892 ] ] ], [ [ [ 124.008277782, 24.220335 ], [ 123.991007782, 24.247259721 ], [ 124.028689442, 24.245413333 ], [ 124.027418885, 24.230760279 ], [ 124.008277782, 24.220335 ] ] ], [ [ [ 124.102016939, 24.320876108 ], [ 124.08023083, 24.313443054 ], [ 124.086834449, 24.340504721 ], [ 124.102016939, 24.320876108 ] ] ], [ [ [ 123.969188612, 24.343160559 ], [ 123.972576939, 24.354760559 ], [ 124.002426394, 24.332729721 ], [ 123.960732776, 24.334197775 ], [ 123.969188612, 24.343160559 ] ] ], [ [ [ 123.922271933, 24.366624243 ], [ 123.938506394, 24.365622225 ], [ 123.92795917, 24.344568613 ], [ 123.927382776, 24.315232225 ], [ 123.915461946, 24.326174162 ], [ 123.902144449, 24.308333054 ], [ 123.901983061, 24.295306946 ], [ 123.904487224, 24.275246946 ], [ 123.881007782, 24.280421108 ], [ 123.880578054, 24.256238892 ], [ 123.862552218, 24.256299441 ], [ 123.833276109, 24.272019441 ], [ 123.805678885, 24.269600559 ], [ 123.754875837, 24.279675279 ], [ 123.721534449, 24.299333333 ], [ 123.719033606, 24.278327225 ], [ 123.696398054, 24.283588892 ], [ 123.680464163, 24.282575829 ], [ 123.66185917, 24.308107775 ], [ 123.687294163, 24.310623613 ], [ 123.686568327, 24.332716108 ], [ 123.710237224, 24.314873333 ], [ 123.710778327, 24.331655829 ], [ 123.729402503, 24.341689721 ], [ 123.72906, 24.328055559 ], [ 123.751577782, 24.312692775 ], [ 123.744721479, 24.341986559 ], [ 123.753497497, 24.353225559 ], [ 123.742983191, 24.367373135 ], [ 123.752993606, 24.376971108 ], [ 123.743062218, 24.393733613 ], [ 123.753843891, 24.397803054 ], [ 123.772725279, 24.417613333 ], [ 123.774270272, 24.422320559 ], [ 123.76408, 24.430358054 ], [ 123.781600558, 24.437615829 ], [ 123.821396161, 24.391666667 ], [ 123.832485837, 24.407530279 ], [ 123.861671115, 24.394802775 ], [ 123.881300558, 24.399930829 ], [ 123.887205279, 24.383852775 ], [ 123.902843891, 24.385599162 ], [ 123.922271933, 24.366624243 ] ] ], [ [ [ 122.954105214, 24.46085555 ], [ 122.970620921, 24.468041144 ], [ 123.016119287, 24.470881027 ], [ 123.037821012, 24.463042658 ], [ 123.009601881, 24.438184279 ], [ 123.00354847, 24.440845027 ], [ 123.002291154, 24.441263676 ], [ 122.948065045, 24.444304784 ], [ 122.954105214, 24.46085555 ] ] ], [ [ [ 124.283770026, 24.508312685 ], [ 124.281002711, 24.492660009 ], [ 124.265304578, 24.481575955 ], [ 124.260283294, 24.477072919 ], [ 124.254739274, 24.469908144 ], [ 124.251017808, 24.46267882 ], [ 124.253078288, 24.398681559 ], [ 124.249749961, 24.359436982 ], [ 124.236019248, 24.345059351 ], [ 124.217813178, 24.35437791 ], [ 124.208649741, 24.355546523 ], [ 124.202822581, 24.354692775 ], [ 124.199194695, 24.352810414 ], [ 124.200851958, 24.343187865 ], [ 124.181179728, 24.330521441 ], [ 124.164777406, 24.330952225 ], [ 124.144605564, 24.35110636 ], [ 124.111475006, 24.367275631 ], [ 124.131830091, 24.380516667 ], [ 124.141093567, 24.392328595 ], [ 124.144281362, 24.410565243 ], [ 124.143455811, 24.413232766 ], [ 124.123539105, 24.433104423 ], [ 124.120545136, 24.434522865 ], [ 124.102963761, 24.433404784 ], [ 124.088852866, 24.42413645 ], [ 124.069906706, 24.428912568 ], [ 124.093668106, 24.453941423 ], [ 124.111425863, 24.444401766 ], [ 124.11965965, 24.446678649 ], [ 124.125492503, 24.468765135 ], [ 124.118040791, 24.482212973 ], [ 124.144143645, 24.462996658 ], [ 124.134500454, 24.44828282 ], [ 124.141726744, 24.442778081 ], [ 124.218760467, 24.454216505 ], [ 124.226407497, 24.460061721 ], [ 124.228764553, 24.487365387 ], [ 124.24493585, 24.504064054 ], [ 124.255491946, 24.517465694 ], [ 124.275009364, 24.504618378 ], [ 124.279262451, 24.506870784 ], [ 124.295668482, 24.542100459 ], [ 124.293851245, 24.548254468 ], [ 124.282885512, 24.561092252 ], [ 124.297542296, 24.57004455 ], [ 124.308363606, 24.587320171 ], [ 124.31158284, 24.59466091 ], [ 124.312048807, 24.610219045 ], [ 124.336679066, 24.595940153 ], [ 124.336651012, 24.576104081 ], [ 124.312923852, 24.556156225 ], [ 124.304489857, 24.546515532 ], [ 124.304119183, 24.535816279 ], [ 124.308917095, 24.531494252 ], [ 124.283770026, 24.508312685 ] ] ], [ [ [ 124.696901115, 24.677002198 ], [ 124.726516667, 24.666776108 ], [ 124.727893333, 24.653768892 ], [ 124.708180272, 24.638143892 ], [ 124.675391388, 24.643300559 ], [ 124.672897497, 24.665211108 ], [ 124.696901115, 24.677002198 ] ] ], [ [ [ 125.255456744, 24.725061667 ], [ 125.250416459, 24.713183459 ], [ 125.240704838, 24.730844568 ], [ 125.255456744, 24.725061667 ] ] ], [ [ [ 124.703469196, 24.745231613 ], [ 124.683762892, 24.757044 ], [ 124.695001479, 24.761922892 ], [ 124.703469196, 24.745231613 ] ] ], [ [ [ 125.388885888, 24.783533937 ], [ 125.403136161, 24.766128423 ], [ 125.433347263, 24.761000658 ], [ 125.454666485, 24.730605414 ], [ 125.370352892, 24.729402027 ], [ 125.328285538, 24.719692396 ], [ 125.308806226, 24.711515838 ], [ 125.298585344, 24.732988153 ], [ 125.294585201, 24.733551793 ], [ 125.290069792, 24.722977829 ], [ 125.262929001, 24.734159459 ], [ 125.252524073, 24.756264721 ], [ 125.266455201, 24.751330333 ], [ 125.285233891, 24.75318373 ], [ 125.282691699, 24.763022153 ], [ 125.279769416, 24.768899333 ], [ 125.267998911, 24.783984279 ], [ 125.259372218, 24.784081108 ], [ 125.279775357, 24.812269099 ], [ 125.276721556, 24.834665514 ], [ 125.296408275, 24.845465892 ], [ 125.27172035, 24.892083171 ], [ 125.285076018, 24.88261091 ], [ 125.296433087, 24.87708773 ], [ 125.315237769, 24.83500418 ], [ 125.335419767, 24.822229856 ], [ 125.335980973, 24.798197009 ], [ 125.35205725, 24.790189054 ], [ 125.388885888, 24.783533937 ] ] ], [ [ [ 125.144978418, 24.813961414 ], [ 125.135348197, 24.834999162 ], [ 125.168781894, 24.81847064 ], [ 125.170172387, 24.803549414 ], [ 125.144978418, 24.813961414 ] ] ], [ [ [ 125.165774527, 24.864881081 ], [ 125.205800947, 24.847134775 ], [ 125.219930389, 24.825460495 ], [ 125.216201414, 24.806729108 ], [ 125.178172996, 24.811428721 ], [ 125.15534, 24.837187865 ], [ 125.165774527, 24.864881081 ] ] ], [ [ [ 125.251953852, 24.932450486 ], [ 125.247252101, 24.921457486 ], [ 125.231012646, 24.935292901 ], [ 125.251953852, 24.932450486 ] ] ], [ [ [ 123.472931115, 25.750999162 ], [ 123.493258054, 25.744285 ], [ 123.457818054, 25.739973054 ], [ 123.472931115, 25.750999162 ] ] ], [ [ [ 127.289154994, 26.194103613 ], [ 127.264773333, 26.198458613 ], [ 127.280483061, 26.213025 ], [ 127.289154994, 26.194103613 ] ] ], [ [ [ 127.315601388, 26.226655279 ], [ 127.282840272, 26.227538054 ], [ 127.295126939, 26.242239441 ], [ 127.315601388, 26.226655279 ] ] ], [ [ [ 126.793549442, 26.299781946 ], [ 126.780630558, 26.304851667 ], [ 126.770030272, 26.326367775 ], [ 126.759044527, 26.33762364 ], [ 126.74617406, 26.345801468 ], [ 126.717315551, 26.353274721 ], [ 126.717211946, 26.374598333 ], [ 126.780004358, 26.390757027 ], [ 126.797740272, 26.368620559 ], [ 126.826184994, 26.346025279 ], [ 126.806213632, 26.32650764 ], [ 126.805413917, 26.323825126 ], [ 126.810265837, 26.290937495 ], [ 126.793549442, 26.299781946 ] ] ], [ [ [ 127.146543333, 26.351866108 ], [ 127.137069209, 26.365818171 ], [ 127.144652218, 26.377610279 ], [ 127.146543333, 26.351866108 ] ] ], [ [ [ 127.248211115, 26.586316946 ], [ 127.208132776, 26.575976108 ], [ 127.23082, 26.601981108 ], [ 127.248211115, 26.586316946 ] ] ], [ [ [ 127.669267458, 26.152159153 ], [ 127.643832685, 26.177417901 ], [ 127.636018599, 26.178239468 ], [ 127.631180376, 26.178747901 ], [ 127.630458508, 26.206184532 ], [ 127.670923696, 26.220947225 ], [ 127.681049494, 26.226562613 ], [ 127.668634773, 26.246099468 ], [ 127.674973424, 26.246098117 ], [ 127.676682464, 26.245490784 ], [ 127.679887613, 26.244306225 ], [ 127.680996278, 26.243913892 ], [ 127.682817004, 26.243272198 ], [ 127.685082477, 26.242579694 ], [ 127.706605837, 26.273128919 ], [ 127.724290039, 26.272812144 ], [ 127.7569993, 26.295026027 ], [ 127.76007869, 26.309865559 ], [ 127.745856757, 26.342630198 ], [ 127.745160143, 26.351461252 ], [ 127.738349377, 26.361873712 ], [ 127.73797345, 26.364145279 ], [ 127.71621345, 26.406165865 ], [ 127.716514838, 26.434545081 ], [ 127.736265253, 26.422376775 ], [ 127.741893268, 26.422298135 ], [ 127.776607977, 26.440194514 ], [ 127.786071803, 26.434916036 ], [ 127.799114527, 26.437527613 ], [ 127.803713826, 26.454808838 ], [ 127.844741414, 26.480502901 ], [ 127.871602892, 26.510820595 ], [ 127.883589754, 26.502589477 ], [ 127.919389326, 26.517684622 ], [ 127.929259728, 26.531454441 ], [ 127.964708029, 26.542449586 ], [ 127.975965577, 26.558967252 ], [ 127.983413256, 26.574778198 ], [ 127.983003139, 26.584963414 ], [ 127.920734527, 26.609315198 ], [ 127.90016559, 26.605618333 ], [ 127.878973476, 26.654094441 ], [ 127.889036719, 26.672452054 ], [ 127.877032412, 26.695314694 ], [ 127.908780026, 26.69943464 ], [ 127.918249546, 26.702073523 ], [ 127.934699741, 26.703130649 ], [ 127.960186939, 26.706760036 ], [ 127.96620463, 26.698008081 ], [ 128.005750519, 26.687762838 ], [ 127.982874384, 26.649037198 ], [ 127.988650208, 26.646667928 ], [ 128.006681257999986, 26.630627108 ], [ 128.024557756, 26.627388387 ], [ 128.078699105, 26.644325225 ], [ 128.080386978, 26.645867622 ], [ 128.088022048999989, 26.650550883 ], [ 128.097130856, 26.662173541 ], [ 128.124604358, 26.661781658 ], [ 128.098867808, 26.680990342 ], [ 128.11767131, 26.703305036 ], [ 128.133190907999989, 26.704666459 ], [ 128.154662322, 26.717823568 ], [ 128.160282827, 26.730898432 ], [ 128.155614916, 26.740149856 ], [ 128.182892399, 26.749149486 ], [ 128.202171037999989, 26.765914514 ], [ 128.23125227, 26.797385739 ], [ 128.252372685000012, 26.839832955 ], [ 128.244096732, 26.85866718 ], [ 128.261951401, 26.866443658 ], [ 128.290173333000013, 26.841683685 ], [ 128.318238872, 26.809753063 ], [ 128.316643956, 26.79177327 ], [ 128.321184553, 26.756612721 ], [ 128.326946187, 26.749394541 ], [ 128.295646667, 26.719484477 ], [ 128.26470642000001, 26.667764892 ], [ 128.256779325999986, 26.65984045 ], [ 128.235360311, 26.63050873 ], [ 128.228418962, 26.631292063 ], [ 128.181272296, 26.624387441 ], [ 128.159392399000012, 26.630883667 ], [ 128.148037445, 26.629364793 ], [ 128.146142477000012, 26.625783315 ], [ 128.145393696000014, 26.622331919 ], [ 128.150972335, 26.600111486 ], [ 128.1242269, 26.60299282 ], [ 128.12858806700001, 26.59263664 ], [ 128.139591245, 26.555155775 ], [ 128.126327081999989, 26.555303775 ], [ 128.110821050999988, 26.551066523 ], [ 128.095586018, 26.541743694 ], [ 128.064429351, 26.552046595 ], [ 128.033575733, 26.552085937 ], [ 128.046417328, 26.528913171 ], [ 128.025492179, 26.510586991 ], [ 127.997662503, 26.509687721 ], [ 127.991674137, 26.481495622 ], [ 127.953401673, 26.473660045 ], [ 127.946641128, 26.464838811 ], [ 127.928949974, 26.439596198 ], [ 127.914309883, 26.447464595 ], [ 127.871339715, 26.457598568 ], [ 127.842945837, 26.437239162 ], [ 127.843817588, 26.43166764 ], [ 127.830707717, 26.432130198 ], [ 127.830220363, 26.418653468 ], [ 127.840818223, 26.406266495 ], [ 127.878756978, 26.378558892 ], [ 127.87505214, 26.373280532 ], [ 127.872934643, 26.362011865 ], [ 127.875018885, 26.356826613 ], [ 127.888023087, 26.340847865 ], [ 127.911942283, 26.326013495 ], [ 127.921333645, 26.294866775 ], [ 127.902014643, 26.303086441 ], [ 127.861658197, 26.344007721 ], [ 127.842558872, 26.334619928 ], [ 127.838083969, 26.331239865 ], [ 127.834696394, 26.325948919 ], [ 127.834822218, 26.322777721 ], [ 127.847498003, 26.314389802 ], [ 127.828733722, 26.304130523 ], [ 127.811167964, 26.298379811 ], [ 127.814418067, 26.290084297 ], [ 127.7979893, 26.265461739 ], [ 127.787508911, 26.231923829 ], [ 127.770030311, 26.207491054 ], [ 127.776067289, 26.188619847 ], [ 127.777813333, 26.172495468 ], [ 127.790514254, 26.171232198 ], [ 127.795019728, 26.185591658 ], [ 127.821099416, 26.191653441 ], [ 127.829073917, 26.165391162 ], [ 127.811890078, 26.155292495 ], [ 127.79289917, 26.134946748 ], [ 127.775280532, 26.134964532 ], [ 127.769705694, 26.132410054 ], [ 127.762228482, 26.125951342 ], [ 127.749037717, 26.119529081 ], [ 127.747176472, 26.118257495 ], [ 127.739485772, 26.109612973 ], [ 127.731578418, 26.098224748 ], [ 127.7280307, 26.097289135 ], [ 127.673456252, 26.078412495 ], [ 127.657907497, 26.088624865 ], [ 127.669276057, 26.125896414 ], [ 127.647964838, 26.145303829 ], [ 127.669267458, 26.152159153 ] ] ], [ [ [ 127.352821946, 26.225461387 ], [ 127.366597782, 26.222257775 ], [ 127.373881388, 26.202135 ], [ 127.358408054, 26.180623892 ], [ 127.362851388, 26.157872225 ], [ 127.338884163, 26.182630559 ], [ 127.344823061, 26.19031 ], [ 127.352821946, 26.225461387 ] ] ], [ [ [ 127.78402476, 26.733257856 ], [ 127.808723541, 26.739129027 ], [ 127.828667121, 26.724244153 ], [ 127.827830584, 26.70995136 ], [ 127.757380376, 26.709130793 ], [ 127.750165642, 26.716291541 ], [ 127.760317406, 26.737732477 ], [ 127.78402476, 26.733257856 ] ] ], [ [ [ 131.25614027200001, 25.871195829 ], [ 131.27322306100001, 25.854674441 ], [ 131.257269027, 25.817617559 ], [ 131.233526939, 25.812606387 ], [ 131.213467497000011, 25.822893613 ], [ 131.219785058000014, 25.864452946 ], [ 131.25614027200001, 25.871195829 ] ] ], [ [ [ 131.294236109, 25.933686108 ], [ 131.285580829999986, 25.961003054 ], [ 131.332113333, 25.951091946 ], [ 131.323145473000011, 25.931903613 ], [ 131.294236109, 25.933686108 ] ] ], [ [ [ 127.974305447, 26.350108 ], [ 127.959432438, 26.338259054 ], [ 127.944596861, 26.356646613 ], [ 127.974305447, 26.350108 ] ] ], [ [ [ 127.978259079, 26.379420613 ], [ 127.987441699, 26.359875027 ], [ 127.970640999, 26.355350973 ], [ 127.978259079, 26.379420613 ] ] ], [ [ [ 127.874417328, 26.64896364 ], [ 127.859571167, 26.637124081 ], [ 127.854805162, 26.648312973 ], [ 127.874417328, 26.64896364 ] ] ], [ [ [ 127.993507004, 26.660116811 ], [ 128.010194604, 26.679240405 ], [ 128.032859351000013, 26.648022892 ], [ 128.01436677, 26.657454604 ], [ 127.993507004, 26.660116811 ] ] ], [ [ [ 128.026419559, 26.711404099 ], [ 128.024121323, 26.695762892 ], [ 128.008799001, 26.704128198 ], [ 128.026419559, 26.711404099 ] ] ], [ [ [ 127.952728612, 26.913700829 ], [ 127.919656394, 26.921349162 ], [ 127.919693891, 26.947903333 ], [ 127.93745917, 26.955741108 ], [ 127.955550272, 26.945708613 ], [ 127.952728612, 26.913700829 ] ] ], [ [ [ 127.932427497, 27.01414 ], [ 127.972790597, 27.067071369 ], [ 127.987321388, 27.074764162 ], [ 127.996047782, 27.089253333 ], [ 128.015852503, 27.08902 ], [ 128.002828327, 27.077216946 ], [ 127.991358327, 27.044231387 ], [ 127.971384267, 27.039835901 ], [ 127.963152776, 27.031471667 ], [ 127.963504994, 27.021915279 ], [ 127.932427497, 27.01414 ] ] ] ] } },
{ "type": "Feature", "properties": { "N03_001": "滋賀県" }, "geometry": { "type": "Polygon", "coordinates": [ [ [ 136.421168884999986, 34.999633333 ], [ 136.415194721, 34.984619441 ], [ 136.395259442, 34.951881946 ], [ 136.372689728000012, 34.942257495 ], [ 136.366097497, 34.905006387 ], [ 136.283721673, 34.870292225 ], [ 136.250675006, 34.857728054 ], [ 136.198074448999989, 34.869862225 ], [ 136.166897782, 34.887894441 ], [ 136.131532776, 34.883134162 ], [ 136.112296939, 34.901880279 ], [ 136.086260558, 34.876301946 ], [ 136.122131946, 34.872751946 ], [ 136.126331946, 34.861763333 ], [ 136.109790557999986, 34.854760279 ], [ 136.087554721, 34.830450279 ], [ 136.095186939, 34.819104162 ], [ 136.072993061, 34.804212495 ], [ 136.022288885, 34.791555279 ], [ 136.011247223999987, 34.795861108 ], [ 136.028458612, 34.819115829 ], [ 136.005382503, 34.826555559 ], [ 136.000750829999987, 34.845085559 ], [ 135.969846109, 34.838132225 ], [ 135.96139917, 34.854659721 ], [ 135.946186939, 34.851782495 ], [ 135.943235006, 34.878177495 ], [ 135.940894449000012, 34.893683333 ], [ 135.912655551, 34.883516387 ], [ 135.899669442, 34.871404441 ], [ 135.866637223999987, 34.892140279 ], [ 135.878441946, 34.947434162 ], [ 135.863410558, 34.960054162 ], [ 135.849267223999988, 34.991733892 ], [ 135.826904721, 34.991203892 ], [ 135.836558884999988, 35.001226387 ], [ 135.820239442, 35.012961946 ], [ 135.835464163000012, 35.012328613 ], [ 135.815901387999986, 35.047369171 ], [ 135.835915279, 35.058965838 ], [ 135.856763061, 35.153615 ], [ 135.846813061, 35.162386946 ], [ 135.830864163, 35.222761387 ], [ 135.860755278999989, 35.28296 ], [ 135.834608612000011, 35.274079441 ], [ 135.808781946000011, 35.316878333 ], [ 135.795189728, 35.321238892 ], [ 135.780818520999986, 35.340561973 ], [ 135.76407275, 35.344557532 ], [ 135.768785305, 35.356014468 ], [ 135.790893579999988, 35.386638919 ], [ 135.807529196, 35.385361721 ], [ 135.813796355, 35.413312252 ], [ 135.853133385, 35.411536973 ], [ 135.86453192, 35.394422802 ], [ 135.890570078, 35.403175 ], [ 135.892981505, 35.419847505 ], [ 135.914162244000011, 35.432106108 ], [ 135.922294279999988, 35.485818306 ], [ 135.939647082, 35.520542748 ], [ 135.947022361, 35.520475532 ], [ 135.952370078, 35.50622136 ], [ 135.97264642, 35.500105532 ], [ 135.980951051, 35.486689171 ], [ 136.006664916, 35.491819441 ], [ 136.026532476999989, 35.529496694 ], [ 136.048346615000014, 35.534531721 ], [ 136.069233476, 35.526247279 ], [ 136.08322847, 35.540558414 ], [ 136.105623113, 35.528818414 ], [ 136.105449585, 35.555419279 ], [ 136.113592996, 35.582775108 ], [ 136.143330142999986, 35.571148694 ], [ 136.163239559, 35.571144225 ], [ 136.177485525, 35.594983865 ], [ 136.158582114000012, 35.629743 ], [ 136.14781511000001, 35.662519919 ], [ 136.134493774, 35.669822973 ], [ 136.15034834, 35.697715414 ], [ 136.191252529, 35.702404775 ], [ 136.21260834, 35.681701108 ], [ 136.234407004, 35.682462135 ], [ 136.280742114, 35.658630865 ], [ 136.278987276, 35.638408135 ], [ 136.288559416, 35.620588171 ], [ 136.31581786000001, 35.623395613 ], [ 136.323675914, 35.616516441 ], [ 136.322100246, 35.544347198 ], [ 136.337320143, 35.550254532 ], [ 136.345882088, 35.536108667 ], [ 136.362516109000012, 35.558481387 ], [ 136.373289754000012, 35.559616946 ], [ 136.384252776000011, 35.533091333 ], [ 136.400404501, 35.530081838 ], [ 136.405641971, 35.51338764 ], [ 136.386880117, 35.488406387 ], [ 136.40176725, 35.469940613 ], [ 136.420363917, 35.466234775 ], [ 136.426169053, 35.448160973 ], [ 136.411808079999986, 35.418598054 ], [ 136.444351829, 35.389425108 ], [ 136.411911777, 35.369895973 ], [ 136.410975888, 35.352217108 ], [ 136.422325058000013, 35.348389613 ], [ 136.402657224, 35.300451892 ], [ 136.391728586, 35.287111333 ], [ 136.396939974, 35.257909946 ], [ 136.377337756, 35.243413027 ], [ 136.415130506, 35.217743586 ], [ 136.408653333, 35.187182775 ], [ 136.424460829999987, 35.184510279 ], [ 136.452553891, 35.165838613 ], [ 136.435638885, 35.130655279 ], [ 136.441973333, 35.086561108 ], [ 136.441598340000013, 35.066719441 ], [ 136.417853060999988, 35.049502505 ], [ 136.418166667, 35.018122775 ], [ 136.421168884999986, 34.999633333 ] ] ] } },
{ "type": "Feature", "properties": { "N03_001": "熊本県" }, "geometry": { "type": "MultiPolygon", "coordinates": [ [ [ [ 130.541864786, 32.149421739 ], [ 130.539281453, 32.137303712 ], [ 130.476901777, 32.13898764 ], [ 130.475793165, 32.12237709 ], [ 130.453734825, 32.112904604 ], [ 130.402670739, 32.120203486 ], [ 130.386659364, 32.147389595 ], [ 130.360790649, 32.168609748 ], [ 130.37449965, 32.182540784 ], [ 130.379021920000014, 32.205621468 ], [ 130.402658171000013, 32.235411676 ], [ 130.411039792, 32.231124982 ], [ 130.432231025, 32.231089514 ], [ 130.435600687, 32.252885432 ], [ 130.43358494200001, 32.26387809 ], [ 130.46363284, 32.276797568 ], [ 130.465597782, 32.296429288 ], [ 130.477597263, 32.286957748 ], [ 130.481378923, 32.289762775 ], [ 130.466080363, 32.326647703 ], [ 130.480274267, 32.326940631 ], [ 130.482736628, 32.344198622 ], [ 130.507472607000011, 32.354791054 ], [ 130.486136069999986, 32.360022378 ], [ 130.538062360999987, 32.410277333 ], [ 130.569143995, 32.434256901 ], [ 130.564950804, 32.476000811 ], [ 130.542495499000012, 32.484543568 ], [ 130.546829585000012, 32.500196847 ], [ 130.567629727999986, 32.506741297 ], [ 130.536156783, 32.525857243 ], [ 130.551519039999988, 32.541230748 ], [ 130.562398768, 32.537905207 ], [ 130.589850363000011, 32.576235369 ], [ 130.608657004, 32.593091856 ], [ 130.632782438, 32.602116721 ], [ 130.618050622999988, 32.619291054 ], [ 130.630469882999989, 32.622688036 ], [ 130.653716213, 32.612881505 ], [ 130.661436796, 32.631929198 ], [ 130.651747717, 32.642497387 ], [ 130.578887004, 32.621545919 ], [ 130.557042438, 32.624967261 ], [ 130.486011556, 32.612662126 ], [ 130.466974189000013, 32.604642243 ], [ 130.46137022, 32.617295234 ], [ 130.452728016, 32.626697712 ], [ 130.477554643, 32.63928045 ], [ 130.499474072999988, 32.653999595 ], [ 130.537926653999989, 32.665001649 ], [ 130.567923022, 32.699299225 ], [ 130.588451686000013, 32.704356928 ], [ 130.60755776900001, 32.715787009 ], [ 130.606089144, 32.754289018 ], [ 130.599411634, 32.766865396 ], [ 130.612567899, 32.797920351 ], [ 130.581846407, 32.826573126 ], [ 130.571539804999986, 32.848782351 ], [ 130.56492, 32.842024261 ], [ 130.522826939, 32.853350468 ], [ 130.523218158, 32.880897937 ], [ 130.476478534, 32.904986829 ], [ 130.457020065, 32.905434514 ], [ 130.437781167, 32.94190118 ], [ 130.426780817, 32.996043604 ], [ 130.414136692999989, 33.002313766 ], [ 130.436248911, 33.005062342 ], [ 130.506113632, 33.00278236 ], [ 130.515870493, 33.012020757 ], [ 130.494902348000011, 33.048980658 ], [ 130.516873735, 33.065566586 ], [ 130.531438885, 33.063970775 ], [ 130.542453424, 33.081735261 ], [ 130.565721064, 33.08725309 ], [ 130.561795875, 33.104189198 ], [ 130.580198859, 33.116019243 ], [ 130.607010441, 33.110389622 ], [ 130.63993821, 33.113507595 ], [ 130.655683074, 33.108620243 ], [ 130.667536874, 33.156954865 ], [ 130.680021543, 33.171308748 ], [ 130.691041595, 33.154945811 ], [ 130.734529442, 33.153424505 ], [ 130.770889339, 33.124332676 ], [ 130.789176782999988, 33.124031378 ], [ 130.839822827, 33.104054477 ], [ 130.845744747, 33.092179162 ], [ 130.860815616, 33.095467865 ], [ 130.889733398, 33.083586288 ], [ 130.899282789000011, 33.064059216 ], [ 130.915851219, 33.053489378 ], [ 130.946820208, 33.05283736 ], [ 130.970273048, 33.023766036 ], [ 130.998204786, 33.028298405 ], [ 131.012942996, 33.044667775 ], [ 131.01071952, 33.069854883 ], [ 131.018288754999986, 33.094076072 ], [ 130.994048923, 33.119415928 ], [ 130.981933852, 33.15611582 ], [ 130.994243139, 33.183835144 ], [ 131.01656594, 33.177926829 ], [ 131.038846264999989, 33.194133775 ], [ 131.081996433, 33.188794658 ], [ 131.111177471, 33.183302288 ], [ 131.121173554, 33.167747865 ], [ 131.147841349, 33.155029 ], [ 131.166928807, 33.128738324 ], [ 131.173167834, 33.104639757 ], [ 131.17823572, 33.079164667 ], [ 131.193133982, 33.077648514 ], [ 131.196615097, 33.071055739 ], [ 131.215994527, 33.05106273 ], [ 131.228127276, 33.010370892 ], [ 131.247711154, 32.99523845 ], [ 131.247226887000011, 32.982438667 ], [ 131.263213813, 32.977151982 ], [ 131.246271193000013, 32.960761955 ], [ 131.253795914, 32.908651874 ], [ 131.263838197000013, 32.879396189 ], [ 131.29450559, 32.856996387 ], [ 131.310156485, 32.852833901 ], [ 131.329504877, 32.833013865 ], [ 131.286083035, 32.831401613 ], [ 131.257818832999988, 32.818104369 ], [ 131.245369896, 32.786551351 ], [ 131.246464487999987, 32.769396117 ], [ 131.234223722, 32.753436964 ], [ 131.23500549900001, 32.744331586 ], [ 131.189952334999987, 32.721992991 ], [ 131.172470467000011, 32.684747964 ], [ 131.174783048, 32.671835523 ], [ 131.151389403, 32.680057234 ], [ 131.116222685, 32.642659081 ], [ 131.119509715, 32.598850126 ], [ 131.104991102000014, 32.579605901 ], [ 131.052191907, 32.587720144 ], [ 131.041628599, 32.579893703 ], [ 131.038961750999988, 32.554426108 ], [ 131.019473502000011, 32.549223658 ], [ 131.024666563000011, 32.520246676 ], [ 131.009406899999988, 32.515405586 ], [ 131.006959274, 32.490057991 ], [ 131.014336238999988, 32.462747739 ], [ 131.01989214, 32.438673117 ], [ 131.043788041999989, 32.408131108 ], [ 131.068120661, 32.407483153 ], [ 131.069307951000013, 32.384317964 ], [ 131.079857458, 32.374287486 ], [ 131.078031802999988, 32.355111514 ], [ 131.095532387, 32.350808297 ], [ 131.111853722, 32.330078198 ], [ 131.101179767, 32.311723793 ], [ 131.090495772, 32.293984973 ], [ 131.070514319000011, 32.280417468 ], [ 131.051115409, 32.286355712 ], [ 131.054214241000011, 32.267002468 ], [ 131.047115227, 32.244300108 ], [ 131.071569909, 32.236855216 ], [ 131.069144319, 32.225307784 ], [ 131.08426703, 32.206187063 ], [ 131.100531491999988, 32.201542901 ], [ 131.10143808, 32.173093811 ], [ 131.108965305, 32.160148811 ], [ 131.094088340000013, 32.15338827 ], [ 131.071798859000012, 32.160282739 ], [ 131.058833306999986, 32.154889108 ], [ 131.038085279, 32.169886279 ], [ 131.013181479, 32.174378045 ], [ 130.99238680900001, 32.157922928 ], [ 130.974658794, 32.136765315 ], [ 130.974518223, 32.120920586 ], [ 130.953496874, 32.115395225 ], [ 130.932576641, 32.116358505 ], [ 130.913428923, 32.130448694 ], [ 130.878381427, 32.121266802 ], [ 130.857067808000011, 32.099700171 ], [ 130.839014215, 32.107205703 ], [ 130.820796718999986, 32.094924081 ], [ 130.807912283, 32.099342414 ], [ 130.733497834, 32.108366973 ], [ 130.720601712, 32.100799216 ], [ 130.699072815, 32.10699918 ], [ 130.655009481, 32.135681081 ], [ 130.65164393, 32.151265468 ], [ 130.622696122, 32.156058315 ], [ 130.61046668, 32.186662694 ], [ 130.591720856, 32.185957712 ], [ 130.596735292, 32.175921081 ], [ 130.582677808, 32.154913649 ], [ 130.541864786, 32.149421739 ] ] ], [ [ [ 130.020902503, 32.158168613 ], [ 130.015268612, 32.171671667 ], [ 130.031815693999988, 32.190919973 ], [ 130.020902503, 32.158168613 ] ] ], [ [ [ 130.363948612, 32.335127225 ], [ 130.344894721, 32.312334162 ], [ 130.333697471, 32.316627721 ], [ 130.344623606, 32.348825559 ], [ 130.374080271999986, 32.342991946 ], [ 130.363948612, 32.335127225 ] ] ], [ [ [ 130.30267, 32.350735829 ], [ 130.303832568, 32.363278405 ], [ 130.328374188999987, 32.362518144 ], [ 130.338793333000012, 32.348943892 ], [ 130.30267, 32.350735829 ] ] ], [ [ [ 130.195039183, 32.532174027 ], [ 130.193561388, 32.497138054 ], [ 130.208557769, 32.47232073 ], [ 130.196959663, 32.458503027 ], [ 130.209345824, 32.430516351 ], [ 130.202361946, 32.411008892 ], [ 130.225541971000013, 32.368835477 ], [ 130.21181789900001, 32.355406622 ], [ 130.209221492000012, 32.337220505 ], [ 130.172693606, 32.310482775 ], [ 130.169793891000012, 32.329165559 ], [ 130.160844449, 32.33616373 ], [ 130.142967613, 32.317288117 ], [ 130.140102438000014, 32.297792775 ], [ 130.163451946, 32.301551946 ], [ 130.145015279, 32.281453054 ], [ 130.137783332999987, 32.290281667 ], [ 130.110287938, 32.267048171 ], [ 130.102157782, 32.235488892 ], [ 130.089855836999988, 32.226788892 ], [ 130.087924214999987, 32.242500252 ], [ 130.080470571, 32.243076063 ], [ 130.073404993999986, 32.211296108 ], [ 130.058186109, 32.211239162 ], [ 130.047631024999987, 32.20442736 ], [ 130.033457211000012, 32.215469856 ], [ 130.029479040000012, 32.209281991 ], [ 130.03211854700001, 32.195621892 ], [ 130.013005525000011, 32.189537982 ], [ 130.011441219, 32.201923144 ], [ 129.990636109, 32.197233054 ], [ 130.014703333, 32.222417775 ], [ 130.010957224, 32.239218054 ], [ 129.988334449, 32.240147775 ], [ 129.998621388, 32.249433054 ], [ 129.96937083, 32.243039441 ], [ 129.993790558, 32.282881387 ], [ 130.025137224, 32.301340279 ], [ 130.026194812, 32.286908387 ], [ 130.03280297, 32.279407 ], [ 130.042148054, 32.30319 ], [ 130.051731115, 32.278761333 ], [ 130.061296109000011, 32.278655279 ], [ 130.071691115, 32.300332775 ], [ 130.038193606, 32.312943054 ], [ 129.994724448999989, 32.317430279 ], [ 129.97675888500001, 32.361143892 ], [ 129.993897497, 32.376755279 ], [ 130.007578327, 32.426452495 ], [ 130.018065551, 32.439221108 ], [ 130.037949637, 32.46648718 ], [ 130.047364721, 32.491037495 ], [ 130.040031556, 32.509546027 ], [ 130.035397523, 32.517416441 ], [ 130.01248856, 32.529381865 ], [ 130.030546445999988, 32.538122225 ], [ 130.044262776000011, 32.512539721 ], [ 130.066024786000014, 32.515885261 ], [ 130.117953074000013, 32.54359491 ], [ 130.147325966000011, 32.549585991 ], [ 130.189014734000011, 32.548771459 ], [ 130.195039183, 32.532174027 ] ] ], [ [ [ 130.414867601, 32.399307568 ], [ 130.42803201000001, 32.375581081 ], [ 130.40981869, 32.383309117 ], [ 130.414867601, 32.399307568 ] ] ], [ [ [ 130.308948807, 32.395692766 ], [ 130.274555525000011, 32.412347892 ], [ 130.26194166, 32.410531667 ], [ 130.252440557999989, 32.387510559 ], [ 130.243882762999988, 32.412410775 ], [ 130.210417289, 32.431315946 ], [ 130.204596887, 32.451435243 ], [ 130.281783891, 32.484075829 ], [ 130.315725357, 32.517587865 ], [ 130.360417224, 32.528155 ], [ 130.39077655, 32.501595369 ], [ 130.398513398, 32.502928099 ], [ 130.417640428, 32.524618595 ], [ 130.424522179, 32.518410234 ], [ 130.461338405, 32.527923694 ], [ 130.437610025999987, 32.486255775 ], [ 130.428926432999987, 32.455290685 ], [ 130.420724994000011, 32.451710036 ], [ 130.407750246, 32.435227568 ], [ 130.400199533, 32.397931054 ], [ 130.388766511, 32.392644324 ], [ 130.379924254, 32.382376153 ], [ 130.363943735, 32.388106054 ], [ 130.356302659, 32.376936775 ], [ 130.347431764, 32.398171423 ], [ 130.35169786, 32.400932982 ], [ 130.351035811, 32.40254245 ], [ 130.353977886, 32.405131081 ], [ 130.34816917, 32.420066793 ], [ 130.341798768, 32.406318243 ], [ 130.308948807, 32.395692766 ] ] ], [ [ [ 130.466078327, 32.555667189 ], [ 130.462993047999987, 32.579533423 ], [ 130.473724163000014, 32.586780414 ], [ 130.487433113, 32.570198009 ], [ 130.466078327, 32.555667189 ] ] ], [ [ [ 130.416964955, 32.581039486 ], [ 130.393695227, 32.588842541 ], [ 130.404806965, 32.597469396 ], [ 130.413971971, 32.610280045 ], [ 130.425086576000012, 32.603764829 ], [ 130.444924306, 32.618111054 ], [ 130.457897159999987, 32.614535703 ], [ 130.441489702000013, 32.60273764 ], [ 130.444802243999987, 32.592005748 ], [ 130.45268320400001, 32.587392856 ], [ 130.455757957, 32.589168716 ], [ 130.443576912999987, 32.572152405 ], [ 130.44591952, 32.548108162 ], [ 130.418711336, 32.546839568 ], [ 130.408151167, 32.56609473 ], [ 130.419358975, 32.574819712 ], [ 130.416964955, 32.581039486 ] ] ], [ [ [ 130.494481751, 32.587363252 ], [ 130.473528612, 32.603901874 ], [ 130.509140908, 32.607171 ], [ 130.508911270999988, 32.591590162 ], [ 130.494481751, 32.587363252 ] ] ] ] } },
{ "type": "Feature", "properties": { "N03_001": "石川県" }, "geometry": { "type": "MultiPolygon", "coordinates": [ [ [ [ 136.409306160999989, 36.172226802 ], [ 136.357969663, 36.165140532 ], [ 136.344118249, 36.172979748 ], [ 136.329400532, 36.202018694 ], [ 136.332403359000011, 36.229586225 ], [ 136.283133502, 36.265613387 ], [ 136.265971283999988, 36.265838667 ], [ 136.258594423, 36.289320865 ], [ 136.243860285000011, 36.295299342 ], [ 136.267999663000012, 36.312145027 ], [ 136.299607445, 36.351528252 ], [ 136.31847572, 36.353454919 ], [ 136.37233083000001, 36.38341382 ], [ 136.426222905, 36.43031109 ], [ 136.465102036, 36.471799883 ], [ 136.51486280200001, 36.522616279 ], [ 136.557064423000014, 36.56774509 ], [ 136.585059831, 36.598251171 ], [ 136.586472166, 36.609292333 ], [ 136.608507951, 36.624927532 ], [ 136.618241219, 36.639046685 ], [ 136.637522607, 36.658114054 ], [ 136.669418573, 36.701029054 ], [ 136.72428406, 36.789859333 ], [ 136.743594384, 36.827079468 ], [ 136.757932412, 36.866107288 ], [ 136.767461309999987, 36.902582027 ], [ 136.763860259000012, 36.920924658 ], [ 136.749964358, 36.927219658 ], [ 136.768448275, 36.963676333 ], [ 136.765076031, 37.003423306 ], [ 136.741948301, 37.016609225 ], [ 136.745820751999986, 37.027572748 ], [ 136.746418975000012, 37.030446135 ], [ 136.733791751000012, 37.049521532 ], [ 136.723348910999988, 37.053764306 ], [ 136.727947328, 37.082758135 ], [ 136.729190337, 37.126542441 ], [ 136.718687859999989, 37.144415306 ], [ 136.700140415, 37.149326505 ], [ 136.67304647200001, 37.140673135 ], [ 136.685403307, 37.211051 ], [ 136.693999144, 37.215094225 ], [ 136.69593136200001, 37.217743559 ], [ 136.696223139000011, 37.219640847 ], [ 136.704687082, 37.232521802 ], [ 136.702175966, 37.243511802 ], [ 136.720875188, 37.255896 ], [ 136.735014111999988, 37.288358505 ], [ 136.72228786, 37.32432 ], [ 136.753392555, 37.346000973 ], [ 136.766205331, 37.365193171 ], [ 136.802938366, 37.376945667 ], [ 136.828887108, 37.389062279 ], [ 136.845251751, 37.399655559 ], [ 136.881203606000014, 37.403951973 ], [ 136.904670388999989, 37.397038225 ], [ 136.924269364, 37.394990865 ], [ 136.97472786, 37.413256973 ], [ 137.018217588, 37.433045973 ], [ 137.029344812, 37.432743802 ], [ 137.070645616, 37.454304613 ], [ 137.085901946, 37.465960468 ], [ 137.131432724, 37.493563838 ], [ 137.180286978, 37.499567721 ], [ 137.210278612, 37.506147414 ], [ 137.265749078999988, 37.528238027 ], [ 137.310300558, 37.526452973 ], [ 137.351079610999989, 37.501982108 ], [ 137.340027263, 37.487036441 ], [ 137.360407769, 37.450630811 ], [ 137.348985927, 37.443333649 ], [ 137.311485396, 37.437720568 ], [ 137.299307535999986, 37.442851784 ], [ 137.287256187, 37.442347099 ], [ 137.256807873000014, 37.431360216 ], [ 137.237660584, 37.390091892 ], [ 137.239027665, 37.373229405 ], [ 137.242890077999988, 37.362816027 ], [ 137.248857781999988, 37.354065027 ], [ 137.266624864, 37.353401586 ], [ 137.252473969, 37.340352892 ], [ 137.264930895, 37.341049279 ], [ 137.251150389, 37.31758436 ], [ 137.232257886000014, 37.309566135 ], [ 137.234420389, 37.297813919 ], [ 137.165748106, 37.304455306 ], [ 137.144472802, 37.298947252 ], [ 137.116446693, 37.288525586 ], [ 137.098921362, 37.278978667 ], [ 137.083280467, 37.248148108 ], [ 137.066643191, 37.223487027 ], [ 137.069430415, 37.218112865 ], [ 137.031731219, 37.202909802 ], [ 137.026258145000014, 37.188017333 ], [ 137.005908145, 37.183665667 ], [ 136.990534773, 37.199854559 ], [ 136.957148366000013, 37.208741532 ], [ 136.960426160999987, 37.236547333 ], [ 136.941425577, 37.229035414 ], [ 136.923710532, 37.233403198 ], [ 136.908105331, 37.220494306 ], [ 136.923398716, 37.214228225 ], [ 136.889108171, 37.168930288 ], [ 136.874980519, 37.140545919 ], [ 136.900499494, 37.136994865 ], [ 136.892881556, 37.110751306 ], [ 136.868619663, 37.112645441 ], [ 136.871387367000011, 37.086205468 ], [ 136.85990153, 37.075653225 ], [ 136.882659689, 37.068282694 ], [ 136.8959438, 37.071579126 ], [ 136.91131, 37.090663748 ], [ 136.936251077, 37.071880667 ], [ 136.9625038, 37.067268694 ], [ 136.95566939, 37.057216054 ], [ 136.97267192000001, 37.046936559 ], [ 137.007440636000013, 37.062866946 ], [ 137.000683554, 37.064744387 ], [ 137.020243126, 37.096658982 ], [ 137.049485707, 37.101153838 ], [ 137.045587133999987, 37.037700306 ], [ 137.046271868, 37.010975892 ], [ 137.05169844400001, 36.959173441 ], [ 137.037670803999987, 36.967119198 ], [ 137.004267134, 36.961444946 ], [ 136.985882114, 36.965159027 ], [ 136.973241608, 36.94427264 ], [ 136.953991362000011, 36.955959279 ], [ 136.931035279000014, 36.950628667 ], [ 136.915612243999988, 36.930807775 ], [ 136.885668197, 36.913786054 ], [ 136.878976304, 36.906271027 ], [ 136.883031673, 36.876824279 ], [ 136.873396719, 36.867650613 ], [ 136.856441698999987, 36.839791468 ], [ 136.848014864, 36.809946946 ], [ 136.850833411, 36.786927279 ], [ 136.845121167, 36.755678135 ], [ 136.833458106, 36.74308036 ], [ 136.819861440000011, 36.730649802 ], [ 136.799541479, 36.730046171 ], [ 136.789215356999989, 36.719026441 ], [ 136.815581608, 36.700507027 ], [ 136.81862917, 36.667602171 ], [ 136.786133865000011, 36.629610387 ], [ 136.789500895, 36.605415775 ], [ 136.80244406, 36.568771721 ], [ 136.817114578, 36.55279036 ], [ 136.7951062, 36.510807802 ], [ 136.80263444900001, 36.484731721 ], [ 136.796493476, 36.445383081 ], [ 136.769459805, 36.430711667 ], [ 136.769799196, 36.414997468 ], [ 136.79514299600001, 36.401263892 ], [ 136.805971699, 36.355399946 ], [ 136.784469144000013, 36.34227936 ], [ 136.792287082, 36.299211027 ], [ 136.81457869, 36.266402 ], [ 136.83367199700001, 36.265827586 ], [ 136.850401673, 36.251920694 ], [ 136.822632776, 36.202852108 ], [ 136.810679196, 36.196189613 ], [ 136.798407276, 36.172564108 ], [ 136.768418755, 36.164179973 ], [ 136.778505227000011, 36.129305252 ], [ 136.764956783, 36.105608279 ], [ 136.754284449000011, 36.086290225 ], [ 136.658675837, 36.069507387 ], [ 136.642073359, 36.098072054 ], [ 136.614730856, 36.108307838 ], [ 136.603408664, 36.127944694 ], [ 136.551831310000011, 36.154908081 ], [ 136.532761582, 36.147489694 ], [ 136.497067977, 36.149668225 ], [ 136.491694642999988, 36.15828964 ], [ 136.456511725000013, 36.136293081 ], [ 136.440389468, 36.137358946 ], [ 136.414285305, 36.156623721 ], [ 136.409306160999989, 36.172226802 ] ], [ [ 136.415483865, 36.334189892 ], [ 136.416258586, 36.335721802 ], [ 136.414355525, 36.334010721 ], [ 136.415483865, 36.334189892 ] ], [ [ 136.811802555000014, 36.955045721 ], [ 136.817549222, 36.955171838 ], [ 136.816117561999988, 36.955898775 ], [ 136.811802555000014, 36.955045721 ] ], [ [ 136.808519780000012, 36.948390171 ], [ 136.807423385, 36.950519613 ], [ 136.806713943, 36.950257946 ], [ 136.808519780000012, 36.948390171 ] ], [ [ 136.814791996999986, 36.952809333 ], [ 136.814285888, 36.953672108 ], [ 136.812998106, 36.953604333 ], [ 136.814791996999986, 36.952809333 ] ], [ [ 136.800558638000012, 36.955767973 ], [ 136.802698911, 36.954801 ], [ 136.801951699, 36.955720441 ], [ 136.800558638000012, 36.955767973 ] ] ], [ [ [ 136.97845847, 37.104332 ], [ 136.946492944, 37.09892564 ], [ 136.938941725, 37.115883802 ], [ 136.906218664, 37.133555054 ], [ 136.911376329, 37.154964892 ], [ 136.926681634, 37.144196279 ], [ 136.923416718999988, 37.130295117 ], [ 136.939645031999987, 37.140780468 ], [ 136.961536861000013, 37.142527559 ], [ 136.973419274, 37.152854586 ], [ 136.988889637, 37.142400838 ], [ 137.00079489, 37.134852225 ], [ 137.024255136, 37.145034468 ], [ 137.035740323999988, 37.167818622 ], [ 137.048692996, 37.121262613 ], [ 137.004468885, 37.112038468 ], [ 136.999051388, 37.117991748 ], [ 136.987683165, 37.113194532 ], [ 136.97845847, 37.104332 ] ] ] ] } },
{ "type": "Feature", "properties": { "N03_001": "神奈川県" }, "geometry": { "type": "MultiPolygon", "coordinates": [ [ [ [ 139.02653530500001, 35.175426441 ], [ 139.013829442, 35.182367838 ], [ 139.001594137000012, 35.189805333 ], [ 138.987744643000013, 35.200824252 ], [ 138.976074112, 35.235552838 ], [ 138.975471115, 35.263752802 ], [ 138.993186031, 35.284884721 ], [ 139.004612243999986, 35.289898027 ], [ 139.018528495, 35.329845721 ], [ 139.010820973, 35.338162946 ], [ 139.001797055999987, 35.398935198 ], [ 138.993595357, 35.403469667 ], [ 138.916402917999989, 35.400613613 ], [ 138.937315227, 35.448806946 ], [ 138.988821582000014, 35.473640586 ], [ 139.027549442, 35.480967802 ], [ 139.046019222000012, 35.509663054 ], [ 139.066038223, 35.509408225 ], [ 139.085789974, 35.512086306 ], [ 139.113921855, 35.538487441 ], [ 139.111960778, 35.549793559 ], [ 139.128410921000011, 35.562647721 ], [ 139.134381725, 35.616655748 ], [ 139.123465058, 35.624059613 ], [ 139.126241244999989, 35.643377387 ], [ 139.117263774, 35.654896532 ], [ 139.13134138800001, 35.671994586 ], [ 139.161603671, 35.667906586 ], [ 139.179162802, 35.645567748 ], [ 139.198030077999988, 35.652948586 ], [ 139.215734838, 35.645559721 ], [ 139.220232283, 35.625571694 ], [ 139.238637562, 35.606976748 ], [ 139.268799494, 35.609354532 ], [ 139.282873709, 35.613266441 ], [ 139.361359754, 35.599050495 ], [ 139.391084527, 35.585259505 ], [ 139.418193671000012, 35.561765802 ], [ 139.458249857, 35.528049946 ], [ 139.455766251999989, 35.520467694 ], [ 139.467722529000014, 35.502373306 ], [ 139.484864228, 35.504047505 ], [ 139.476986783, 35.511214135 ], [ 139.486816355, 35.535525505 ], [ 139.469926252, 35.569893252 ], [ 139.482867951, 35.571383838 ], [ 139.489247639000013, 35.561807171 ], [ 139.507013307, 35.575821892 ], [ 139.449280584, 35.611776054 ], [ 139.464158196999989, 35.624514414 ], [ 139.489585642, 35.604312171 ], [ 139.494881310000011, 35.617390748 ], [ 139.514580271999989, 35.624727387 ], [ 139.51659808, 35.629594613 ], [ 139.525388755, 35.642647613 ], [ 139.561970636000012, 35.632590694 ], [ 139.590235551, 35.618430775 ], [ 139.596623061, 35.618498838 ], [ 139.643243917, 35.59815636 ], [ 139.655138638000011, 35.59014636 ], [ 139.66930922200001, 35.584718838 ], [ 139.681142503, 35.561437468 ], [ 139.703075811, 35.553322135 ], [ 139.703471803000014, 35.536591306 ], [ 139.756486913, 35.544553135 ], [ 139.776496380999987, 35.53447 ], [ 139.796098249000011, 35.518611279 ], [ 139.790745668, 35.507878108 ], [ 139.771016861, 35.513227919 ], [ 139.760958197, 35.530274027 ], [ 139.73031083, 35.515295973 ], [ 139.731368106, 35.499063613 ], [ 139.711456653999988, 35.490800856 ], [ 139.668306252, 35.467889225 ], [ 139.673959688999986, 35.484499775 ], [ 139.667248962, 35.483517495 ], [ 139.64465655, 35.475978613 ], [ 139.633474514, 35.464972333 ], [ 139.635511686, 35.455432577 ], [ 139.664117444999988, 35.442796108 ], [ 139.670357588, 35.451302279 ], [ 139.690613891, 35.439223973 ], [ 139.679259753999986, 35.427582694 ], [ 139.669554553000012, 35.402876946 ], [ 139.652556939, 35.413030883 ], [ 139.642387237, 35.411616432 ], [ 139.626023307, 35.401636802 ], [ 139.629300908, 35.383981613 ], [ 139.650475058000012, 35.373235613 ], [ 139.656762776, 35.341737532 ], [ 139.638932970000013, 35.340724207 ], [ 139.621968742, 35.331495919 ], [ 139.631602724, 35.325204847 ], [ 139.634409326, 35.321936081 ], [ 139.635170738999989, 35.322584 ], [ 139.635801427, 35.323438847 ], [ 139.636837977, 35.324625396 ], [ 139.636893332999989, 35.324701189 ], [ 139.637252685, 35.325122378 ], [ 139.637443995000012, 35.325309577 ], [ 139.637735214, 35.325644667 ], [ 139.66066856, 35.328174414 ], [ 139.638956005000011, 35.300677306 ], [ 139.660803773999987, 35.28288236 ], [ 139.671783358999988, 35.288322505 ], [ 139.690987600999989, 35.266569351 ], [ 139.733160389, 35.261555505 ], [ 139.746060777999986, 35.254010667 ], [ 139.720159805, 35.240312892 ], [ 139.71477153, 35.226609667 ], [ 139.724977419, 35.211911973 ], [ 139.692704060000011, 35.209412802 ], [ 139.66478269800001, 35.193060189 ], [ 139.654986912999988, 35.180790946 ], [ 139.655218612, 35.175020973 ], [ 139.663365422, 35.159403865 ], [ 139.679375252999989, 35.156924387 ], [ 139.677020078, 35.139374468 ], [ 139.666343332999986, 35.146588333 ], [ 139.630134721, 35.139892802 ], [ 139.607046939000014, 35.154353027 ], [ 139.624173191000011, 35.164182613 ], [ 139.616800337, 35.188988721 ], [ 139.615716654000011, 35.189934144 ], [ 139.606215058, 35.199279973 ], [ 139.624020245999986, 35.208207838 ], [ 139.619847134, 35.220252333 ], [ 139.591883306999989, 35.24735764 ], [ 139.585914616999986, 35.251493613 ], [ 139.580532387, 35.253763784 ], [ 139.578053489000013, 35.253370541 ], [ 139.577599338999988, 35.253304477 ], [ 139.576590778, 35.253081784 ], [ 139.579842891999988, 35.255841748 ], [ 139.569686122, 35.285022063 ], [ 139.571046524, 35.293220892 ], [ 139.551905473, 35.299405775 ], [ 139.552107665, 35.302883081 ], [ 139.525795421999987, 35.301632306 ], [ 139.488670090999989, 35.307588333 ], [ 139.438044838, 35.31914555 ], [ 139.374360739, 35.315332604 ], [ 139.330042944000013, 35.312118874 ], [ 139.269274773, 35.297288009 ], [ 139.234080804, 35.286442919 ], [ 139.207874929000013, 35.277285225 ], [ 139.144208494999987, 35.23391691 ], [ 139.141750597, 35.224752243 ], [ 139.137739001, 35.192600694 ], [ 139.137197625999988, 35.178816018 ], [ 139.141653385000012, 35.152195225 ], [ 139.137357638999987, 35.148573387 ], [ 139.111596666999986, 35.141366937 ], [ 139.090098974999989, 35.140185279 ], [ 139.030427951, 35.149752802 ], [ 139.02653530500001, 35.175426441 ] ], [ [ 139.128463281, 35.316057198 ], [ 139.129710506, 35.316118586 ], [ 139.128598833000012, 35.317688027 ], [ 139.128463281, 35.316057198 ] ], [ [ 139.518089196, 35.629230171 ], [ 139.518175031999988, 35.629746802 ], [ 139.517403087, 35.629884027 ], [ 139.518089196, 35.629230171 ] ] ], [ [ [ 139.695190999, 35.407585306 ], [ 139.682371894, 35.393159054 ], [ 139.671155383000013, 35.40291336 ], [ 139.695190999, 35.407585306 ] ] ], [ [ [ 139.695499117999987, 35.449819099 ], [ 139.673109274000012, 35.460617 ], [ 139.692396978, 35.472012054 ], [ 139.695499117999987, 35.449819099 ] ] ], [ [ [ 139.712707392999988, 35.464253865 ], [ 139.71458843100001, 35.486045414 ], [ 139.734489468, 35.494761595 ], [ 139.74184358, 35.477025135 ], [ 139.72532834, 35.469796432 ], [ 139.712707392999988, 35.464253865 ] ] ], [ [ [ 139.736283281, 35.494453667 ], [ 139.761188586, 35.505732252 ], [ 139.778676394, 35.499552919 ], [ 139.745610584, 35.485013252 ], [ 139.736283281, 35.494453667 ] ] ], [ [ [ 139.76603275, 35.513563586 ], [ 139.751772412, 35.509467865 ], [ 139.758900804, 35.526395613 ], [ 139.76603275, 35.513563586 ] ] ] ] } },
{ "type": "Feature", "properties": { "N03_001": "福井県" }, "geometry": { "type": "Polygon", "coordinates": [ [ [ 135.641737197999987, 35.366953027 ], [ 135.534502049, 35.377439135 ], [ 135.527022633, 35.418415225 ], [ 135.510144838, 35.424421919 ], [ 135.48608869, 35.448599135 ], [ 135.470321751, 35.454487198 ], [ 135.458429222, 35.468856919 ], [ 135.476303165, 35.489681081 ], [ 135.476224553, 35.505492748 ], [ 135.4499262, 35.520796081 ], [ 135.460484578, 35.548456892 ], [ 135.486599637000012, 35.557936333 ], [ 135.468237859999988, 35.531444171 ], [ 135.48087717300001, 35.521941414 ], [ 135.481404163, 35.521868468 ], [ 135.486701245, 35.522323838 ], [ 135.502633256, 35.524731892 ], [ 135.515504942, 35.549140468 ], [ 135.50757083, 35.50783264 ], [ 135.508675356999987, 35.503074225 ], [ 135.514070169, 35.496242838 ], [ 135.536140077999988, 35.488866387 ], [ 135.572917612999987, 35.49238336 ], [ 135.591910026, 35.502407667 ], [ 135.602404942, 35.513670252 ], [ 135.602529468, 35.513892108 ], [ 135.617909196, 35.51881264 ], [ 135.634622503, 35.53671336 ], [ 135.651900661000013, 35.542672721 ], [ 135.632832503, 35.518093081 ], [ 135.636419585, 35.503945252 ], [ 135.623808949, 35.491021198 ], [ 135.60629297, 35.490261793 ], [ 135.605226628, 35.483690126 ], [ 135.645166964999987, 35.47860391 ], [ 135.654327613, 35.480423027 ], [ 135.665410220000012, 35.490137225 ], [ 135.714207445, 35.483223054 ], [ 135.718806887, 35.484214838 ], [ 135.743812776, 35.506328081 ], [ 135.750949831000014, 35.530039279 ], [ 135.737138975, 35.535280586 ], [ 135.718069001, 35.519703532 ], [ 135.716782114000011, 35.540743775 ], [ 135.68915153, 35.544877387 ], [ 135.719139105000011, 35.570303775 ], [ 135.744125772, 35.564650441 ], [ 135.757061025000013, 35.543266306 ], [ 135.758494643, 35.54262936 ], [ 135.774796912999989, 35.549601027 ], [ 135.788456887, 35.531420468 ], [ 135.800264422999987, 35.525546306 ], [ 135.833734643000014, 35.53590336 ], [ 135.807655888, 35.569791 ], [ 135.815184332, 35.571648937 ], [ 135.83468061, 35.561781559 ], [ 135.840898392000014, 35.564662919 ], [ 135.848198003, 35.570870694 ], [ 135.854095279, 35.578422027 ], [ 135.856815499, 35.584137838 ], [ 135.855622606999987, 35.600353559 ], [ 135.835887717, 35.623765946 ], [ 135.814642892, 35.64224964 ], [ 135.843252477, 35.627704586 ], [ 135.858889663000014, 35.611596252 ], [ 135.860434112, 35.610469306 ], [ 135.870151336, 35.608303748 ], [ 135.938781115000012, 35.614613595 ], [ 135.954577056, 35.629088892 ], [ 135.962346782999987, 35.622452838 ], [ 135.968903307, 35.622478505 ], [ 135.97349022, 35.624555892 ], [ 135.978288612, 35.627580973 ], [ 135.986241829, 35.641697027 ], [ 135.9802138, 35.648740973 ], [ 135.96652360600001, 35.659266505 ], [ 135.977565162, 35.686693667 ], [ 135.975432088, 35.69827236 ], [ 135.956123839000014, 35.723801414 ], [ 135.964586355, 35.730111946 ], [ 135.977242477, 35.732284586 ], [ 135.981100272, 35.733104721 ], [ 136.019985473, 35.763662505 ], [ 136.036134086, 35.740751135 ], [ 136.038948624999989, 35.694345162 ], [ 136.031517108, 35.691637306 ], [ 136.025444811999989, 35.683445667 ], [ 136.043230558, 35.659965775 ], [ 136.056011673, 35.65667 ], [ 136.071848663999987, 35.660677252 ], [ 136.084155772, 35.682503441 ], [ 136.081609364, 35.699460135 ], [ 136.092422113999987, 35.711039027 ], [ 136.098566861, 35.726314 ], [ 136.100387445, 35.759805081 ], [ 136.09831022, 35.765238414 ], [ 136.099802438000012, 35.779161198 ], [ 136.070309947999988, 35.824832 ], [ 136.025421529999988, 35.861613892 ], [ 136.011229689, 35.872357775 ], [ 135.996736459, 35.887056108 ], [ 135.998168314, 35.927485784 ], [ 135.996724500999989, 35.935825775 ], [ 135.958458470000011, 35.981317721 ], [ 135.965295162, 35.991961613 ], [ 135.964372918, 35.997514207 ], [ 135.967538249, 35.998776505 ], [ 135.985590337, 36.008916586 ], [ 135.997557782, 36.019176946 ], [ 136.011594734, 36.034877423 ], [ 136.026138780999986, 36.072797748 ], [ 136.048586472000011, 36.109766892 ], [ 136.054147134, 36.120839252 ], [ 136.085059441999988, 36.145189973 ], [ 136.100029001, 36.172893414 ], [ 136.114423695999989, 36.192686802 ], [ 136.133987471000012, 36.203830333 ], [ 136.131468833000014, 36.240467694 ], [ 136.123397497000013, 36.250029694 ], [ 136.162033995, 36.249781505 ], [ 136.183185110000011, 36.257619775 ], [ 136.242015110000011, 36.292310468 ], [ 136.243860285000011, 36.295299342 ], [ 136.258594423, 36.289320865 ], [ 136.265971283999988, 36.265838667 ], [ 136.283133502, 36.265613387 ], [ 136.332403359000011, 36.229586225 ], [ 136.329400532, 36.202018694 ], [ 136.344118249, 36.172979748 ], [ 136.357969663, 36.165140532 ], [ 136.409306160999989, 36.172226802 ], [ 136.414285305, 36.156623721 ], [ 136.440389468, 36.137358946 ], [ 136.456511725000013, 36.136293081 ], [ 136.491694642999988, 36.15828964 ], [ 136.497067977, 36.149668225 ], [ 136.532761582, 36.147489694 ], [ 136.551831310000011, 36.154908081 ], [ 136.603408664, 36.127944694 ], [ 136.614730856, 36.108307838 ], [ 136.642073359, 36.098072054 ], [ 136.658675837, 36.069507387 ], [ 136.754284449000011, 36.086290225 ], [ 136.764256835, 36.067682414 ], [ 136.735395356999987, 36.047892468 ], [ 136.726745058, 35.995937775 ], [ 136.750813061, 35.990412414 ], [ 136.752865357, 35.956459919 ], [ 136.78906, 35.948658441 ], [ 136.783863217, 35.927775721 ], [ 136.81148841800001, 35.91264464 ], [ 136.823768586, 35.892766387 ], [ 136.818998249, 35.881655586 ], [ 136.832362866000011, 35.857443441 ], [ 136.825116135, 35.845406505 ], [ 136.802290895, 35.844026441 ], [ 136.789253191, 35.799395081 ], [ 136.754466031, 35.809242441 ], [ 136.74109655, 35.801068775 ], [ 136.724517690999988, 35.808147586 ], [ 136.710047912, 35.792043252 ], [ 136.6769593, 35.793253054 ], [ 136.666135422, 35.785136441 ], [ 136.654326252, 35.785882586 ], [ 136.645195188, 35.806831748 ], [ 136.6222707, 35.786910973 ], [ 136.599149637000011, 35.798529919 ], [ 136.572323774000012, 35.778044108 ], [ 136.545281025, 35.778711081 ], [ 136.523030532, 35.788173586 ], [ 136.51370883300001, 35.762248333 ], [ 136.50336214, 35.750873333 ], [ 136.484579169999989, 35.775142505 ], [ 136.445804747000011, 35.772908306 ], [ 136.415965887999988, 35.782445802 ], [ 136.376658418, 35.795178027 ], [ 136.357088690000012, 35.786831613 ], [ 136.327947834000014, 35.775101865 ], [ 136.318401997, 35.750975414 ], [ 136.323953139, 35.716747 ], [ 136.291918106, 35.684070775 ], [ 136.298932309, 35.678810225 ], [ 136.280742114, 35.658630865 ], [ 136.234407004, 35.682462135 ], [ 136.21260834, 35.681701108 ], [ 136.191252529, 35.702404775 ], [ 136.15034834, 35.697715414 ], [ 136.134493774, 35.669822973 ], [ 136.14781511000001, 35.662519919 ], [ 136.158582114000012, 35.629743 ], [ 136.177485525, 35.594983865 ], [ 136.163239559, 35.571144225 ], [ 136.143330142999986, 35.571148694 ], [ 136.113592996, 35.582775108 ], [ 136.105449585, 35.555419279 ], [ 136.105623113, 35.528818414 ], [ 136.08322847, 35.540558414 ], [ 136.069233476, 35.526247279 ], [ 136.048346615000014, 35.534531721 ], [ 136.026532476999989, 35.529496694 ], [ 136.006664916, 35.491819441 ], [ 135.980951051, 35.486689171 ], [ 135.97264642, 35.500105532 ], [ 135.952370078, 35.50622136 ], [ 135.947022361, 35.520475532 ], [ 135.939647082, 35.520542748 ], [ 135.922294279999988, 35.485818306 ], [ 135.914162244000011, 35.432106108 ], [ 135.892981505, 35.419847505 ], [ 135.890570078, 35.403175 ], [ 135.86453192, 35.394422802 ], [ 135.853133385, 35.411536973 ], [ 135.813796355, 35.413312252 ], [ 135.807529196, 35.385361721 ], [ 135.790893579999988, 35.386638919 ], [ 135.768785305, 35.356014468 ], [ 135.718801555999988, 35.355402775 ], [ 135.700986472000011, 35.343686946 ], [ 135.641737197999987, 35.366953027 ] ], [ [ 135.890674617, 35.593985171 ], [ 135.891670999000013, 35.591646 ], [ 135.896185447, 35.591341279 ], [ 135.890674617, 35.593985171 ] ], [ [ 135.898777951, 35.592927108 ], [ 135.899680999, 35.589313775 ], [ 135.906108781, 35.588851559 ], [ 135.898777951, 35.592927108 ] ] ] } },
{ "type": "Feature", "properties": { "N03_001": "福岡県" }, "geometry": { "type": "MultiPolygon", "coordinates": [ [ [ [ 130.436248911, 33.005062342 ], [ 130.414136692999989, 33.002313766 ], [ 130.396722477, 33.000023441 ], [ 130.423106641, 33.029544162 ], [ 130.425382827, 33.052852441 ], [ 130.417677717, 33.07189 ], [ 130.411729351, 33.086683234 ], [ 130.38757786, 33.096606865 ], [ 130.397663748000014, 33.107861892 ], [ 130.373303359, 33.119651829 ], [ 130.373309468, 33.141287081 ], [ 130.355784099, 33.140356946 ], [ 130.352144994000014, 33.170796387 ], [ 130.339702218000014, 33.205017225 ], [ 130.376174721000012, 33.219921676 ], [ 130.373939611, 33.244361162 ], [ 130.385204604, 33.240461189 ], [ 130.388965396, 33.257119243 ], [ 130.414895927, 33.252648964 ], [ 130.41746201, 33.268344793 ], [ 130.464864734, 33.28485645 ], [ 130.45561119300001, 33.300810892 ], [ 130.48490118, 33.306217009 ], [ 130.479945357, 33.330873117 ], [ 130.499455629000011, 33.325575901 ], [ 130.51209594, 33.344062297 ], [ 130.535978457, 33.342962297 ], [ 130.541821387999988, 33.394253054 ], [ 130.536470752000014, 33.438981946 ], [ 130.511132218, 33.449112775 ], [ 130.462372503000012, 33.427924441 ], [ 130.461413333, 33.428237225 ], [ 130.442213891, 33.415633613 ], [ 130.438280558, 33.400621946 ], [ 130.422591388, 33.398460559 ], [ 130.41097083, 33.395040279 ], [ 130.415193061, 33.410075 ], [ 130.396163605999988, 33.427405559 ], [ 130.378218885, 33.424959162 ], [ 130.339749727999987, 33.444613054 ], [ 130.311120558, 33.461975559 ], [ 130.29588166, 33.463552495 ], [ 130.272113891, 33.479351108 ], [ 130.252370272, 33.470963613 ], [ 130.198522503, 33.481171946 ], [ 130.18279917000001, 33.466648054 ], [ 130.168786394, 33.467645829 ], [ 130.156767224, 33.476722495 ], [ 130.138800558000014, 33.470435559 ], [ 130.103130271999987, 33.475886667 ], [ 130.098417497000014, 33.469841108 ], [ 130.039026329, 33.470014468 ], [ 130.048866355, 33.487429919 ], [ 130.048062023, 33.492619919 ], [ 130.099481115, 33.510210468 ], [ 130.114915746, 33.507659495 ], [ 130.119366329, 33.507776252 ], [ 130.123007003999987, 33.508744829 ], [ 130.126801025, 33.510044694 ], [ 130.134014189, 33.528697279 ], [ 130.153892140000011, 33.537058829 ], [ 130.16525572, 33.555022081 ], [ 130.155654188999989, 33.560033162 ], [ 130.141948859, 33.548174135 ], [ 130.13499642, 33.566310054 ], [ 130.119676226, 33.574604333 ], [ 130.097697977, 33.56438964 ], [ 130.089176809, 33.583353802 ], [ 130.106933671, 33.584876162 ], [ 130.108986394, 33.595450225 ], [ 130.128016304, 33.589849865 ], [ 130.156245837, 33.602565775 ], [ 130.160833411, 33.608436108 ], [ 130.156698326999987, 33.627874 ], [ 130.184396524, 33.632603495 ], [ 130.197838612, 33.639751586 ], [ 130.207570584, 33.648461748 ], [ 130.214764423, 33.663393865 ], [ 130.237110726, 33.64878936 ], [ 130.226104747, 33.637680468 ], [ 130.224038444, 33.634550225 ], [ 130.229314358000011, 33.622900135 ], [ 130.233976614999989, 33.615251252 ], [ 130.273506835, 33.611479667 ], [ 130.270764449000012, 33.596148135 ], [ 130.250721946, 33.599932333 ], [ 130.279952918, 33.580913973 ], [ 130.292602671999987, 33.580123081 ], [ 130.34315834, 33.595738856 ], [ 130.352890777999988, 33.595147667 ], [ 130.356494838, 33.59662036 ], [ 130.396963086999989, 33.603372757 ], [ 130.399642296, 33.613637216 ], [ 130.413976641, 33.617013829 ], [ 130.407356887, 33.642462054 ], [ 130.420905642, 33.648277721 ], [ 130.405016446, 33.652172 ], [ 130.43253166, 33.659019775 ], [ 130.432047834, 33.684756559 ], [ 130.427947652, 33.68815382 ], [ 130.403505577, 33.681084802 ], [ 130.393730143, 33.669608748 ], [ 130.360314228, 33.65827764 ], [ 130.361282776, 33.644167667 ], [ 130.324956329, 33.660140829 ], [ 130.346266977999989, 33.661882414 ], [ 130.399660337, 33.687236892 ], [ 130.416285383, 33.702829865 ], [ 130.418002451, 33.712548216 ], [ 130.447097781999986, 33.725057225 ], [ 130.467409053000011, 33.753752577 ], [ 130.47109153, 33.771834748 ], [ 130.45120297, 33.801617252 ], [ 130.475688612, 33.822392829 ], [ 130.479744254, 33.850700045 ], [ 130.48796345, 33.850989495 ], [ 130.51142238700001, 33.856872 ], [ 130.542943398, 33.889085739 ], [ 130.543615162, 33.88840536 ], [ 130.545184189, 33.887935829 ], [ 130.564848469999987, 33.890695865 ], [ 130.569695188, 33.880331 ], [ 130.606109857, 33.878778 ], [ 130.635642568, 33.885425874 ], [ 130.663241997, 33.901142252 ], [ 130.673197847000012, 33.91868045 ], [ 130.699906822, 33.939276054 ], [ 130.738013696, 33.927008108 ], [ 130.752603255999986, 33.945248468 ], [ 130.768801193, 33.929123135 ], [ 130.807435499, 33.93154764 ], [ 130.814333087, 33.902178829 ], [ 130.795795668000011, 33.890377495 ], [ 130.75370856, 33.878175721 ], [ 130.744441712, 33.887740991 ], [ 130.750361387999988, 33.873932225 ], [ 130.770514838, 33.875282252 ], [ 130.782278534, 33.878187324 ], [ 130.806885214, 33.884844108 ], [ 130.822709675999988, 33.903621631 ], [ 130.824763165, 33.92051836 ], [ 130.856607393, 33.926207198 ], [ 130.851154955, 33.906563351 ], [ 130.871811946, 33.915980865 ], [ 130.887785810999986, 33.902062892 ], [ 130.887804254, 33.888489225 ], [ 130.91506677000001, 33.895776766 ], [ 130.933441971, 33.909617279 ], [ 130.946244137, 33.938376495 ], [ 130.976337717, 33.959556279 ], [ 131.002155550999987, 33.969884414 ], [ 131.023635422000012, 33.959857802 ], [ 131.010773333, 33.941890054 ], [ 130.989123411, 33.894637225 ], [ 131.004027782, 33.889539514 ], [ 130.999752244, 33.873652162 ], [ 130.986612309, 33.881463973 ], [ 130.982111608, 33.867060865 ], [ 130.998221660000013, 33.868323613 ], [ 130.993452205000011, 33.851032505 ], [ 130.977422581000013, 33.844443973 ], [ 130.956835668, 33.829355342 ], [ 130.966556057, 33.809498333 ], [ 130.981297133999988, 33.810630342 ], [ 131.011769209, 33.819590568 ], [ 131.019294306, 33.804758126 ], [ 130.998819105, 33.807100495 ], [ 130.987850246, 33.796513973 ], [ 130.98500847, 33.785568694 ], [ 130.993467198, 33.794703721 ], [ 131.017722789, 33.767988243 ], [ 131.004168275000012, 33.749918243 ], [ 131.019322335, 33.745357865 ], [ 131.02107607, 33.730889523 ], [ 131.030634306, 33.705474162 ], [ 131.045796265, 33.689095216 ], [ 131.086659481, 33.634447721 ], [ 131.100077419, 33.618090054 ], [ 131.115001686, 33.630522315 ], [ 131.166186641, 33.616923514 ], [ 131.185571634000013, 33.61684936 ], [ 131.172695837, 33.588423892 ], [ 131.190569728000014, 33.558025279 ], [ 131.18689917, 33.544038333 ], [ 131.166710558, 33.528712495 ], [ 131.175954448999988, 33.506558054 ], [ 131.129725279000013, 33.501845 ], [ 131.06765083, 33.509056387 ], [ 131.03573917, 33.519073054 ], [ 131.015157781999989, 33.509067495 ], [ 130.98995166, 33.509140559 ], [ 130.981523333000013, 33.507760829 ], [ 130.949887497, 33.487669162 ], [ 130.926285888, 33.457624532 ], [ 130.900280661000011, 33.449211577 ], [ 130.89169345, 33.429945108 ], [ 130.886413995, 33.379846946 ], [ 130.859719053, 33.37296218 ], [ 130.861799338999987, 33.362599937 ], [ 130.835347964, 33.343545946 ], [ 130.850601063999989, 33.336658991 ], [ 130.866348314, 33.292112126 ], [ 130.852074125, 33.277469667 ], [ 130.863905265999989, 33.261166991 ], [ 130.824851466000013, 33.253421712 ], [ 130.826261453, 33.236763252 ], [ 130.859586057, 33.229126396 ], [ 130.836489001, 33.21059991 ], [ 130.863677392999989, 33.193062063 ], [ 130.887456899999989, 33.186271351 ], [ 130.873527938, 33.167857604 ], [ 130.873422114, 33.149260216 ], [ 130.861647315, 33.117527829 ], [ 130.839822827, 33.104054477 ], [ 130.789176782999988, 33.124031378 ], [ 130.770889339, 33.124332676 ], [ 130.734529442, 33.153424505 ], [ 130.691041595, 33.154945811 ], [ 130.680021543, 33.171308748 ], [ 130.667536874, 33.156954865 ], [ 130.655683074, 33.108620243 ], [ 130.63993821, 33.113507595 ], [ 130.607010441, 33.110389622 ], [ 130.580198859, 33.116019243 ], [ 130.561795875, 33.104189198 ], [ 130.565721064, 33.08725309 ], [ 130.542453424, 33.081735261 ], [ 130.531438885, 33.063970775 ], [ 130.516873735, 33.065566586 ], [ 130.494902348000011, 33.048980658 ], [ 130.515870493, 33.012020757 ], [ 130.506113632, 33.00278236 ], [ 130.436248911, 33.005062342 ] ], [ [ 130.527575084, 33.230973162 ], [ 130.519393696, 33.230337874 ], [ 130.525645084, 33.230287883 ], [ 130.527575084, 33.230973162 ] ], [ [ 130.489416667, 33.843473054 ], [ 130.488795837, 33.84297 ], [ 130.490336939, 33.842977225 ], [ 130.489416667, 33.843473054 ] ], [ [ 130.620256667, 33.412021387 ], [ 130.617658612000014, 33.411832225 ], [ 130.618428327, 33.410911108 ], [ 130.620256667, 33.412021387 ] ] ], [ [ [ 130.299558444000013, 33.606802802 ], [ 130.299466524, 33.626916279 ], [ 130.314109274, 33.615299252 ], [ 130.299558444000013, 33.606802802 ] ] ], [ [ [ 130.395135888, 33.664646198 ], [ 130.415767030000012, 33.675221892 ], [ 130.428181582, 33.665197775 ], [ 130.398170454, 33.655521495 ], [ 130.395135888, 33.664646198 ] ] ], [ [ [ 130.290063476, 33.687714892 ], [ 130.300735772, 33.688439468 ], [ 130.317136315999988, 33.661209649 ], [ 130.292209922000012, 33.666899829 ], [ 130.290063476, 33.687714892 ] ] ], [ [ [ 130.437803917, 33.902841838 ], [ 130.429008054, 33.886780523 ], [ 130.413127458, 33.892017441 ], [ 130.407838119, 33.909220324 ], [ 130.44779586300001, 33.912305 ], [ 130.437803917, 33.902841838 ] ] ], [ [ [ 131.009169533, 33.828227387 ], [ 131.008339948000014, 33.827471333 ], [ 131.008013696, 33.827731027 ], [ 131.009169533, 33.828227387 ] ] ], [ [ [ 131.02464594, 33.856663586 ], [ 131.034329922000012, 33.858030333 ], [ 131.038985383000011, 33.835599279 ], [ 131.029281336, 33.834218414 ], [ 131.02464594, 33.856663586 ] ] ], [ [ [ 130.832291634, 33.949843613 ], [ 130.845046226, 33.939238252 ], [ 130.822255058, 33.930374919 ], [ 130.784083087, 33.935049613 ], [ 130.77742111500001, 33.946073865 ], [ 130.814318418, 33.943436081 ], [ 130.832291634, 33.949843613 ] ] ] ] } },
{ "type": "Feature", "properties": { "N03_001": "福島県" }, "geometry": { "type": "Polygon", "coordinates": [ [ [ 139.393289196000012, 36.910795505 ], [ 139.373131582000013, 36.918393802 ], [ 139.352781997, 36.915769054 ], [ 139.342386719, 36.927533198 ], [ 139.305069274, 36.925812054 ], [ 139.264860272, 36.940919198 ], [ 139.24055847, 36.92948364 ], [ 139.231895966, 36.940527225 ], [ 139.24991917, 36.955901387 ], [ 139.251029663, 37.004618802 ], [ 139.243366641, 37.01513464 ], [ 139.257342698, 37.055935387 ], [ 139.238646109, 37.090506694 ], [ 139.235373165, 37.113943613 ], [ 139.253810972999986, 37.164825721 ], [ 139.237875382999988, 37.187838171 ], [ 139.217848392, 37.209494532 ], [ 139.196583800000013, 37.194028414 ], [ 139.194794669, 37.203962559 ], [ 139.165904086000012, 37.232165586 ], [ 139.174989805, 37.256627 ], [ 139.212289973999987, 37.286208973 ], [ 139.222113138999987, 37.315010081 ], [ 139.2178907, 37.334185946 ], [ 139.233621828999986, 37.343606505 ], [ 139.23803192, 37.37294836 ], [ 139.23166511, 37.387375279 ], [ 139.212528145, 37.391862505 ], [ 139.197246329, 37.41076664 ], [ 139.223306939, 37.449044081 ], [ 139.25121961100001, 37.452440135 ], [ 139.282028716000013, 37.449831171 ], [ 139.326471115, 37.462386252 ], [ 139.335142555, 37.457788721 ], [ 139.362550311, 37.469968027 ], [ 139.397512698000014, 37.459839171 ], [ 139.406362191999989, 37.466206054 ], [ 139.414249195999986, 37.510155802 ], [ 139.457198755, 37.517867559 ], [ 139.475797664999988, 37.502582694 ], [ 139.496737223999986, 37.512570252 ], [ 139.520095383000012, 37.513837252 ], [ 139.567031996999987, 37.502345721 ], [ 139.585105772, 37.512897054 ], [ 139.590584501, 37.52794064 ], [ 139.565737224, 37.546110027 ], [ 139.57040297, 37.579512468 ], [ 139.56235, 37.600109721 ], [ 139.548507782, 37.609865 ], [ 139.549321219, 37.64909336 ], [ 139.568493256000011, 37.653133919 ], [ 139.60447917, 37.679295279 ], [ 139.627277561999989, 37.688364721 ], [ 139.624091997, 37.710249468 ], [ 139.649612607, 37.729062 ], [ 139.680189727999988, 37.77504436 ], [ 139.728332438, 37.812241414 ], [ 139.741505383, 37.817712775 ], [ 139.710689804999987, 37.854393838 ], [ 139.681852802, 37.84674336 ], [ 139.680829196, 37.846950865 ], [ 139.706168106, 37.855928306 ], [ 139.715636524, 37.854158279 ], [ 139.731790661, 37.83079664 ], [ 139.741306783, 37.820292775 ], [ 139.782414747, 37.832040468 ], [ 139.804236498, 37.805418559 ], [ 139.838333580000011, 37.814698198 ], [ 139.855985499000013, 37.825882892 ], [ 139.880071803, 37.810105946 ], [ 139.925464838000011, 37.814156468 ], [ 139.937264163, 37.828195306 ], [ 139.957919027, 37.814861387 ], [ 139.960145888, 37.795647532 ], [ 139.992568755, 37.758699532 ], [ 140.037498054, 37.767979973 ], [ 140.048482087999986, 37.779049333 ], [ 140.069042724000013, 37.757902505 ], [ 140.086783747999988, 37.757995252 ], [ 140.103384384, 37.737185694 ], [ 140.140743191000013, 37.738149532 ], [ 140.146009754, 37.752720225 ], [ 140.171936523999989, 37.756043171 ], [ 140.204387782, 37.747698387 ], [ 140.237254864, 37.746468468 ], [ 140.28221131, 37.798229054 ], [ 140.298801829000013, 37.807808198 ], [ 140.268780999, 37.824091 ], [ 140.270720078000011, 37.890737441 ], [ 140.267131283999987, 37.917583306 ], [ 140.281004358, 37.941347775 ], [ 140.271317691, 37.966640225 ], [ 140.280002581, 37.976644414 ], [ 140.348590895, 37.950157279 ], [ 140.355149364, 37.957852838 ], [ 140.385629779999988, 37.953719946 ], [ 140.398569831, 37.974420694 ], [ 140.434087004, 37.95379964 ], [ 140.47487983100001, 37.946782225 ], [ 140.469530973, 37.917868667 ], [ 140.484176498000011, 37.901527198 ], [ 140.487883256, 37.899850775 ], [ 140.563029105, 37.91143536 ], [ 140.566379248, 37.922790892 ], [ 140.598409248, 37.907640694 ], [ 140.618622724, 37.912515802 ], [ 140.627342283, 37.899073279 ], [ 140.660004384, 37.90088436 ], [ 140.690080532, 37.888213027 ], [ 140.682761362, 37.874071 ], [ 140.692851413999989, 37.857047505 ], [ 140.679504838000014, 37.836851946 ], [ 140.694373332999987, 37.803264973 ], [ 140.711524501000014, 37.800662135 ], [ 140.726969831, 37.781479171 ], [ 140.745679247999988, 37.788300081 ], [ 140.795529053, 37.773548171 ], [ 140.803190726, 37.779901135 ], [ 140.765306226, 37.798534027 ], [ 140.77498153, 37.806311414 ], [ 140.810754163000013, 37.79562436 ], [ 140.85171680900001, 37.795308054 ], [ 140.857910389000011, 37.802853838 ], [ 140.854177445, 37.841929775 ], [ 140.860739027, 37.867176838 ], [ 140.856251414000013, 37.890900054 ], [ 140.900608054, 37.904224946 ], [ 140.931086732000011, 37.896183441 ], [ 140.932805162, 37.881488495 ], [ 140.947236446, 37.853144838 ], [ 140.959169079, 37.841485135 ], [ 140.959712088, 37.83294727 ], [ 140.986393969, 37.823687063 ], [ 140.988092529, 37.777872099 ], [ 141.008147484, 37.749921712 ], [ 141.011318521, 37.72180755 ], [ 141.011206706, 37.688431928 ], [ 141.019535991999987, 37.65595818 ], [ 141.030451672999988, 37.528798838 ], [ 141.034209753999988, 37.513651126 ], [ 141.041568885, 37.480521712 ], [ 141.036552815, 37.466356315 ], [ 141.034845045, 37.426890045 ], [ 141.03558489, 37.373108811 ], [ 141.028281971000013, 37.340877225 ], [ 141.028121077, 37.316395126 ], [ 141.013899909, 37.260575009 ], [ 141.013128508, 37.241068162 ], [ 141.00434489, 37.208527126 ], [ 141.000425953, 37.183643234 ], [ 140.998506588999987, 37.115241964 ], [ 140.982720038999986, 37.089278378 ], [ 140.973663256, 37.053231216 ], [ 140.974390026, 37.013473216 ], [ 140.983021492, 36.995599333 ], [ 140.973224721, 36.991620243 ], [ 140.960034578, 36.970557595 ], [ 140.914949130999986, 36.936427847 ], [ 140.907649559, 36.945429342 ], [ 140.885135188, 36.937844775 ], [ 140.841256213, 36.909017739 ], [ 140.826602944, 36.912733685 ], [ 140.800777484, 36.894170793 ], [ 140.789697185, 36.873542964 ], [ 140.789118132, 36.865164856 ], [ 140.793392257, 36.859206595 ], [ 140.767869001, 36.861591505 ], [ 140.740502412000012, 36.875564387 ], [ 140.71413917000001, 36.872828279 ], [ 140.695036523999988, 36.888787919 ], [ 140.614703891, 36.904506135 ], [ 140.586113022, 36.945284279 ], [ 140.568147302, 36.937369559 ], [ 140.565270246000011, 36.912562171 ], [ 140.58077358, 36.904407721 ], [ 140.591875421999987, 36.872916865 ], [ 140.567468716, 36.863200919 ], [ 140.537966161000014, 36.858772946 ], [ 140.528199805000014, 36.843641387 ], [ 140.516680856, 36.826556468 ], [ 140.488921245, 36.818712694 ], [ 140.478620363, 36.796941667 ], [ 140.46372489, 36.791602306 ], [ 140.43831297, 36.821560441 ], [ 140.413497834, 36.832120586 ], [ 140.377206083, 36.837924694 ], [ 140.365211829, 36.884324946 ], [ 140.324045746, 36.893338027 ], [ 140.321856667, 36.907783054 ], [ 140.303000336999986, 36.926884586 ], [ 140.283573891, 36.935245027 ], [ 140.264256524, 36.933315387 ], [ 140.243037328000014, 36.943486252 ], [ 140.253089831000011, 36.962967892 ], [ 140.240213217, 37.000275081 ], [ 140.251390077999986, 37.009185586 ], [ 140.248932438, 37.025873919 ], [ 140.203334358, 37.023870441 ], [ 140.19306214, 37.065503505 ], [ 140.172827004, 37.070254973 ], [ 140.150794137, 37.094329171 ], [ 140.100436809, 37.123429 ], [ 140.059701556, 37.125474667 ], [ 140.047074254, 37.135437468 ], [ 139.967322048999989, 37.14779464 ], [ 139.961261193000013, 37.153295748 ], [ 139.916335525, 37.147626 ], [ 139.902431725000014, 37.154271505 ], [ 139.86628939, 37.147227892 ], [ 139.831773139, 37.133640946 ], [ 139.815188807, 37.116150694 ], [ 139.822092996, 37.085136865 ], [ 139.774910999000014, 37.091894279 ], [ 139.752711893999987, 37.070587306 ], [ 139.718824227999988, 37.070770054 ], [ 139.700364864, 37.059327306 ], [ 139.672599689, 37.057151198 ], [ 139.664588974999987, 37.039837919 ], [ 139.624970636, 37.032721306 ], [ 139.619322477, 37.016630505 ], [ 139.548179299999987, 36.99365736 ], [ 139.53528703, 36.980604108 ], [ 139.494286589000012, 36.967933414 ], [ 139.484332361000014, 36.975437252 ], [ 139.459931336000011, 36.969653919 ], [ 139.45667516200001, 36.953835919 ], [ 139.43444856, 36.94185364 ], [ 139.42690061, 36.924166387 ], [ 139.411985253000012, 36.927713865 ], [ 139.393289196000012, 36.910795505 ] ], [ [ 139.929932412, 37.579780721 ], [ 139.928483217, 37.578569613 ], [ 139.929987950999987, 37.578311865 ], [ 139.929932412, 37.579780721 ] ], [ [ 140.305969079, 37.238312775 ], [ 140.307494942, 37.237915838 ], [ 140.306533554, 37.239063054 ], [ 140.305969079, 37.238312775 ] ], [ [ 140.30247572, 37.238242802 ], [ 140.303672114, 37.237988333 ], [ 140.303726004999987, 37.238826135 ], [ 140.30247572, 37.238242802 ] ], [ [ 140.345942049, 37.154635802 ], [ 140.347522088, 37.155625252 ], [ 140.344889533000014, 37.15574164 ], [ 140.345942049, 37.154635802 ] ], [ [ 140.302315577, 37.222154973 ], [ 140.302367004, 37.225799721 ], [ 140.300097523, 37.222820559 ], [ 140.302315577, 37.222154973 ] ], [ [ 140.29396211400001, 37.252462559 ], [ 140.292871556, 37.252805054 ], [ 140.292410143000012, 37.252086171 ], [ 140.29396211400001, 37.252462559 ] ], [ [ 140.296147690999987, 37.252037559 ], [ 140.295414086, 37.252324225 ], [ 140.295426278, 37.252112838 ], [ 140.296147690999987, 37.252037559 ] ], [ [ 140.355109831, 37.574743973 ], [ 140.354727665000013, 37.581710919 ], [ 140.351679805, 37.577825108 ], [ 140.355109831, 37.574743973 ] ] ] } },
{ "type": "Feature", "properties": { "N03_001": "秋田県" }, "geometry": { "type": "Polygon", "coordinates": [ [ [ 139.869589857, 39.118258171 ], [ 139.876992361, 39.124593973 ], [ 139.885082944, 39.133512252 ], [ 139.904952087999987, 39.181516468 ], [ 139.902802243999986, 39.200111252 ], [ 139.892525551, 39.204439838 ], [ 139.914943255999987, 39.249643279 ], [ 139.928028755000014, 39.287974306 ], [ 139.949974137, 39.290033586 ], [ 139.96604033700001, 39.295111748 ], [ 139.980115227, 39.31309145 ], [ 139.996810389, 39.342210252 ], [ 140.021518754999988, 39.405633441 ], [ 140.045032088, 39.498699 ], [ 140.059656939, 39.597787586 ], [ 140.062981724999986, 39.654420468 ], [ 140.059252568, 39.720663252 ], [ 140.05404080400001, 39.738869667 ], [ 140.046280921, 39.749504667 ], [ 140.049320052000013, 39.774103252 ], [ 140.034042918000011, 39.804487586 ], [ 140.019322749999986, 39.830606748 ], [ 139.993182335, 39.860205613 ], [ 139.968179805, 39.880223054 ], [ 139.92491725, 39.899503505 ], [ 139.897519442, 39.902298505 ], [ 139.858707134000014, 39.895645883 ], [ 139.863726023999988, 39.890479441 ], [ 139.82161358, 39.863654775 ], [ 139.744599468, 39.867892865 ], [ 139.734924086, 39.905351775 ], [ 139.733301051000012, 39.907462414 ], [ 139.731793696000011, 39.90873636 ], [ 139.717701634, 39.915186027 ], [ 139.704973450000011, 39.94457464 ], [ 139.718907808000012, 39.946032694 ], [ 139.721074578000014, 39.949127468 ], [ 139.719005058, 39.958459 ], [ 139.697375863, 39.986582613 ], [ 139.701768029, 40.006799748 ], [ 139.715602166, 39.987994279 ], [ 139.723584136999989, 39.981613 ], [ 139.765363307, 39.974943505 ], [ 139.78600939, 39.960854586 ], [ 139.797743839, 39.956800054 ], [ 139.845145447, 39.970944387 ], [ 139.889003890999987, 40.003128441 ], [ 139.923767639, 40.041104973 ], [ 139.945374254, 40.073031703 ], [ 139.972577976999986, 40.125143387 ], [ 139.99215297, 40.17578636 ], [ 139.988420078, 40.20020864 ], [ 140.005224747, 40.211366532 ], [ 140.015663761000013, 40.264461802 ], [ 140.024114968, 40.314388108 ], [ 140.025206667, 40.353117919 ], [ 140.023006641, 40.357594054 ], [ 140.013442360999989, 40.371703721 ], [ 139.978424968000013, 40.39829064 ], [ 139.939972555, 40.426253279 ], [ 139.936309779999988, 40.428203838 ], [ 139.959767523000011, 40.434825505 ], [ 139.973523969000013, 40.426599613 ], [ 139.995054501, 40.435046748 ], [ 140.019519882999987, 40.419881919 ], [ 140.020171699, 40.448122748 ], [ 140.036171673000013, 40.461617694 ], [ 140.06834583700001, 40.468856532 ], [ 140.099501219, 40.452956441 ], [ 140.107616031, 40.435896135 ], [ 140.147244086, 40.438126027 ], [ 140.185467108000012, 40.443305613 ], [ 140.220168833, 40.431145505 ], [ 140.25005430600001, 40.442993748 ], [ 140.298870752, 40.44625236 ], [ 140.311272476999989, 40.436325108 ], [ 140.335216083, 40.439383441 ], [ 140.34780847, 40.467547694 ], [ 140.386963138999988, 40.487056613 ], [ 140.402237108, 40.474907108 ], [ 140.437206030999988, 40.478256 ], [ 140.439704475000013, 40.450407279 ], [ 140.477647056, 40.453074775 ], [ 140.48119297, 40.44190836 ], [ 140.508454773000011, 40.428525838 ], [ 140.527883411, 40.431328865 ], [ 140.532181608, 40.411280225 ], [ 140.559145084, 40.397059333 ], [ 140.569369247999987, 40.400735973 ], [ 140.553212724, 40.419984919 ], [ 140.589730506, 40.436112919 ], [ 140.625569195999987, 40.424098667 ], [ 140.641037912, 40.405184135 ], [ 140.675873969, 40.412876 ], [ 140.687522503, 40.427022946 ], [ 140.709596108999989, 40.429631252 ], [ 140.73356978000001, 40.415802775 ], [ 140.734093800000011, 40.439682586 ], [ 140.752702698, 40.43917364 ], [ 140.762713696, 40.451247252 ], [ 140.788987808, 40.456841081 ], [ 140.803402827000014, 40.448589613 ], [ 140.810628974999986, 40.487129667 ], [ 140.845020947, 40.507359694 ], [ 140.880061504999986, 40.510246171 ], [ 140.861322607, 40.440629306 ], [ 140.892325914, 40.423351586 ], [ 140.926774189000014, 40.421106 ], [ 140.941954915999986, 40.430201279 ], [ 140.985173280999987, 40.42708036 ], [ 140.982543139, 40.412035559 ], [ 140.987282166, 40.395034081 ], [ 140.995432283000014, 40.353365225 ], [ 140.957435940000011, 40.324673748 ], [ 140.957580830000012, 40.306513333 ], [ 140.94397372200001, 40.296259414 ], [ 140.957582166, 40.282037586 ], [ 140.945710467, 40.258074919 ], [ 140.955073891000012, 40.247628135 ], [ 140.940092023, 40.240240946 ], [ 140.940959922, 40.22689836 ], [ 140.905480829999988, 40.222137667 ], [ 140.892362529, 40.192279468 ], [ 140.860308833, 40.173271721 ], [ 140.882371025, 40.150846198 ], [ 140.866988948999989, 40.132367838 ], [ 140.880962387000011, 40.11393464 ], [ 140.877331115, 40.098086252 ], [ 140.844477808, 40.074590946 ], [ 140.855365837, 40.046698865 ], [ 140.850409027000012, 40.031709946 ], [ 140.847935305, 39.959332973 ], [ 140.857209001, 39.953032054 ], [ 140.854694942, 39.923289135 ], [ 140.868054253999986, 39.911660919 ], [ 140.877884086, 39.874291135 ], [ 140.852924423, 39.865787441 ], [ 140.828380143, 39.885022748 ], [ 140.799514034, 39.881678775 ], [ 140.782236355, 39.867848586 ], [ 140.789194189, 39.84914936 ], [ 140.783018495, 39.831239414 ], [ 140.841647302000013, 39.804920892 ], [ 140.848270558, 39.793251387 ], [ 140.819528521, 39.771853721 ], [ 140.79752258100001, 39.741176586 ], [ 140.774822476999987, 39.734552721 ], [ 140.794460584, 39.709596 ], [ 140.809903606, 39.708022532 ], [ 140.822575811, 39.688174748 ], [ 140.820215227, 39.652763135 ], [ 140.795313411, 39.602992586 ], [ 140.764268781, 39.587854171 ], [ 140.754296719, 39.570719505 ], [ 140.730359416, 39.565842721 ], [ 140.739517082, 39.546846802 ], [ 140.73822358000001, 39.523054027 ], [ 140.72465297, 39.518462721 ], [ 140.713271414, 39.49405664 ], [ 140.724404553, 39.48053436 ], [ 140.698154423, 39.467784694 ], [ 140.676987419, 39.448403892 ], [ 140.685595058, 39.437262973 ], [ 140.67939703, 39.417014838 ], [ 140.657476226, 39.411682973 ], [ 140.656170973, 39.389145919 ], [ 140.679968417999987, 39.381566865 ], [ 140.675639689, 39.368341532 ], [ 140.692949416, 39.358120532 ], [ 140.698586589, 39.328429748 ], [ 140.693585888, 39.299592973 ], [ 140.718556109, 39.295240838 ], [ 140.717828716000014, 39.272608838 ], [ 140.788662386999988, 39.238428667 ], [ 140.770467523, 39.223458748 ], [ 140.766618301, 39.208525441 ], [ 140.764849053, 39.197760468 ], [ 140.797392724, 39.189956198 ], [ 140.807857691, 39.178383108 ], [ 140.773877445000011, 39.167592387 ], [ 140.749726161000012, 39.140410802 ], [ 140.769980752, 39.124164865 ], [ 140.752906278000012, 39.086016333 ], [ 140.799976913, 39.07654436 ], [ 140.810233528, 39.057238135 ], [ 140.793533359, 39.041716865 ], [ 140.784928949, 39.019713559 ], [ 140.764032891999989, 39.000192054 ], [ 140.773590168999988, 38.958084468 ], [ 140.755625447, 38.958207946 ], [ 140.73209214, 38.949266468 ], [ 140.707388301, 38.920355613 ], [ 140.685648003000011, 38.917604748 ], [ 140.671114721, 38.897130802 ], [ 140.640340310999989, 38.883900694 ], [ 140.615641505000013, 38.893695667 ], [ 140.590501505, 38.889162667 ], [ 140.561985772000014, 38.87301336 ], [ 140.547116446, 38.889207802 ], [ 140.535499974, 38.900718613 ], [ 140.494322387000011, 38.898996225 ], [ 140.492293696, 38.902212613 ], [ 140.461712438, 38.920356198 ], [ 140.449582502999988, 38.945595027 ], [ 140.445532244, 38.980411973 ], [ 140.43185856, 38.991902 ], [ 140.374578949000011, 38.995711946 ], [ 140.354165642, 39.023848441 ], [ 140.329102477, 39.034802171 ], [ 140.310722529, 39.013589225 ], [ 140.260564864, 39.035235 ], [ 140.227501803, 39.027059613 ], [ 140.200601777, 39.035704414 ], [ 140.204765837, 39.053496306 ], [ 140.188773722, 39.061494135 ], [ 140.15080297, 39.049179279 ], [ 140.137795525, 39.065567892 ], [ 140.114903307, 39.077784333 ], [ 140.062456860999987, 39.092885027 ], [ 140.062439196000014, 39.13349864 ], [ 140.007766393999987, 39.123040279 ], [ 139.994446719, 39.10551564 ], [ 139.948052244, 39.117166694 ], [ 139.869589857, 39.118258171 ] ] ] } },
{ "type": "Feature", "properties": { "N03_001": "群馬県" }, "geometry": { "type": "Polygon", "coordinates": [ [ [ 138.749184916, 36.016721838 ], [ 138.712550052000012, 35.985333 ], [ 138.68869538300001, 35.991774667 ], [ 138.679749442, 36.011614946 ], [ 138.66169642, 36.012014667 ], [ 138.631487912000011, 36.028278802 ], [ 138.644171115, 36.049570171 ], [ 138.642815383, 36.068742333 ], [ 138.630739143999989, 36.091377027 ], [ 138.645183061000012, 36.098806748 ], [ 138.645098145, 36.119632027 ], [ 138.634091504999986, 36.133970081 ], [ 138.600767588, 36.135512333 ], [ 138.577274864, 36.168073198 ], [ 138.581330441, 36.177439333 ], [ 138.604839339, 36.16419764 ], [ 138.637104967999989, 36.174884838 ], [ 138.62279725, 36.196927919 ], [ 138.636707003999987, 36.204270414 ], [ 138.622244527, 36.214585721 ], [ 138.602177639, 36.249500468 ], [ 138.600335525, 36.278399946 ], [ 138.644907056, 36.293532667 ], [ 138.653451803, 36.303043775 ], [ 138.648387471, 36.407467613 ], [ 138.644422776, 36.411439279 ], [ 138.607866355, 36.423187892 ], [ 138.570938520999988, 36.419564027 ], [ 138.555007977, 36.417773748 ], [ 138.54061153, 36.402849333 ], [ 138.519883217, 36.406739892 ], [ 138.50679022, 36.413930414 ], [ 138.488957419, 36.400933505 ], [ 138.457715305, 36.411574333 ], [ 138.457158106, 36.420096279 ], [ 138.400970777999987, 36.434735306 ], [ 138.397132023000012, 36.490582171 ], [ 138.412388560000011, 36.541486252 ], [ 138.428840856, 36.556225387 ], [ 138.420334812, 36.573673414 ], [ 138.428835473, 36.597891414 ], [ 138.441583333000011, 36.610669441 ], [ 138.454973645, 36.613850838 ], [ 138.459056252000011, 36.634838 ], [ 138.525113165, 36.651260306 ], [ 138.534338197000011, 36.666268667 ], [ 138.514168949, 36.690139414 ], [ 138.543639144, 36.703834532 ], [ 138.594335226999988, 36.713796081 ], [ 138.611141025, 36.706576667 ], [ 138.621771115, 36.720213108 ], [ 138.642078392, 36.723782865 ], [ 138.695931634, 36.738512667 ], [ 138.713074189, 36.739218225 ], [ 138.727027445, 36.764168838 ], [ 138.770344189000014, 36.74616464 ], [ 138.789419533, 36.744873802 ], [ 138.795344643, 36.758137135 ], [ 138.817770337000013, 36.761585748 ], [ 138.829006641, 36.791647919 ], [ 138.821744254, 36.817626135 ], [ 138.850947056, 36.812031946 ], [ 138.87953022, 36.824977135 ], [ 138.92906725, 36.832643775 ], [ 138.917168275, 36.870372865 ], [ 138.932442581, 36.893550919 ], [ 138.97916849500001, 36.891176252 ], [ 138.977262529, 36.918208441 ], [ 138.963801608000011, 36.952769559 ], [ 138.969846524, 36.981414 ], [ 139.000645162000012, 36.979212892 ], [ 139.015498859, 36.988286225 ], [ 139.03032691300001, 36.983702586 ], [ 139.091194916, 37.019969441 ], [ 139.097016200000013, 37.058626333 ], [ 139.122949248, 37.047144081 ], [ 139.131906109, 37.025727721 ], [ 139.179446614999989, 36.990758 ], [ 139.180314254, 36.964521919 ], [ 139.205448171, 36.955940532 ], [ 139.228714669, 36.961197748 ], [ 139.231895966, 36.940527225 ], [ 139.24055847, 36.92948364 ], [ 139.264860272, 36.940919198 ], [ 139.305069274, 36.925812054 ], [ 139.342386719, 36.927533198 ], [ 139.352781997, 36.915769054 ], [ 139.373131582000013, 36.918393802 ], [ 139.393289196000012, 36.910795505 ], [ 139.367872166000012, 36.877180198 ], [ 139.357133502000011, 36.876948532 ], [ 139.34856358, 36.852782135 ], [ 139.406699559, 36.826940108 ], [ 139.377934501, 36.804448973 ], [ 139.374330973000014, 36.784290865 ], [ 139.353056861, 36.773608919 ], [ 139.356076083, 36.750453279 ], [ 139.371988638, 36.746753838 ], [ 139.366934228, 36.724589333 ], [ 139.336918366, 36.692129775 ], [ 139.339259831, 36.678333721 ], [ 139.32670185500001, 36.657112414 ], [ 139.328148885, 36.633421667 ], [ 139.352288418, 36.615090279 ], [ 139.386688833, 36.611983333 ], [ 139.398703606, 36.602189468 ], [ 139.465357523, 36.606493721 ], [ 139.482634448999988, 36.578163441 ], [ 139.451100636, 36.549707027 ], [ 139.439046446, 36.550685333 ], [ 139.442848340000012, 36.531583108 ], [ 139.417928145, 36.494639225 ], [ 139.428081193, 36.490417838 ], [ 139.436474721, 36.465975306 ], [ 139.408229364, 36.457881171 ], [ 139.406504034, 36.445709775 ], [ 139.376863217, 36.411028171 ], [ 139.361025227, 36.385234279 ], [ 139.370346355, 36.366081802 ], [ 139.42674, 36.326917865 ], [ 139.415699611, 36.315869559 ], [ 139.4436493, 36.288360946 ], [ 139.457065188, 36.289192865 ], [ 139.463877886, 36.271520946 ], [ 139.500124137, 36.276093108 ], [ 139.536463139, 36.281725559 ], [ 139.561270117, 36.267129838 ], [ 139.589751051, 36.268624865 ], [ 139.616954501, 36.274044027 ], [ 139.633908171, 36.270227667 ], [ 139.630719754000012, 36.254841306 ], [ 139.669571362, 36.215133586 ], [ 139.664425473, 36.207060802 ], [ 139.651504306, 36.198374171 ], [ 139.609883606000011, 36.196808135 ], [ 139.587932218, 36.210342054 ], [ 139.535218612, 36.192942892 ], [ 139.495516783, 36.19257864 ], [ 139.493468444, 36.192166135 ], [ 139.474425006, 36.189457505 ], [ 139.444204643, 36.196789694 ], [ 139.416866328999987, 36.217958027 ], [ 139.382918833, 36.237869108 ], [ 139.358232996, 36.253328 ], [ 139.327880337000011, 36.239876387 ], [ 139.309256719, 36.237435135 ], [ 139.27264939, 36.249241414 ], [ 139.267010726, 36.242621973 ], [ 139.243748716, 36.244511135 ], [ 139.224004033999989, 36.258301694 ], [ 139.211602309, 36.256409505 ], [ 139.171367562, 36.273721721 ], [ 139.169470052, 36.274752838 ], [ 139.129663891, 36.283397559 ], [ 139.107711556, 36.261354225 ], [ 139.096514746999986, 36.238247838 ], [ 139.063322827, 36.195712198 ], [ 139.056385837, 36.180519667 ], [ 139.06056131, 36.152263225 ], [ 139.042722088, 36.14802736 ], [ 139.042404254, 36.128459532 ], [ 139.004853022, 36.133409532 ], [ 138.97649289200001, 36.117210586 ], [ 138.959618145, 36.123992306 ], [ 138.956553359, 36.105702 ], [ 138.931076329, 36.088119532 ], [ 138.897858781, 36.090654613 ], [ 138.846037056, 36.066625 ], [ 138.829111673, 36.041312505 ], [ 138.828394721, 36.037302532 ], [ 138.790975525, 36.029399802 ], [ 138.76914131, 36.038812613 ], [ 138.75441119300001, 36.034525973 ], [ 138.749184916, 36.016721838 ] ], [ [ 139.261723502, 36.244278919 ], [ 139.26358406, 36.243881414 ], [ 139.26223489, 36.24537336 ], [ 139.261723502, 36.244278919 ] ] ] } },
{ "type": "Feature", "properties": { "N03_001": "茨城県" }, "geometry": { "type": "Polygon", "coordinates": [ [ [ 140.146469663, 35.845718135 ], [ 140.127141725, 35.870855892 ], [ 140.088130025999988, 35.884030198 ], [ 140.074325863000013, 35.876626892 ], [ 140.031106641, 35.900612306 ], [ 140.018860804000013, 35.910047613 ], [ 139.995202944, 35.909566586 ], [ 139.951899922, 35.935846946 ], [ 139.931655227, 35.950766694 ], [ 139.93403836600001, 35.968375306 ], [ 139.923662244000013, 35.97044364 ], [ 139.884163645, 35.988828081 ], [ 139.878244527, 36.007604973 ], [ 139.857083695999989, 36.029426613 ], [ 139.820170311, 36.05717936 ], [ 139.80378535700001, 36.086855135 ], [ 139.786775668, 36.104099892 ], [ 139.776217224, 36.090767414 ], [ 139.765761024999989, 36.080427748 ], [ 139.731767327999989, 36.086517775 ], [ 139.727060505999987, 36.107539441 ], [ 139.710133917, 36.135944694 ], [ 139.703030895000012, 36.145101081 ], [ 139.690887912, 36.175255252 ], [ 139.687943839000013, 36.199681333 ], [ 139.688846887000011, 36.202073 ], [ 139.707494475, 36.210835748 ], [ 139.727486719000012, 36.201580721 ], [ 139.785699805, 36.227797306 ], [ 139.821609196, 36.239702838 ], [ 139.841733333, 36.277330306 ], [ 139.83521083, 36.291802802 ], [ 139.84995269800001, 36.311789468 ], [ 139.896642412, 36.309754387 ], [ 139.903009078999986, 36.298642441 ], [ 139.910754449, 36.301201333 ], [ 139.913026835000011, 36.33498436 ], [ 139.946167393, 36.349187054 ], [ 139.964501414000011, 36.350941748 ], [ 139.973896057, 36.378485054 ], [ 140.002241751000014, 36.36801836 ], [ 140.000431776999989, 36.376632532 ], [ 140.041467302, 36.375228559 ], [ 140.063612192, 36.382057667 ], [ 140.066503722, 36.403813468 ], [ 140.111221167, 36.398055306 ], [ 140.109584553, 36.407301414 ], [ 140.144261479, 36.414044667 ], [ 140.156197004, 36.398153559 ], [ 140.185157471, 36.398337667 ], [ 140.203261089, 36.420743171 ], [ 140.202044747, 36.432811468 ], [ 140.202876550000013, 36.454437279 ], [ 140.229458145, 36.502081333 ], [ 140.249210557999987, 36.507941559 ], [ 140.254550947000013, 36.522404559 ], [ 140.251539754, 36.554580054 ], [ 140.243781971, 36.562819775 ], [ 140.248391777, 36.610937198 ], [ 140.234695668, 36.623850838 ], [ 140.240930311, 36.650922802 ], [ 140.221565837000014, 36.674286225 ], [ 140.234248301, 36.700486775 ], [ 140.26781856, 36.702270559 ], [ 140.292162387, 36.712661333 ], [ 140.283336329, 36.734138613 ], [ 140.262206278, 36.748283667 ], [ 140.253814721, 36.783655054 ], [ 140.267037977, 36.799521694 ], [ 140.265739000999986, 36.828803333 ], [ 140.251536005, 36.852457 ], [ 140.256714838, 36.873099505 ], [ 140.248718145, 36.908859559 ], [ 140.252419753999988, 36.928693198 ], [ 140.264256524, 36.933315387 ], [ 140.283573891, 36.935245027 ], [ 140.303000336999986, 36.926884586 ], [ 140.321856667, 36.907783054 ], [ 140.324045746, 36.893338027 ], [ 140.365211829, 36.884324946 ], [ 140.377206083, 36.837924694 ], [ 140.413497834, 36.832120586 ], [ 140.43831297, 36.821560441 ], [ 140.46372489, 36.791602306 ], [ 140.478620363, 36.796941667 ], [ 140.488921245, 36.818712694 ], [ 140.516680856, 36.826556468 ], [ 140.528199805000014, 36.843641387 ], [ 140.537966161000014, 36.858772946 ], [ 140.567468716, 36.863200919 ], [ 140.591875421999987, 36.872916865 ], [ 140.58077358, 36.904407721 ], [ 140.565270246000011, 36.912562171 ], [ 140.568147302, 36.937369559 ], [ 140.586113022, 36.945284279 ], [ 140.614703891, 36.904506135 ], [ 140.695036523999988, 36.888787919 ], [ 140.71413917000001, 36.872828279 ], [ 140.740502412000012, 36.875564387 ], [ 140.767869001, 36.861591505 ], [ 140.793392257, 36.859206595 ], [ 140.796950415, 36.826506775 ], [ 140.786133995, 36.82947036 ], [ 140.768486615, 36.818328973 ], [ 140.733149261, 36.74865582 ], [ 140.729182672, 36.720360081 ], [ 140.716405576999989, 36.692723847 ], [ 140.714993528, 36.66475236 ], [ 140.692035525, 36.640672838 ], [ 140.680207639, 36.614987586 ], [ 140.652843281, 36.572941135 ], [ 140.638716523999989, 36.538459532 ], [ 140.622387549, 36.483600856 ], [ 140.613909261, 36.481646117 ], [ 140.610802503, 36.442969559 ], [ 140.627203256, 36.431197586 ], [ 140.610117328, 36.427242252 ], [ 140.609694838, 36.405178865 ], [ 140.625841802999986, 36.382103532 ], [ 140.621075473, 36.359634135 ], [ 140.596588612, 36.341698135 ], [ 140.594321997, 36.336307883 ], [ 140.593853139, 36.32154682 ], [ 140.55847793800001, 36.285280739 ], [ 140.55955476, 36.25578464 ], [ 140.563331907, 36.221128468 ], [ 140.574440829999986, 36.175134288 ], [ 140.592774708, 36.122557405 ], [ 140.611255707, 36.082151865 ], [ 140.666871699000012, 35.977847468 ], [ 140.684896641, 35.964434027 ], [ 140.697866393999988, 35.934982099 ], [ 140.69759061, 35.93486864 ], [ 140.694054669, 35.933405495 ], [ 140.676889948, 35.919127892 ], [ 140.655791154000013, 35.929231117 ], [ 140.653527769, 35.928309613 ], [ 140.673468664000012, 35.912463721 ], [ 140.674656719000012, 35.896997775 ], [ 140.691034643, 35.883126919 ], [ 140.677530272000013, 35.912276414 ], [ 140.710229948, 35.926879225 ], [ 140.711312217999989, 35.940544081 ], [ 140.711550117, 35.940642505 ], [ 140.710400661, 35.926743 ], [ 140.707878223, 35.921359225 ], [ 140.7425038, 35.873233252 ], [ 140.740565032, 35.869669306 ], [ 140.779811777, 35.816175171 ], [ 140.825319662999988, 35.760482586 ], [ 140.842787302, 35.746488306 ], [ 140.851974383999988, 35.744667072 ], [ 140.815351529999987, 35.741514505 ], [ 140.741666667, 35.785148721 ], [ 140.720702166, 35.813472613 ], [ 140.706575746, 35.836255414 ], [ 140.686836394000011, 35.847763838 ], [ 140.647833475999988, 35.855712505 ], [ 140.630686161, 35.859124198 ], [ 140.598861284, 35.903165802 ], [ 140.563160506, 35.928132225 ], [ 140.537351245, 35.938720333 ], [ 140.511244643, 35.958735414 ], [ 140.484540337, 35.909653171 ], [ 140.458438171000012, 35.926540225 ], [ 140.434802633, 35.911753748 ], [ 140.378961479, 35.903129838 ], [ 140.375885331, 35.902367892 ], [ 140.363715811, 35.899385667 ], [ 140.323052776, 35.866059306 ], [ 140.289363165, 35.871425946 ], [ 140.265689079, 35.869305667 ], [ 140.243617419, 35.855399838 ], [ 140.213645772, 35.862005081 ], [ 140.167779468, 35.845457027 ], [ 140.146469663, 35.845718135 ] ], [ [ 139.995465746, 36.132055775 ], [ 139.996648249, 36.132332694 ], [ 139.995196031, 36.133005775 ], [ 139.995465746, 36.132055775 ] ], [ [ 139.842613865, 36.095649135 ], [ 139.843378301, 36.095607748 ], [ 139.842882476999989, 36.097029973 ], [ 139.842613865, 36.095649135 ] ], [ [ 139.843704384, 36.088275838 ], [ 139.839918833000013, 36.08964 ], [ 139.84043852100001, 36.08708336 ], [ 139.843704384, 36.088275838 ] ], [ [ 139.835270856, 36.112553027 ], [ 139.837670855999988, 36.113002468 ], [ 139.836252529, 36.114296919 ], [ 139.835270856, 36.112553027 ] ], [ [ 139.837564085999986, 36.090132252 ], [ 139.839324694999988, 36.096601667 ], [ 139.83586994800001, 36.094269468 ], [ 139.837564085999986, 36.090132252 ] ], [ [ 140.175354864000013, 35.944491135 ], [ 140.172217108000012, 35.946634198 ], [ 140.172837367, 35.944413919 ], [ 140.175354864000013, 35.944491135 ] ] ] } },
{ "type": "Feature", "properties": { "N03_001": "長崎県" }, "geometry": { "type": "MultiPolygon", "coordinates": [ [ [ [ 128.622454449, 32.637608613 ], [ 128.616707497, 32.656857775 ], [ 128.634553061, 32.679873892 ], [ 128.639729442, 32.663438333 ], [ 128.622454449, 32.637608613 ] ] ], [ [ [ 128.84820166, 32.752964721 ], [ 128.839544163, 32.724756667 ], [ 128.843702724, 32.705510946 ], [ 128.853423891, 32.689776108 ], [ 128.886191167, 32.664552973 ], [ 128.893093087000011, 32.640903333 ], [ 128.870721245, 32.643695946 ], [ 128.818454994, 32.636821108 ], [ 128.811500117, 32.653507135 ], [ 128.803788327, 32.654693333 ], [ 128.770102581, 32.644750414 ], [ 128.762936913, 32.618244694 ], [ 128.792080258999988, 32.603206622 ], [ 128.772886938999989, 32.574462495 ], [ 128.752904994, 32.579457775 ], [ 128.75156917000001, 32.590779162 ], [ 128.735539442, 32.607423613 ], [ 128.697786394, 32.604297243 ], [ 128.668546939, 32.608262495 ], [ 128.665283333, 32.608245559 ], [ 128.636466109, 32.596218892 ], [ 128.630978054, 32.604873333 ], [ 128.624171946, 32.608752225 ], [ 128.598245837, 32.612642775 ], [ 128.608415551, 32.627138333 ], [ 128.609248054, 32.628694441 ], [ 128.611146667000014, 32.640963333 ], [ 128.63903607, 32.609384198 ], [ 128.655819442, 32.612795 ], [ 128.66186, 32.631084441 ], [ 128.637045279, 32.624516667 ], [ 128.667168054, 32.645079162 ], [ 128.663258054000011, 32.663427225 ], [ 128.675386667, 32.672884441 ], [ 128.661221751, 32.671601559 ], [ 128.652230272, 32.703109441 ], [ 128.66188917, 32.708324721 ], [ 128.647677224, 32.718771946 ], [ 128.652086381, 32.746518153 ], [ 128.646191945999988, 32.764170829 ], [ 128.657200558, 32.780498613 ], [ 128.673847224000014, 32.780831387 ], [ 128.688285551, 32.768022775 ], [ 128.69386297, 32.739987387 ], [ 128.732046939000014, 32.755133613 ], [ 128.724896328999989, 32.747012423 ], [ 128.738236809, 32.743139865 ], [ 128.753379468, 32.758749468 ], [ 128.758767004, 32.76864236 ], [ 128.773661946, 32.734303919 ], [ 128.777976667, 32.739139162 ], [ 128.775123606, 32.750432495 ], [ 128.794634241000011, 32.763795027 ], [ 128.780992776, 32.764020559 ], [ 128.80775778200001, 32.790850279 ], [ 128.80407166, 32.776712775 ], [ 128.826197341000011, 32.76029391 ], [ 128.807234864, 32.757673216 ], [ 128.804541115, 32.752051387 ], [ 128.824837601000013, 32.742053279 ], [ 128.84820166, 32.752964721 ] ] ], [ [ [ 128.600520558, 32.711895559 ], [ 128.59151472100001, 32.715858892 ], [ 128.600927224, 32.739538613 ], [ 128.600520558, 32.711895559 ] ] ], [ [ [ 128.990219728, 32.755318054 ], [ 128.979216939, 32.760459721 ], [ 128.992294163, 32.791436108 ], [ 129.002456109, 32.767812225 ], [ 128.990219728, 32.755318054 ] ] ], [ [ [ 128.838798327, 32.830854054 ], [ 128.855518612, 32.830590559 ], [ 128.876288327, 32.797668054 ], [ 128.878430830000013, 32.817848892 ], [ 128.86409389100001, 32.839977775 ], [ 128.900643061000011, 32.821648892 ], [ 128.904273333, 32.796266387 ], [ 128.892864721, 32.784416946 ], [ 128.87736416300001, 32.764770829 ], [ 128.839453891, 32.777721946 ], [ 128.839985279, 32.813319441 ], [ 128.838798327, 32.830854054 ] ] ], [ [ [ 128.918716109, 32.843163892 ], [ 128.888095551, 32.865589721 ], [ 128.895000558, 32.878382225 ], [ 128.916311388, 32.870134721 ], [ 128.932476498, 32.838848613 ], [ 128.931112335, 32.861461541 ], [ 128.942777549, 32.849576315 ], [ 128.94918194600001, 32.872672495 ], [ 128.958371387999989, 32.869047775 ], [ 128.954234449000012, 32.833861946 ], [ 128.945026939, 32.832615829 ], [ 128.951592776000012, 32.814793892 ], [ 128.94170358, 32.803256838 ], [ 128.93886214, 32.820297541 ], [ 128.918716109, 32.843163892 ] ] ], [ [ [ 128.995042438000013, 32.869205054 ], [ 128.984036108999987, 32.863963054 ], [ 128.96139555100001, 32.903533892 ], [ 128.996837497, 32.89523 ], [ 128.980581946, 32.906956108 ], [ 128.986844994, 32.920182225 ], [ 129.002105551, 32.91972 ], [ 129.01097, 32.925916387 ], [ 129.033287497, 32.895129441 ], [ 129.025120272, 32.892973973 ], [ 129.028480272, 32.862430559 ], [ 128.995042438000013, 32.869205054 ] ] ], [ [ [ 128.970417497, 32.910811946 ], [ 128.947084163, 32.905771667 ], [ 128.930180557999989, 32.919521387 ], [ 128.970417497, 32.910811946 ] ] ], [ [ [ 129.13167808, 32.99067736 ], [ 129.144381114999987, 33.002811108 ], [ 129.174376693, 32.996863559 ], [ 129.182116394, 32.971333892 ], [ 129.173353061, 32.971085829 ], [ 129.172544163, 32.970809441 ], [ 129.148433476, 32.956040865 ], [ 129.141976394000011, 32.938334162 ], [ 129.130879728, 32.944986667 ], [ 129.118974163, 32.937841946 ], [ 129.102260363, 32.962211198 ], [ 129.10128769100001, 32.950804414 ], [ 129.111440558, 32.941207495 ], [ 129.086161336, 32.924193892 ], [ 129.095861946000014, 32.919062495 ], [ 129.08462972800001, 32.903953333 ], [ 129.087201115, 32.880280829 ], [ 129.100217496999988, 32.860165559 ], [ 129.066076083000013, 32.862517802 ], [ 129.056923139, 32.847405946 ], [ 129.067923060999988, 32.837484721 ], [ 129.064069728, 32.817226667 ], [ 129.04552166, 32.831637495 ], [ 129.050305837, 32.839339162 ], [ 129.047420609999989, 32.86817482 ], [ 129.040420272, 32.879163613 ], [ 129.058912502999988, 32.881706667 ], [ 129.061456109, 32.903676667 ], [ 129.034029960999987, 32.945238126 ], [ 129.021391388000012, 32.932603054 ], [ 128.997672503, 32.966580559 ], [ 129.02376917, 32.973408333 ], [ 129.03002, 32.960588333 ], [ 129.040186393999988, 32.976582775 ], [ 129.059741466, 32.981040937 ], [ 129.04253083, 33.026481108 ], [ 129.065962776, 33.039861108 ], [ 129.07023428, 33.019287748 ], [ 129.088501608, 33.025575369 ], [ 129.077191115, 33.059226946 ], [ 129.101595837, 33.080046667 ], [ 129.106154994, 33.085271387 ], [ 129.109922218, 33.098656387 ], [ 129.104195551, 33.114204162 ], [ 129.099179170000014, 33.125124441 ], [ 129.110637782, 33.162253333 ], [ 129.103813890999987, 33.122373333 ], [ 129.119424994000013, 33.108634721 ], [ 129.108643333, 33.068017225 ], [ 129.091615279, 33.039196387 ], [ 129.088507445, 32.982594829 ], [ 129.110931089, 32.981913 ], [ 129.13167808, 32.99067736 ] ] ], [ [ [ 129.245444163, 33.020346387 ], [ 129.250755551, 32.997079441 ], [ 129.232257782, 33.000777225 ], [ 129.245444163, 33.020346387 ] ] ], [ [ [ 129.354675279, 33.020582225 ], [ 129.357236938999989, 33.004199162 ], [ 129.34214972800001, 33.015322225 ], [ 129.354675279, 33.020582225 ] ] ], [ [ [ 129.114921114999987, 33.207970559 ], [ 129.122764163, 33.213715829 ], [ 129.13955639400001, 33.193143892 ], [ 129.133903606, 33.187748613 ], [ 129.131184163, 33.180881387 ], [ 129.132731946, 33.158753333 ], [ 129.119593891, 33.179065829 ], [ 129.124654994, 33.188825 ], [ 129.114921114999987, 33.207970559 ] ] ], [ [ [ 129.052592218, 33.219447775 ], [ 129.05569786, 33.210014261 ], [ 129.08015, 33.209943333 ], [ 129.083850829999989, 33.189743054 ], [ 129.04806166, 33.194365559 ], [ 129.035666666999987, 33.202889441 ], [ 129.052592218, 33.219447775 ] ] ], [ [ [ 129.075707107999989, 33.273208081 ], [ 129.097570895, 33.28546964 ], [ 129.121483696000013, 33.289394748 ], [ 129.133020415, 33.298595108 ], [ 129.140032192, 33.278681532 ], [ 129.14976153, 33.269849 ], [ 129.128318586, 33.259341117 ], [ 129.122055136, 33.246198306 ], [ 129.091050467, 33.255185694 ], [ 129.075707107999989, 33.273208081 ] ] ], [ [ [ 129.308796342, 34.30859127 ], [ 129.298777588, 34.286900468 ], [ 129.305156654, 34.276924495 ], [ 129.316571025, 34.294677387 ], [ 129.352595447, 34.279302279 ], [ 129.330620272, 34.275919595 ], [ 129.316864643, 34.261468054 ], [ 129.315306381, 34.242698189 ], [ 129.318153255999988, 34.231497514 ], [ 129.3254231, 34.225836622 ], [ 129.297219805, 34.220275027 ], [ 129.295732477, 34.215662315 ], [ 129.299281258, 34.195347847 ], [ 129.28859524, 34.199751973 ], [ 129.295392283000012, 34.160643315 ], [ 129.284896952, 34.16561609 ], [ 129.281748833, 34.163376892 ], [ 129.285118949, 34.144747964 ], [ 129.273719455, 34.144726225 ], [ 129.278923696, 34.134498432 ], [ 129.238088431, 34.102070505 ], [ 129.235926471999989, 34.11256773 ], [ 129.231245746000013, 34.113457892 ], [ 129.229387458, 34.094718874 ], [ 129.215783061, 34.11218664 ], [ 129.196784514, 34.105813234 ], [ 129.191797652, 34.115161811 ], [ 129.182638495, 34.11801536 ], [ 129.170881025, 34.111501649 ], [ 129.169199792, 34.14627736 ], [ 129.176324201999989, 34.149407739 ], [ 129.181832464, 34.186946748 ], [ 129.179646252, 34.219627658 ], [ 129.191295045, 34.235372396 ], [ 129.185249520000013, 34.24599309 ], [ 129.199191997000014, 34.270170396 ], [ 129.204388196999986, 34.331229784 ], [ 129.229089026999986, 34.315960865 ], [ 129.222299935, 34.290658261 ], [ 129.254364786, 34.306662829 ], [ 129.256693528, 34.292225865 ], [ 129.279920856, 34.306077405 ], [ 129.270491141, 34.323907396 ], [ 129.308796342, 34.30859127 ] ] ], [ [ [ 129.310902698, 34.326169324 ], [ 129.331238781, 34.327069333 ], [ 129.32508394300001, 34.305798477 ], [ 129.310902698, 34.326169324 ] ] ], [ [ [ 129.471169572, 34.625379748 ], [ 129.480520558, 34.619343604 ], [ 129.438962737, 34.617944315 ], [ 129.439314981, 34.611955144 ], [ 129.451973684, 34.605789072 ], [ 129.471276667000012, 34.605909288 ], [ 129.470326368, 34.570326279 ], [ 129.471381816, 34.552792829 ], [ 129.458935888000013, 34.552524838 ], [ 129.460504604, 34.53713582 ], [ 129.445688741999987, 34.530784486 ], [ 129.451609131, 34.523570874 ], [ 129.370817471, 34.453023369 ], [ 129.385066355, 34.429128216 ], [ 129.366223424, 34.434315685 ], [ 129.365619001, 34.418839559 ], [ 129.379427768999989, 34.415877676 ], [ 129.352493501999987, 34.38903036 ], [ 129.374200687000013, 34.389443568 ], [ 129.393886135, 34.361922793 ], [ 129.384541128, 34.343636514 ], [ 129.393826381, 34.33593209 ], [ 129.364328457, 34.338583423 ], [ 129.378129248, 34.32485227 ], [ 129.353918093, 34.295799387 ], [ 129.333199014, 34.318538144 ], [ 129.353459079, 34.318416892 ], [ 129.345394266999989, 34.327684541 ], [ 129.353388586, 34.34505455 ], [ 129.348804863999987, 34.377119802 ], [ 129.322284332, 34.36563164 ], [ 129.314405162000014, 34.340161604 ], [ 129.303078054, 34.341330477 ], [ 129.309123878, 34.38601664 ], [ 129.279201803, 34.367261333 ], [ 129.294109235, 34.351516721 ], [ 129.288053281, 34.339221946 ], [ 129.276070791, 34.354731991 ], [ 129.233569689, 34.353276072 ], [ 129.22814834, 34.363495135 ], [ 129.27702020800001, 34.37415691 ], [ 129.277048781, 34.383420505 ], [ 129.267947951, 34.385477802 ], [ 129.280358404999987, 34.412959396 ], [ 129.270910752, 34.425293883 ], [ 129.278161855, 34.44418218 ], [ 129.290600272, 34.440255243 ], [ 129.30236869, 34.455756568 ], [ 129.27398227, 34.456644144 ], [ 129.293006498000011, 34.486220856 ], [ 129.318327315, 34.537057045 ], [ 129.34284022, 34.532224937 ], [ 129.344513113, 34.533963523 ], [ 129.305290363000012, 34.568387108 ], [ 129.288660104, 34.556224559 ], [ 129.286825875, 34.569131739 ], [ 129.306176368, 34.588949108 ], [ 129.305814916, 34.603931739 ], [ 129.319385785, 34.631419333 ], [ 129.319740246, 34.647200189 ], [ 129.335499546, 34.638132505 ], [ 129.359059844, 34.649089739 ], [ 129.365351971, 34.63849127 ], [ 129.374337211000011, 34.646952901 ], [ 129.39043166, 34.638801559 ], [ 129.396598885, 34.639809667 ], [ 129.383396239, 34.648106559 ], [ 129.410393307, 34.679208333 ], [ 129.419221881, 34.696290784 ], [ 129.431848145, 34.691082333 ], [ 129.447881803, 34.706095351 ], [ 129.452008508, 34.695807405 ], [ 129.465060271999988, 34.695993523 ], [ 129.484064980999989, 34.668188676 ], [ 129.471622387, 34.657218694 ], [ 129.472008885, 34.644023243 ], [ 129.490839611000013, 34.645344667 ], [ 129.471169572, 34.625379748 ] ] ], [ [ [ 129.610664163, 32.916208333 ], [ 129.591603865, 32.934914045 ], [ 129.602196394, 32.940061108 ], [ 129.625765279, 32.927246946 ], [ 129.610664163, 32.916208333 ] ] ], [ [ [ 129.651829287, 32.986891577 ], [ 129.653209428999986, 32.991203135 ], [ 129.652429727999987, 33.012673333 ], [ 129.650053035000013, 33.041848649 ], [ 129.659176135, 33.039682234 ], [ 129.672715577, 33.071619441 ], [ 129.677338053999989, 33.099293333 ], [ 129.729567912, 33.075499387 ], [ 129.73625610900001, 33.064933892 ], [ 129.726977224, 33.047221721 ], [ 129.750326109000014, 33.060097495 ], [ 129.760000558, 33.051906387 ], [ 129.747610272, 33.039064162 ], [ 129.731671647000013, 33.008392468 ], [ 129.739678430999987, 32.987991532 ], [ 129.757939792, 32.994616297 ], [ 129.761875577000012, 33.01623291 ], [ 129.781724994, 33.007586108 ], [ 129.796723061, 33.009154162 ], [ 129.825119441999988, 32.974428613 ], [ 129.81134500600001, 32.969644261 ], [ 129.806946796, 32.961934784 ], [ 129.815040804, 32.926796441 ], [ 129.799201167, 32.920384721 ], [ 129.802371607999987, 32.935339829 ], [ 129.798425058, 32.954500559 ], [ 129.78513791200001, 32.946977784 ], [ 129.783512944, 32.907971559 ], [ 129.788294111999988, 32.902316495 ], [ 129.804649468, 32.894507468 ], [ 129.790258586, 32.884198667 ], [ 129.797099351000014, 32.870969595 ], [ 129.799818171, 32.863736 ], [ 129.81416736700001, 32.864581279 ], [ 129.843827471, 32.842530387 ], [ 129.852563307, 32.841812892 ], [ 129.85249939, 32.860797009 ], [ 129.856018949, 32.848621108 ], [ 129.86584144, 32.844128333 ], [ 129.890341012, 32.871165748 ], [ 129.897121971, 32.879999865 ], [ 129.912697302, 32.866000054 ], [ 129.934001919999986, 32.85753764 ], [ 129.949933256, 32.861266667 ], [ 129.957819611, 32.846688532 ], [ 129.981207445, 32.836711279 ], [ 130.004953995, 32.840473973 ], [ 130.003531608, 32.843915 ], [ 129.962799389999986, 32.875963928 ], [ 129.972467588, 32.885910928 ], [ 129.956463463, 32.90537755 ], [ 129.930205162, 32.926460946 ], [ 129.92832716, 32.968692613 ], [ 129.942082607, 32.974278252 ], [ 129.95078701700001, 32.986322856 ], [ 129.94918370900001, 32.990722928 ], [ 129.945777497, 33.014055694 ], [ 129.924026938999987, 33.033176838 ], [ 129.904286667, 33.039367225 ], [ 129.892898885, 33.056769441 ], [ 129.876836615, 33.06437064 ], [ 129.82231786, 33.049421108 ], [ 129.837543632, 33.059385964 ], [ 129.823153553999987, 33.067763027 ], [ 129.803333243, 33.067818928 ], [ 129.787925006, 33.102863126 ], [ 129.796070117, 33.111163829 ], [ 129.797922607, 33.131539919 ], [ 129.785071335999987, 33.143558387 ], [ 129.767962944, 33.147159054 ], [ 129.730977665000012, 33.132467162 ], [ 129.723756667, 33.164220613 ], [ 129.69891511, 33.160080279 ], [ 129.711401933, 33.115696703 ], [ 129.670670558000012, 33.118403414 ], [ 129.667435914, 33.101216225 ], [ 129.659348716000011, 33.132875414 ], [ 129.678006251999989, 33.126005532 ], [ 129.693044358, 33.137228559 ], [ 129.681484501, 33.162816586 ], [ 129.670648171000011, 33.168532 ], [ 129.663177717, 33.170676054 ], [ 129.650598911, 33.173719054 ], [ 129.656820856, 33.192863333 ], [ 129.649708379, 33.207835171 ], [ 129.637120869, 33.22469536 ], [ 129.628668755, 33.192594892 ], [ 129.621822023, 33.204674054 ], [ 129.569246303999989, 33.219275919 ], [ 129.56905275, 33.263750973 ], [ 129.589077056, 33.27170564 ], [ 129.587969248, 33.290556198 ], [ 129.608319585, 33.314940559 ], [ 129.598488171000014, 33.312090477 ], [ 129.591331427, 33.304055919 ], [ 129.568578846, 33.320685766 ], [ 129.577324903, 33.362823387 ], [ 129.570187224, 33.375684703 ], [ 129.618248327, 33.369675279 ], [ 129.632947497, 33.362211667 ], [ 129.647542114, 33.364969171 ], [ 129.667786407, 33.386525018 ], [ 129.677741492, 33.353057523 ], [ 129.696988170999987, 33.361308234 ], [ 129.705693126, 33.346482577 ], [ 129.722220271999987, 33.350586414 ], [ 129.745447445, 33.367046135 ], [ 129.773559481, 33.355599586 ], [ 129.776535214, 33.371922694 ], [ 129.791613410999986, 33.367415351 ], [ 129.790814345, 33.340399063 ], [ 129.776579442000013, 33.332857225 ], [ 129.758967496999986, 33.290851108 ], [ 129.777798612, 33.270097225 ], [ 129.814085837, 33.236373054 ], [ 129.806896667, 33.211169441 ], [ 129.817147782, 33.184535559 ], [ 129.837800558, 33.173254721 ], [ 129.853484994000013, 33.176338054 ], [ 129.872677782000011, 33.165207775 ], [ 129.905940272, 33.158098054 ], [ 129.938615279, 33.165375 ], [ 129.951285279, 33.109964162 ], [ 129.925236939, 33.105724162 ], [ 129.922356667, 33.090493333 ], [ 129.938833061, 33.074163892 ], [ 129.983288054000013, 33.056799162 ], [ 130.001102218, 33.025694721 ], [ 130.042633061, 33.003916108 ], [ 130.044488612, 33.004108333 ], [ 130.061226939, 32.985851108 ], [ 130.076060558, 32.987560829 ], [ 130.086826939, 32.974895 ], [ 130.150091946, 32.962590559 ], [ 130.20358642, 32.957120387 ], [ 130.201861894, 32.929104306 ], [ 130.16549489, 32.91393736 ], [ 130.155326315999986, 32.893567108 ], [ 130.174241064, 32.870027279 ], [ 130.195236848, 32.84812118 ], [ 130.224660532, 32.860338306 ], [ 130.24379556400001, 32.875558036 ], [ 130.261121984, 32.871521649 ], [ 130.297191153999989, 32.881371126 ], [ 130.319416757, 32.866773225 ], [ 130.340988366, 32.855242126 ], [ 130.358936926000013, 32.814832198 ], [ 130.376765279000011, 32.788484108 ], [ 130.370589235000011, 32.764234595 ], [ 130.372886719, 32.737507622 ], [ 130.345645733, 32.708515459 ], [ 130.348771077, 32.701493162 ], [ 130.357938327, 32.693293162 ], [ 130.348379701999988, 32.67429918 ], [ 130.300497197999988, 32.651345072 ], [ 130.273535953, 32.65408882 ], [ 130.241120869000014, 32.628364856 ], [ 130.232750233, 32.612248865 ], [ 130.197173553999988, 32.60463755 ], [ 130.168108392, 32.591252775 ], [ 130.173998223000012, 32.602848027 ], [ 130.173911737999987, 32.611221387 ], [ 130.16759048, 32.621851559 ], [ 130.129571855, 32.640818973 ], [ 130.128902374, 32.655531387 ], [ 130.132960505999989, 32.681318342 ], [ 130.154496134999988, 32.682940613 ], [ 130.160094955, 32.694069477 ], [ 130.199379986999986, 32.718020081 ], [ 130.210059248, 32.743339811 ], [ 130.1857607, 32.775038532 ], [ 130.179060674, 32.794558324 ], [ 130.144106666999988, 32.796028928 ], [ 130.124904034, 32.787716694 ], [ 130.103020208, 32.793656964 ], [ 130.08362642, 32.794547495 ], [ 130.068312244, 32.787947333 ], [ 130.041018249, 32.767432387 ], [ 130.005051388, 32.757919721 ], [ 129.987720921, 32.759105532 ], [ 129.957369441999987, 32.765022613 ], [ 129.94727511, 32.758892072 ], [ 129.956448508, 32.742126396 ], [ 129.945760467000014, 32.735974081 ], [ 129.943078444, 32.726016495 ], [ 129.913081893999987, 32.712493252 ], [ 129.911473048, 32.702774784 ], [ 129.91574083, 32.698859973 ], [ 129.883691309999989, 32.652426748 ], [ 129.878321479, 32.653718027 ], [ 129.840698780999986, 32.641891766 ], [ 129.835033722, 32.631776829 ], [ 129.832767393000012, 32.618520946 ], [ 129.811373554, 32.598549865 ], [ 129.781580026, 32.583506279 ], [ 129.763596809, 32.583023748 ], [ 129.738923411, 32.572663414 ], [ 129.75226061, 32.591517495 ], [ 129.76718594, 32.594890027 ], [ 129.780038638, 32.603753162 ], [ 129.790570245999987, 32.614696721 ], [ 129.811478806999986, 32.656114468 ], [ 129.81718359300001, 32.654550793 ], [ 129.817978171, 32.665824279 ], [ 129.818201673, 32.683553243 ], [ 129.811233087, 32.687665387 ], [ 129.803303385, 32.67802564 ], [ 129.791423528, 32.692079162 ], [ 129.813187301999989, 32.694332829 ], [ 129.82906374800001, 32.707125126 ], [ 129.828280726, 32.68806636 ], [ 129.845512568, 32.696689225 ], [ 129.852251349, 32.721113568 ], [ 129.870095927, 32.738125324 ], [ 129.865323139, 32.749224595 ], [ 129.845306031, 32.720017333 ], [ 129.839845629, 32.726281063 ], [ 129.819079273999989, 32.719801802 ], [ 129.832065304999986, 32.733814225 ], [ 129.824272009999987, 32.747274369 ], [ 129.804508833, 32.744156775 ], [ 129.81369620000001, 32.759545919 ], [ 129.797105305, 32.760039946 ], [ 129.802592049, 32.775905441 ], [ 129.776592023, 32.798157694 ], [ 129.766545810999986, 32.800077946 ], [ 129.77710847, 32.818975748 ], [ 129.762446732, 32.82345145 ], [ 129.746010311, 32.819651054 ], [ 129.737648003, 32.805989919 ], [ 129.729528197, 32.817802748 ], [ 129.718381167, 32.833429892 ], [ 129.685334383999987, 32.852317279 ], [ 129.678632607, 32.882310279 ], [ 129.668542022999986, 32.895476748 ], [ 129.650926043999988, 32.931804874 ], [ 129.635537873, 32.946684658 ], [ 129.626967224, 32.970124162 ], [ 129.633057237, 32.987501297 ], [ 129.651829287, 32.986891577 ] ] ], [ [ [ 129.583596667, 33.012876108 ], [ 129.556399728, 33.000793892 ], [ 129.568245227, 33.019915721 ], [ 129.561446394, 33.030329162 ], [ 129.584562231, 33.027172036 ], [ 129.583596667, 33.012876108 ] ] ], [ [ [ 129.602214721, 33.052946667 ], [ 129.610864994, 33.061679162 ], [ 129.63448738, 33.050867225 ], [ 129.624866965, 33.033076207 ], [ 129.61293537, 33.034180694 ], [ 129.593804928999987, 33.027366414 ], [ 129.591511115, 33.046254514 ], [ 129.602214721, 33.052946667 ] ] ], [ [ [ 129.543716589000013, 33.151762054 ], [ 129.549952477, 33.13633164 ], [ 129.5069038, 33.138401495 ], [ 129.543716589000013, 33.151762054 ] ] ], [ [ [ 129.531863333, 33.310479721 ], [ 129.504623476, 33.301850541 ], [ 129.493318612, 33.281605829 ], [ 129.504557224, 33.271363054 ], [ 129.472465279, 33.230073613 ], [ 129.422887224, 33.187786108 ], [ 129.397958327, 33.175321387 ], [ 129.360931115, 33.177626387 ], [ 129.356850830000013, 33.20752 ], [ 129.372996109000013, 33.184594721 ], [ 129.398589053, 33.179786748 ], [ 129.406023514999987, 33.197603234 ], [ 129.380416109, 33.20799 ], [ 129.399405279, 33.240011387 ], [ 129.42412, 33.226267775 ], [ 129.426313333, 33.228303883 ], [ 129.427984423, 33.232358694 ], [ 129.427767626, 33.246778162 ], [ 129.404610272000014, 33.270718333 ], [ 129.44308, 33.289098468 ], [ 129.446914384, 33.296987559 ], [ 129.432527497, 33.314385829 ], [ 129.441357224, 33.324256667 ], [ 129.443618327, 33.330513613 ], [ 129.442433891, 33.342278054 ], [ 129.49802, 33.355232225 ], [ 129.501915422, 33.357229946 ], [ 129.507603061, 33.380124721 ], [ 129.521068054000011, 33.377430559 ], [ 129.516536472000013, 33.353951198 ], [ 129.552242425, 33.381269198 ], [ 129.545195396, 33.389266541 ], [ 129.522102217999986, 33.38681 ], [ 129.534850752000011, 33.401724892 ], [ 129.555176939, 33.409048054 ], [ 129.56068237400001, 33.35560809 ], [ 129.545229572000011, 33.34647182 ], [ 129.536775123000012, 33.333063721 ], [ 129.513846328999989, 33.330446108 ], [ 129.531863333, 33.310479721 ] ] ], [ [ [ 129.403676109, 33.363461387 ], [ 129.434480830000012, 33.441564162 ], [ 129.428365357, 33.409318333 ], [ 129.436752750000011, 33.396381162 ], [ 129.43074083, 33.374700054 ], [ 129.435074085999986, 33.354821054 ], [ 129.415073060999987, 33.351003613 ], [ 129.403676109, 33.363461387 ] ] ], [ [ [ 129.532608885, 33.448433054 ], [ 129.543472775999987, 33.442187775 ], [ 129.50486, 33.427795559 ], [ 129.532608885, 33.448433054 ] ] ], [ [ [ 129.723886394, 33.422728613 ], [ 129.742860558, 33.428336387 ], [ 129.754035084, 33.455258225 ], [ 129.75670166, 33.470168054 ], [ 129.768797043, 33.444658261 ], [ 129.789465551, 33.425846946 ], [ 129.763436939, 33.433614162 ], [ 129.757224449, 33.41508 ], [ 129.731257588, 33.406372333 ], [ 129.723886394, 33.422728613 ] ] ], [ [ [ 129.509401387999986, 33.481109162 ], [ 129.555012776000012, 33.509532495 ], [ 129.553853839, 33.489273225 ], [ 129.583523606, 33.495722495 ], [ 129.572735447000014, 33.481458748 ], [ 129.544916667, 33.472001387 ], [ 129.528920195000012, 33.484242027 ], [ 129.509401387999986, 33.481109162 ] ] ], [ [ [ 129.765856835, 33.767297 ], [ 129.772018054, 33.768406829 ], [ 129.778332776000013, 33.773408198 ], [ 129.786801141000012, 33.742627586 ], [ 129.734450804, 33.739303775 ], [ 129.718195642000012, 33.715231306 ], [ 129.693364449, 33.712558865 ], [ 129.697474449, 33.725599586 ], [ 129.677551388000012, 33.729409748 ], [ 129.687122581000011, 33.741387135 ], [ 129.676245811, 33.752385694 ], [ 129.653534086, 33.747184892 ], [ 129.654551725, 33.760682495 ], [ 129.6465, 33.773224946 ], [ 129.681792892, 33.757798027 ], [ 129.682511608, 33.767573162 ], [ 129.674183606000014, 33.775880333 ], [ 129.660126939, 33.775680694 ], [ 129.671167951, 33.799245775 ], [ 129.688170195, 33.807339559 ], [ 129.674876057, 33.825067721 ], [ 129.693918833, 33.851232252 ], [ 129.724314332, 33.85053764 ], [ 129.773080999, 33.842249135 ], [ 129.74863572000001, 33.806670414 ], [ 129.786467951, 33.787560279 ], [ 129.764697367, 33.784638865 ], [ 129.75876795100001, 33.778845532 ], [ 129.765856835, 33.767297 ] ] ], [ [ [ 129.350977484, 34.292902874 ], [ 129.36944965, 34.302655495 ], [ 129.392056329000013, 34.30096073 ], [ 129.35936537, 34.27063827 ], [ 129.350977484, 34.292902874 ] ] ], [ [ [ 129.396876394, 34.359919703 ], [ 129.406332516, 34.335860333 ], [ 129.389043372, 34.340185847 ], [ 129.396876394, 34.359919703 ] ] ], [ [ [ 129.790508145, 32.56546564 ], [ 129.774928833, 32.549394667 ], [ 129.775331607999988, 32.565459027 ], [ 129.790508145, 32.56546564 ] ] ], [ [ [ 129.918327095, 32.903621486 ], [ 129.903993658, 32.929085649 ], [ 129.926771479, 32.907860396 ], [ 129.918327095, 32.903621486 ] ] ], [ [ [ 129.757790506, 33.080482919 ], [ 129.768861414000014, 33.060565694 ], [ 129.742034501, 33.061751613 ], [ 129.742758586, 33.077443694 ], [ 129.731161777000011, 33.103414414 ], [ 129.754198275, 33.100041775 ], [ 129.765747691, 33.143332667 ], [ 129.787842361, 33.138029468 ], [ 129.793626394, 33.110893667 ], [ 129.786504747, 33.104143919 ], [ 129.793366135000014, 33.082648748 ], [ 129.765906199999989, 33.076727279 ], [ 129.763678911, 33.098101333 ], [ 129.757790506, 33.080482919 ] ] ], [ [ [ 129.795985811, 33.412231892 ], [ 129.819727782, 33.410751946 ], [ 129.839841115000013, 33.379242495 ], [ 129.859733060999986, 33.377585829 ], [ 129.82135345, 33.363632748 ], [ 129.808001946, 33.381580829 ], [ 129.812903165, 33.402665333 ], [ 129.795985811, 33.412231892 ] ] ] ] } },
{ "type": "Feature", "properties": { "N03_001": "長野県" }, "geometry": { "type": "Polygon", "coordinates": [ [ [ 137.844929584999988, 35.221007135 ], [ 137.838115668, 35.212466586 ], [ 137.821519364000011, 35.215648532 ], [ 137.800424643000014, 35.205651027 ], [ 137.767719973999988, 35.206894892 ], [ 137.759461725, 35.222117108 ], [ 137.723038859000013, 35.221671 ], [ 137.721894747, 35.230758225 ], [ 137.707713864999988, 35.232017387 ], [ 137.663788716, 35.227834892 ], [ 137.653509805, 35.217549054 ], [ 137.644616692999989, 35.209006559 ], [ 137.615502776, 35.210484333 ], [ 137.578655227000013, 35.198469054 ], [ 137.578725837, 35.219435135 ], [ 137.546110584, 35.251492333 ], [ 137.561984254, 35.289317054 ], [ 137.556536783000013, 35.309185387 ], [ 137.575009585, 35.316975387 ], [ 137.601548197, 35.331038441 ], [ 137.598387198000012, 35.379181775 ], [ 137.575227782000013, 35.400008721 ], [ 137.618430558, 35.391738441 ], [ 137.633689221999987, 35.399035108 ], [ 137.615304812, 35.430839252 ], [ 137.593011193, 35.447106748 ], [ 137.632379974, 35.474156748 ], [ 137.62442968900001, 35.493826748 ], [ 137.631755006, 35.509175613 ], [ 137.60725608300001, 35.533543414 ], [ 137.58093241200001, 35.538931468 ], [ 137.564279053, 35.569008135 ], [ 137.571303527999987, 35.584160919 ], [ 137.537603190999988, 35.584451468 ], [ 137.513808781, 35.608022838 ], [ 137.528149948, 35.635977559 ], [ 137.545447497, 35.651082279 ], [ 137.535373916999987, 35.665805054 ], [ 137.509425330999989, 35.682379198 ], [ 137.486042049, 35.705499441 ], [ 137.487626783, 35.716483865 ], [ 137.465539883, 35.743765505 ], [ 137.46475214, 35.756371613 ], [ 137.440179339, 35.758553252 ], [ 137.423543217, 35.775157387 ], [ 137.399947911999988, 35.775396252 ], [ 137.393842361, 35.797645946 ], [ 137.360285940000011, 35.795968441 ], [ 137.33627869, 35.79882536 ], [ 137.324551751, 35.812020919 ], [ 137.332143943, 35.840680054 ], [ 137.356776744, 35.842732279 ], [ 137.367165058000012, 35.876798081 ], [ 137.380816161000013, 35.892422225 ], [ 137.437614137, 35.905050865 ], [ 137.458648106, 35.889314505 ], [ 137.476169000999988, 35.894017306 ], [ 137.483431284, 35.913788108 ], [ 137.505572244, 35.940620586 ], [ 137.518884254, 35.939733919 ], [ 137.542071894, 35.967571946 ], [ 137.543458029, 35.982870802 ], [ 137.59029594, 36.006541108 ], [ 137.599494060000012, 36.025936081 ], [ 137.598324643000012, 36.043189108 ], [ 137.613723333, 36.059616892 ], [ 137.613950052, 36.076387171 ], [ 137.596814449, 36.075841027 ], [ 137.572348612000013, 36.088592081 ], [ 137.550857523, 36.109875081 ], [ 137.560466887, 36.130471198 ], [ 137.554689494, 36.14001064 ], [ 137.591222477, 36.164117054 ], [ 137.595174617, 36.190349532 ], [ 137.581042724000014, 36.195309802 ], [ 137.572980414999989, 36.218410919 ], [ 137.583025383, 36.220396468 ], [ 137.59635022, 36.242976171 ], [ 137.628797808, 36.278365919 ], [ 137.64782061, 36.289051748 ], [ 137.652421141, 36.321823225 ], [ 137.645607133999988, 36.341260721 ], [ 137.61917345, 36.364209279 ], [ 137.58708655, 36.371964171 ], [ 137.587347198, 36.389800532 ], [ 137.605361167000012, 36.402538333 ], [ 137.6081993, 36.419479694 ], [ 137.633304332, 36.425022306 ], [ 137.645293359, 36.454530333 ], [ 137.655067834, 36.458725919 ], [ 137.650779831, 36.480120279 ], [ 137.666236860999987, 36.493217748 ], [ 137.668745551, 36.509461306 ], [ 137.705469559, 36.517887694 ], [ 137.703657107999987, 36.526684027 ], [ 137.710553280999989, 36.535742054 ], [ 137.684597639, 36.537807333 ], [ 137.693887249999989, 36.569059505 ], [ 137.725106861, 36.586696171 ], [ 137.753097198, 36.593722279 ], [ 137.74677852100001, 36.624555892 ], [ 137.760600506, 36.664585054 ], [ 137.75006428, 36.704979802 ], [ 137.759285642, 36.740610667 ], [ 137.754130636000014, 36.754030414 ], [ 137.762444812000012, 36.766155135 ], [ 137.764846471999988, 36.76769264 ], [ 137.819982633, 36.798221667 ], [ 137.831048689999989, 36.817812973 ], [ 137.856864449, 36.843826198 ], [ 137.87774192, 36.872746559 ], [ 137.861665331000012, 36.890778775 ], [ 137.863470220000011, 36.912894108 ], [ 137.89280861200001, 36.909959694 ], [ 137.919742114, 36.919869721 ], [ 137.962353307, 36.902111081 ], [ 137.969575032, 36.910812748 ], [ 138.013737951, 36.904020721 ], [ 138.031062139999989, 36.891361252 ], [ 138.031623476, 36.878139054 ], [ 138.013687782, 36.860366054 ], [ 138.020229922, 36.842391892 ], [ 138.003461479, 36.826413613 ], [ 138.033797276, 36.808833333 ], [ 138.068168106, 36.803837468 ], [ 138.089164773, 36.835733225 ], [ 138.112394060000014, 36.849494 ], [ 138.16281834, 36.844297225 ], [ 138.195594358, 36.85367236 ], [ 138.216900726, 36.866517108 ], [ 138.253570946999986, 36.869825973 ], [ 138.268356692999987, 36.860457081 ], [ 138.274901634, 36.840854333 ], [ 138.296235253, 36.858252919 ], [ 138.288566939, 36.86844236 ], [ 138.29923808, 36.887120667 ], [ 138.296325693999989, 36.910820081 ], [ 138.317569830999986, 36.925185054 ], [ 138.343204449000012, 36.920796748 ], [ 138.364521699, 36.944276721 ], [ 138.378695551, 36.980437171 ], [ 138.400429053000011, 36.997855694 ], [ 138.431378911, 37.006077279 ], [ 138.455132049000014, 37.019614667 ], [ 138.491723138999987, 37.020459865 ], [ 138.519859144, 37.027825865 ], [ 138.524667808, 37.030377946 ], [ 138.536510973, 37.020926667 ], [ 138.565888859000012, 37.021260559 ], [ 138.586757782, 36.987865135 ], [ 138.582968911, 36.928351892 ], [ 138.596188638, 36.907113667 ], [ 138.621014863999989, 36.904081973 ], [ 138.617812335, 36.89188436 ], [ 138.657356278, 36.868046135 ], [ 138.688450440999986, 36.860627468 ], [ 138.69035345, 36.845658838 ], [ 138.680671997, 36.824160973 ], [ 138.69578808, 36.809056171 ], [ 138.669543696, 36.773660802 ], [ 138.688000117, 36.765847721 ], [ 138.695931634, 36.738512667 ], [ 138.642078392, 36.723782865 ], [ 138.621771115, 36.720213108 ], [ 138.611141025, 36.706576667 ], [ 138.594335226999988, 36.713796081 ], [ 138.543639144, 36.703834532 ], [ 138.514168949, 36.690139414 ], [ 138.534338197000011, 36.666268667 ], [ 138.525113165, 36.651260306 ], [ 138.459056252000011, 36.634838 ], [ 138.454973645, 36.613850838 ], [ 138.441583333000011, 36.610669441 ], [ 138.428835473, 36.597891414 ], [ 138.420334812, 36.573673414 ], [ 138.428840856, 36.556225387 ], [ 138.412388560000011, 36.541486252 ], [ 138.397132023000012, 36.490582171 ], [ 138.400970777999987, 36.434735306 ], [ 138.457158106, 36.420096279 ], [ 138.457715305, 36.411574333 ], [ 138.488957419, 36.400933505 ], [ 138.50679022, 36.413930414 ], [ 138.519883217, 36.406739892 ], [ 138.54061153, 36.402849333 ], [ 138.555007977, 36.417773748 ], [ 138.570938520999988, 36.419564027 ], [ 138.607866355, 36.423187892 ], [ 138.644422776, 36.411439279 ], [ 138.648387471, 36.407467613 ], [ 138.653451803, 36.303043775 ], [ 138.644907056, 36.293532667 ], [ 138.600335525, 36.278399946 ], [ 138.602177639, 36.249500468 ], [ 138.622244527, 36.214585721 ], [ 138.636707003999987, 36.204270414 ], [ 138.62279725, 36.196927919 ], [ 138.637104967999989, 36.174884838 ], [ 138.604839339, 36.16419764 ], [ 138.581330441, 36.177439333 ], [ 138.577274864, 36.168073198 ], [ 138.600767588, 36.135512333 ], [ 138.634091504999986, 36.133970081 ], [ 138.645098145, 36.119632027 ], [ 138.645183061000012, 36.098806748 ], [ 138.630739143999989, 36.091377027 ], [ 138.642815383, 36.068742333 ], [ 138.644171115, 36.049570171 ], [ 138.631487912000011, 36.028278802 ], [ 138.66169642, 36.012014667 ], [ 138.679749442, 36.011614946 ], [ 138.68869538300001, 35.991774667 ], [ 138.712550052000012, 35.985333 ], [ 138.711446861000013, 35.97128164 ], [ 138.739254332, 35.939108054 ], [ 138.729011284, 35.909220613 ], [ 138.707970195, 35.909636441 ], [ 138.685845577, 35.893865613 ], [ 138.676176472, 35.869801414 ], [ 138.660946252, 35.873890027 ], [ 138.621594163, 35.870447532 ], [ 138.60676061, 35.878455865 ], [ 138.612072606999988, 35.909380027 ], [ 138.591150752, 35.919722559 ], [ 138.576666589000013, 35.911443946 ], [ 138.553844112, 35.918993387 ], [ 138.529371855, 35.914548667 ], [ 138.510649363999988, 35.922343946 ], [ 138.49767153, 35.911406171 ], [ 138.489782580999986, 35.896451171 ], [ 138.455388029, 35.899741505 ], [ 138.444418859, 35.917732892 ], [ 138.454333411, 35.938306198 ], [ 138.424193191, 35.958974802 ], [ 138.370460415, 35.97138064 ], [ 138.360346446, 35.957211198 ], [ 138.345046667, 35.941333135 ], [ 138.32632428, 35.903176532 ], [ 138.283640778, 35.859315721 ], [ 138.248603605999989, 35.885924559 ], [ 138.232598560000014, 35.876131775 ], [ 138.22678878100001, 35.857403748 ], [ 138.203410921, 35.823214306 ], [ 138.205692866, 35.815734306 ], [ 138.185174189, 35.791079892 ], [ 138.198320856, 35.781557387 ], [ 138.205327250000011, 35.782585441 ], [ 138.236701946000011, 35.757714892 ], [ 138.229558054, 35.753045171 ], [ 138.180856083, 35.711237694 ], [ 138.193982995999988, 35.695493532 ], [ 138.193302139999986, 35.67226464 ], [ 138.218670661, 35.644549306 ], [ 138.203442088, 35.632180973 ], [ 138.206055357, 35.608396505 ], [ 138.184398975, 35.573091775 ], [ 138.162050363, 35.581294892 ], [ 138.15181036300001, 35.570959865 ], [ 138.146130895, 35.557015414 ], [ 138.159424501, 35.544932333 ], [ 138.138293606, 35.522153973 ], [ 138.14018083, 35.49973336 ], [ 138.164623645, 35.493871694 ], [ 138.156913061000012, 35.459980838 ], [ 138.120472633, 35.454608892 ], [ 138.12152083, 35.428556667 ], [ 138.139825525, 35.42260364 ], [ 138.134879585, 35.407746135 ], [ 138.153130026000014, 35.397235892 ], [ 138.141143671, 35.369492613 ], [ 138.115142580999986, 35.364873946 ], [ 138.087483865, 35.33800036 ], [ 138.055665357, 35.344041667 ], [ 138.026063865, 35.320212279 ], [ 138.01877489, 35.301072027 ], [ 137.992093217, 35.301703973 ], [ 137.96655671900001, 35.282676802 ], [ 137.929252555, 35.275470171 ], [ 137.918613087000011, 35.254373802 ], [ 137.89542594, 35.257988505 ], [ 137.872546135, 35.218880198 ], [ 137.844929584999988, 35.221007135 ] ], [ [ 138.496484384000013, 36.156767414 ], [ 138.488293839, 36.164141865 ], [ 138.488974643, 36.157309919 ], [ 138.496484384000013, 36.156767414 ] ] ] } },
{ "type": "Feature", "properties": { "N03_001": "青森県" }, "geometry": { "type": "Polygon", "coordinates": [ [ [ 140.220168833, 40.431145505 ], [ 140.185467108000012, 40.443305613 ], [ 140.147244086, 40.438126027 ], [ 140.107616031, 40.435896135 ], [ 140.099501219, 40.452956441 ], [ 140.06834583700001, 40.468856532 ], [ 140.036171673000013, 40.461617694 ], [ 140.020171699, 40.448122748 ], [ 140.019519882999987, 40.419881919 ], [ 139.995054501, 40.435046748 ], [ 139.973523969000013, 40.426599613 ], [ 139.959767523000011, 40.434825505 ], [ 139.936309779999988, 40.428203838 ], [ 139.939877562, 40.430472721 ], [ 139.949897523, 40.493771279 ], [ 139.945000973, 40.537883198 ], [ 139.9401762, 40.552695441 ], [ 139.918430506, 40.585794108 ], [ 139.907013554, 40.586397468 ], [ 139.868112996, 40.584906441 ], [ 139.865450169000013, 40.597074532 ], [ 139.86008153, 40.614146559 ], [ 139.911537562, 40.642242586 ], [ 139.928402503, 40.642273946 ], [ 139.979118833, 40.702775135 ], [ 140.000558197, 40.739674946 ], [ 140.025676304, 40.75020427 ], [ 140.039272970000013, 40.763847802 ], [ 140.062056394, 40.767800721 ], [ 140.098782827, 40.745844802 ], [ 140.115994397, 40.74125418 ], [ 140.144384423, 40.75195836 ], [ 140.190104384, 40.781882748 ], [ 140.21961022, 40.779187135 ], [ 140.249933086999988, 40.800467279 ], [ 140.269081479, 40.829582054 ], [ 140.298827951, 40.905814973 ], [ 140.318948962, 40.999812072 ], [ 140.32411160800001, 41.055718505 ], [ 140.318886420000013, 41.093482586 ], [ 140.305868145, 41.106626946 ], [ 140.288391362, 41.119448919 ], [ 140.248710169, 41.124177 ], [ 140.278278807, 41.139209775 ], [ 140.303364968000011, 41.131305865 ], [ 140.311746887, 41.136902775 ], [ 140.321590778, 41.147831108 ], [ 140.32802655, 41.160025559 ], [ 140.335705642, 41.188526171 ], [ 140.33267269800001, 41.231624306 ], [ 140.340643217, 41.239438775 ], [ 140.342896524, 41.247822135 ], [ 140.342183178, 41.248992838 ], [ 140.342871581999987, 41.248999 ], [ 140.339940195, 41.25928936 ], [ 140.371959442, 41.247253946 ], [ 140.432781634, 41.195444613 ], [ 140.448826497999988, 41.188716694 ], [ 140.468041699, 41.181782225 ], [ 140.490986109, 41.186093532 ], [ 140.519445772000012, 41.205352468 ], [ 140.527820169, 41.22146164 ], [ 140.579033204000012, 41.222403468 ], [ 140.594015136, 41.216389054 ], [ 140.643941362, 41.172213973 ], [ 140.633621245, 41.132418081 ], [ 140.631559274000011, 41.09751536 ], [ 140.646751685999988, 41.029315 ], [ 140.660792230999988, 40.948452126 ], [ 140.676928936, 40.889464117 ], [ 140.691914553, 40.860405586 ], [ 140.735473774000013, 40.830036505 ], [ 140.780393800000013, 40.831877865 ], [ 140.801729274, 40.839346919 ], [ 140.822330169, 40.860885694 ], [ 140.860398833, 40.88908464 ], [ 140.858915694, 40.903952811 ], [ 140.870150467, 40.945977667 ], [ 140.838496109, 40.953165279 ], [ 140.862260195, 40.957091919 ], [ 140.859966278, 40.97165364 ], [ 140.87257399500001, 40.981853667 ], [ 140.882236109, 41.008633748 ], [ 140.903157497, 41.007911802 ], [ 140.920428418, 40.993048414 ], [ 140.949217444999988, 40.991881721 ], [ 140.961184694999986, 40.973415559 ], [ 140.984480725999987, 40.959610081 ], [ 140.970747082, 40.936047946 ], [ 140.97854834, 40.933122225 ], [ 141.001678392, 40.935770387 ], [ 141.04243144, 40.914919027 ], [ 141.064245136000011, 40.913336054 ], [ 141.084124955, 40.886198586 ], [ 141.097377834000014, 40.874913802 ], [ 141.131222918, 40.872362694 ], [ 141.148841829, 40.879266973 ], [ 141.189568781, 40.917871721 ], [ 141.220987185000013, 40.971406243 ], [ 141.234138495, 41.008339387 ], [ 141.242785966000014, 41.061696414 ], [ 141.241872335000011, 41.081906721 ], [ 141.254896498, 41.120661613 ], [ 141.272269559, 41.134799613 ], [ 141.276326821999987, 41.150699559 ], [ 141.279059948, 41.158343306 ], [ 141.259689027, 41.205659054 ], [ 141.233836860999986, 41.241367721 ], [ 141.198272022999987, 41.272039892 ], [ 141.171111841999988, 41.279617288 ], [ 141.160036719, 41.278188252 ], [ 141.134496977999987, 41.240005721 ], [ 141.155180143, 41.244973252 ], [ 141.11334978, 41.213352613 ], [ 141.071395188, 41.198228703 ], [ 141.058159585, 41.183439802 ], [ 141.034699494, 41.184995441 ], [ 141.009565629, 41.197516514 ], [ 140.968521284, 41.193934387 ], [ 140.945190999, 41.173857919 ], [ 140.912193904, 41.175111063 ], [ 140.889737419, 41.163487748 ], [ 140.877002931, 41.166891631 ], [ 140.825341284, 41.145375279 ], [ 140.811493165, 41.12765336 ], [ 140.764197665000012, 41.147678946 ], [ 140.768285422, 41.158605919 ], [ 140.769023476, 41.171572333 ], [ 140.764225110000012, 41.195277108 ], [ 140.778938197, 41.207516865 ], [ 140.779414553, 41.209740748 ], [ 140.778284553, 41.210135748 ], [ 140.779449559, 41.210896586 ], [ 140.785547885999989, 41.233486892 ], [ 140.785163139, 41.255746054 ], [ 140.797209754, 41.284701027 ], [ 140.820350947, 41.346139054 ], [ 140.838746887000013, 41.412856973 ], [ 140.866652374000012, 41.436507946 ], [ 140.878885188, 41.453295153 ], [ 140.884950921000012, 41.46711936 ], [ 140.882164526999986, 41.468195198 ], [ 140.898712581000012, 41.477029919 ], [ 140.909568431, 41.503546486 ], [ 140.900489013999987, 41.524392036 ], [ 140.908125227, 41.529956703 ], [ 140.913579339, 41.546502279 ], [ 140.924149637, 41.534605306 ], [ 140.937081608, 41.528957802 ], [ 140.972105435, 41.499953946 ], [ 141.002742283, 41.485528054 ], [ 141.071774332, 41.477990919 ], [ 141.115688080000012, 41.455658694 ], [ 141.127432801999987, 41.442115586 ], [ 141.164656667, 41.414247721 ], [ 141.198959818, 41.382937748 ], [ 141.24657735400001, 41.361155162 ], [ 141.296862944, 41.350451748 ], [ 141.334291829, 41.356240694 ], [ 141.404105058, 41.384154532 ], [ 141.437184137, 41.409544252 ], [ 141.455167782, 41.424160108 ], [ 141.454107082, 41.399315 ], [ 141.404936939, 41.238534973 ], [ 141.388448028999989, 41.153924973 ], [ 141.39584192, 41.132374423 ], [ 141.394616848, 41.129992441 ], [ 141.394374968, 41.099699613 ], [ 141.385560156, 41.021801604 ], [ 141.386841608, 40.94352555 ], [ 141.375892724000011, 40.936680387 ], [ 141.394799754, 40.924197586 ], [ 141.392928184, 40.886623261 ], [ 141.400976667, 40.823468018 ], [ 141.424565473, 40.706804108 ], [ 141.438776796000013, 40.670508018 ], [ 141.462994591000012, 40.603467126 ], [ 141.483517173, 40.561300306 ], [ 141.501295162, 40.555197748 ], [ 141.505276109, 40.540122694 ], [ 141.543660752, 40.527618946 ], [ 141.565696550000013, 40.541534838 ], [ 141.611141505, 40.50629964 ], [ 141.637297665, 40.480625027 ], [ 141.646523839, 40.474701829 ], [ 141.649177834, 40.470209387 ], [ 141.668547808, 40.456538378 ], [ 141.68259083, 40.450255604 ], [ 141.669946589, 40.437244306 ], [ 141.631335914, 40.420253892 ], [ 141.595124449, 40.412133306 ], [ 141.581239883, 40.398426279 ], [ 141.581350052, 40.373837441 ], [ 141.553698884999989, 40.358657667 ], [ 141.539030999, 40.347972613 ], [ 141.515154578, 40.35350164 ], [ 141.480466912999987, 40.37613 ], [ 141.43395313900001, 40.373716694 ], [ 141.42360608300001, 40.36087264 ], [ 141.39309814500001, 40.360685586 ], [ 141.376645642, 40.338925613 ], [ 141.350996641, 40.331072973 ], [ 141.334004617, 40.345601054 ], [ 141.33633808, 40.360196694 ], [ 141.317097782, 40.372656387 ], [ 141.297341777000014, 40.365395802 ], [ 141.292318301, 40.351668252 ], [ 141.262429442000013, 40.349475468 ], [ 141.226316615, 40.327954306 ], [ 141.218656446000011, 40.315323694 ], [ 141.197671803, 40.307698414 ], [ 141.15919358, 40.30478764 ], [ 141.099804864, 40.280177973 ], [ 141.110054501, 40.261051721 ], [ 141.076405863, 40.25263836 ], [ 141.059949805, 40.238308802 ], [ 141.041881776999986, 40.236860198 ], [ 141.025978003, 40.221680946 ], [ 140.980057639, 40.219633505 ], [ 140.955073891000012, 40.247628135 ], [ 140.945710467, 40.258074919 ], [ 140.957582166, 40.282037586 ], [ 140.94397372200001, 40.296259414 ], [ 140.957580830000012, 40.306513333 ], [ 140.957435940000011, 40.324673748 ], [ 140.995432283000014, 40.353365225 ], [ 140.987282166, 40.395034081 ], [ 140.982543139, 40.412035559 ], [ 140.985173280999987, 40.42708036 ], [ 140.941954915999986, 40.430201279 ], [ 140.926774189000014, 40.421106 ], [ 140.892325914, 40.423351586 ], [ 140.861322607, 40.440629306 ], [ 140.880061504999986, 40.510246171 ], [ 140.845020947, 40.507359694 ], [ 140.810628974999986, 40.487129667 ], [ 140.803402827000014, 40.448589613 ], [ 140.788987808, 40.456841081 ], [ 140.762713696, 40.451247252 ], [ 140.752702698, 40.43917364 ], [ 140.734093800000011, 40.439682586 ], [ 140.73356978000001, 40.415802775 ], [ 140.709596108999989, 40.429631252 ], [ 140.687522503, 40.427022946 ], [ 140.675873969, 40.412876 ], [ 140.641037912, 40.405184135 ], [ 140.625569195999987, 40.424098667 ], [ 140.589730506, 40.436112919 ], [ 140.553212724, 40.419984919 ], [ 140.569369247999987, 40.400735973 ], [ 140.559145084, 40.397059333 ], [ 140.532181608, 40.411280225 ], [ 140.527883411, 40.431328865 ], [ 140.508454773000011, 40.428525838 ], [ 140.48119297, 40.44190836 ], [ 140.477647056, 40.453074775 ], [ 140.439704475000013, 40.450407279 ], [ 140.437206030999988, 40.478256 ], [ 140.402237108, 40.474907108 ], [ 140.386963138999988, 40.487056613 ], [ 140.34780847, 40.467547694 ], [ 140.335216083, 40.439383441 ], [ 140.311272476999989, 40.436325108 ], [ 140.298870752, 40.44625236 ], [ 140.25005430600001, 40.442993748 ], [ 140.220168833, 40.431145505 ] ], [ [ 140.413697250000013, 40.934604694 ], [ 140.41380808, 40.935114694 ], [ 140.41152642, 40.936787198 ], [ 140.413697250000013, 40.934604694 ] ], [ [ 141.212715914, 40.725488721 ], [ 141.213180363, 40.724173171 ], [ 141.213628418000013, 40.725501225 ], [ 141.212715914, 40.725488721 ] ] ] } },
{ "type": "Feature", "properties": { "N03_001": "静岡県" }, "geometry": { "type": "Polygon", "coordinates": [ [ [ 137.997906446, 34.661753279 ], [ 137.970170363, 34.665355865 ], [ 137.911932309, 34.666481279 ], [ 137.899539689, 34.667175721 ], [ 137.798635396, 34.646340009 ], [ 137.777489065999987, 34.647557514 ], [ 137.72322952, 34.663042081 ], [ 137.65973655, 34.672249892 ], [ 137.597772257, 34.677966883 ], [ 137.571423995, 34.680206667 ], [ 137.484963891, 34.674105108 ], [ 137.49179, 34.702459721 ], [ 137.474106939, 34.749940559 ], [ 137.47671749700001, 34.774785559 ], [ 137.492942218, 34.786866108 ], [ 137.487013891, 34.811749441 ], [ 137.498877782, 34.8268 ], [ 137.49996834, 34.831288054 ], [ 137.551589442, 34.851864441 ], [ 137.587017224, 34.85004 ], [ 137.597531946, 34.872500829 ], [ 137.61625277600001, 34.875340829 ], [ 137.641251673, 34.893083333 ], [ 137.659506109, 34.944576387 ], [ 137.67549834, 34.945350829 ], [ 137.697306667, 34.971924721 ], [ 137.704260882, 34.969998261 ], [ 137.704919442, 35.014756108 ], [ 137.740276109, 35.056512505 ], [ 137.775674721, 35.077981667 ], [ 137.778268340000011, 35.099623054 ], [ 137.80132389100001, 35.106592505 ], [ 137.793136939, 35.135217505 ], [ 137.80586167300001, 35.131124441 ], [ 137.825471946, 35.168200279 ], [ 137.80319972800001, 35.183118054 ], [ 137.838115668, 35.212466586 ], [ 137.844929584999988, 35.221007135 ], [ 137.872546135, 35.218880198 ], [ 137.89542594, 35.257988505 ], [ 137.918613087000011, 35.254373802 ], [ 137.929252555, 35.275470171 ], [ 137.96655671900001, 35.282676802 ], [ 137.992093217, 35.301703973 ], [ 138.01877489, 35.301072027 ], [ 138.026063865, 35.320212279 ], [ 138.055665357, 35.344041667 ], [ 138.087483865, 35.33800036 ], [ 138.115142580999986, 35.364873946 ], [ 138.141143671, 35.369492613 ], [ 138.153130026000014, 35.397235892 ], [ 138.134879585, 35.407746135 ], [ 138.139825525, 35.42260364 ], [ 138.12152083, 35.428556667 ], [ 138.120472633, 35.454608892 ], [ 138.156913061000012, 35.459980838 ], [ 138.164623645, 35.493871694 ], [ 138.14018083, 35.49973336 ], [ 138.138293606, 35.522153973 ], [ 138.159424501, 35.544932333 ], [ 138.146130895, 35.557015414 ], [ 138.15181036300001, 35.570959865 ], [ 138.162050363, 35.581294892 ], [ 138.184398975, 35.573091775 ], [ 138.206055357, 35.608396505 ], [ 138.203442088, 35.632180973 ], [ 138.218670661, 35.644549306 ], [ 138.228367612999989, 35.645956505 ], [ 138.228324527000012, 35.627210387 ], [ 138.244448911, 35.563461748 ], [ 138.259482217999988, 35.552978667 ], [ 138.257348301, 35.530848667 ], [ 138.268976329, 35.514125333 ], [ 138.260248833, 35.505899775 ], [ 138.257880752, 35.476017532 ], [ 138.2443393, 35.45412336 ], [ 138.259443671000014, 35.43108336 ], [ 138.258097717, 35.407394225 ], [ 138.246445693999988, 35.399798667 ], [ 138.232017082, 35.371224838 ], [ 138.251255719999989, 35.363529 ], [ 138.25791655, 35.316471279 ], [ 138.285267198000014, 35.304274865 ], [ 138.296452335, 35.316508135 ], [ 138.335637834000011, 35.326495586 ], [ 138.35783583700001, 35.317914225 ], [ 138.37247869, 35.299410946 ], [ 138.367031855, 35.270188198 ], [ 138.386152283, 35.246243532 ], [ 138.398697108, 35.200269946 ], [ 138.418363191, 35.199334973 ], [ 138.42748038900001, 35.182667198 ], [ 138.477898664, 35.178083586 ], [ 138.491492244, 35.168384441 ], [ 138.522421414, 35.199157775 ], [ 138.533192529, 35.200861667 ], [ 138.532275032, 35.223390838 ], [ 138.514242827, 35.262230802 ], [ 138.521655616, 35.283476081 ], [ 138.512093191, 35.313555252 ], [ 138.5350862, 35.330564721 ], [ 138.528171050999987, 35.379046946 ], [ 138.531827004, 35.409408919 ], [ 138.558919831, 35.434168919 ], [ 138.581888249, 35.445728333 ], [ 138.597231529999988, 35.432818892 ], [ 138.609136031, 35.393176387 ], [ 138.638954942, 35.398282775 ], [ 138.67118297, 35.39283 ], [ 138.680535615999986, 35.357678333 ], [ 138.730781414, 35.362798613 ], [ 138.799451855, 35.37666864 ], [ 138.821435227, 35.374191135 ], [ 138.862401777, 35.390079721 ], [ 138.873463606, 35.381709252 ], [ 138.916402917999989, 35.400613613 ], [ 138.993595357, 35.403469667 ], [ 139.001797055999987, 35.398935198 ], [ 139.010820973, 35.338162946 ], [ 139.018528495, 35.329845721 ], [ 139.004612243999986, 35.289898027 ], [ 138.993186031, 35.284884721 ], [ 138.975471115, 35.263752802 ], [ 138.976074112, 35.235552838 ], [ 138.987744643000013, 35.200824252 ], [ 139.001594137000012, 35.189805333 ], [ 139.013829442, 35.182367838 ], [ 139.02653530500001, 35.175426441 ], [ 139.030427951, 35.149752802 ], [ 139.090098974999989, 35.140185279 ], [ 139.111596666999986, 35.141366937 ], [ 139.109283424000012, 35.130428207 ], [ 139.077070467, 35.098142045 ], [ 139.06942693900001, 35.053377946 ], [ 139.099594021, 35.046260072 ], [ 139.098569014, 35.031432351 ], [ 139.09592153, 35.00706118 ], [ 139.08296821, 35.000442036 ], [ 139.093761427, 34.978198784 ], [ 139.105754137, 34.969874514 ], [ 139.128379805, 34.960032342 ], [ 139.144926083, 34.95600064 ], [ 139.145915486, 34.92964609 ], [ 139.132660091, 34.89546845 ], [ 139.13206083, 34.879726946 ], [ 139.102120558, 34.869343613 ], [ 139.086998885000014, 34.858311108 ], [ 139.082649533, 34.852693694 ], [ 139.075790921, 34.828872189 ], [ 139.078341569, 34.819549297 ], [ 139.058927821, 34.787020775 ], [ 139.027347367, 34.767001414 ], [ 139.025755486, 34.764224658 ], [ 139.006771894, 34.752817739 ], [ 139.004573476, 34.751409532 ], [ 138.997585785000012, 34.742046649 ], [ 138.988829493999987, 34.720873369 ], [ 138.992827004, 34.717823541 ], [ 138.991816887, 34.717855459 ], [ 138.984117223999988, 34.71281282 ], [ 138.977238093000011, 34.704251757 ], [ 138.974877938, 34.698867622 ], [ 138.973862983, 34.694955514 ], [ 138.973976018, 34.676985649 ], [ 138.97836179, 34.653751252 ], [ 138.959062348, 34.660312279 ], [ 138.958971375, 34.676657856 ], [ 138.935708690000013, 34.666598225 ], [ 138.918506213, 34.652788045 ], [ 138.916298872, 34.650008108 ], [ 138.904720402, 34.631009081 ], [ 138.904778392, 34.629245676 ], [ 138.901060467, 34.632072613 ], [ 138.892502322000013, 34.635137586 ], [ 138.839213307, 34.605874748 ], [ 138.773608093, 34.655261495 ], [ 138.789953515, 34.659398937 ], [ 138.791775746000013, 34.663596477 ], [ 138.789669715, 34.669522225 ], [ 138.740699948000014, 34.70031355 ], [ 138.741697042999988, 34.702984541 ], [ 138.747015006, 34.733486946 ], [ 138.754715045000012, 34.732551613 ], [ 138.775658572999987, 34.762569027 ], [ 138.768250999, 34.781744171 ], [ 138.757783061, 34.796627225 ], [ 138.765514981, 34.807427261 ], [ 138.767771556000014, 34.829742243 ], [ 138.761141946, 34.837940279 ], [ 138.77588275, 34.853176991 ], [ 138.774000973, 34.857287667 ], [ 138.768923554, 34.858507622 ], [ 138.767146667, 34.858595414 ], [ 138.766538949, 34.861610973 ], [ 138.756625006, 34.885513198 ], [ 138.789056161, 34.906085865 ], [ 138.78986642000001, 34.909895586 ], [ 138.776024968, 34.939182865 ], [ 138.764300298, 34.972367703 ], [ 138.783533333, 35.024928198 ], [ 138.844341115, 35.014365387 ], [ 138.871142244, 35.021498279 ], [ 138.89164856, 35.017080865 ], [ 138.904894617, 35.046089559 ], [ 138.899514423, 35.050818108 ], [ 138.886036808999989, 35.046180802 ], [ 138.87611214, 35.06596736 ], [ 138.860442309, 35.073729694 ], [ 138.845232672, 35.094543306 ], [ 138.808114773, 35.116178027 ], [ 138.75252144000001, 35.131510153 ], [ 138.698884501, 35.136233505 ], [ 138.68492572, 35.144127892 ], [ 138.697956861, 35.134399559 ], [ 138.638537289, 35.116491459 ], [ 138.601006472, 35.11515536 ], [ 138.559149442, 35.101898892 ], [ 138.534462438, 35.056087 ], [ 138.499783528, 35.035750387 ], [ 138.495696161000012, 35.016762838 ], [ 138.503763865, 34.985737667 ], [ 138.509671777, 34.997251225 ], [ 138.50251978, 35.011517135 ], [ 138.515781141, 35.02089964 ], [ 138.533456550000011, 35.01296464 ], [ 138.526651582, 34.994940919 ], [ 138.507509000999988, 34.977592721 ], [ 138.474572685, 34.961833964 ], [ 138.411051608, 34.940788775 ], [ 138.395281141, 34.928642162 ], [ 138.369438249000012, 34.921737279 ], [ 138.357447562, 34.915044694 ], [ 138.348392776, 34.898548892 ], [ 138.339592192, 34.888851387 ], [ 138.338684643, 34.887400495 ], [ 138.327543606, 34.867264468 ], [ 138.325359389999988, 34.852493829 ], [ 138.337460271999987, 34.828983622 ], [ 138.294263113, 34.767374414 ], [ 138.245870091, 34.740552667 ], [ 138.214635305, 34.709898387 ], [ 138.195395746, 34.664648108 ], [ 138.19301703, 34.647542 ], [ 138.193500777999986, 34.641955414 ], [ 138.206880584, 34.620348234 ], [ 138.233876783, 34.605282694 ], [ 138.227213139000014, 34.595132279 ], [ 138.191865863, 34.600773495 ], [ 138.078252698, 34.642328153 ], [ 137.997906446, 34.661753279 ] ] ] } },
{ "type": "Feature", "properties": { "N03_001": "香川県" }, "geometry": { "type": "MultiPolygon", "coordinates": [ [ [ [ 133.66442583700001, 34.027510559 ], [ 133.63946, 34.025932225 ], [ 133.626877782, 34.037767225 ], [ 133.613310272, 34.032320559 ], [ 133.598495187999987, 34.043630946 ], [ 133.627703191, 34.053179802 ], [ 133.633783021999989, 34.070197829 ], [ 133.638630635999988, 34.127313694 ], [ 133.646006770000014, 34.16435218 ], [ 133.649004254, 34.185646252 ], [ 133.634908935999988, 34.209931063 ], [ 133.608385965999986, 34.230596162 ], [ 133.583073217, 34.243709658 ], [ 133.574524293, 34.258010045 ], [ 133.568573982, 34.265014306 ], [ 133.609036226, 34.252364459 ], [ 133.622904968, 34.23557636 ], [ 133.654959935, 34.233969568 ], [ 133.672933865, 34.246968838 ], [ 133.673991868, 34.22200518 ], [ 133.677314501000012, 34.224644198 ], [ 133.688116900000011, 34.237118856 ], [ 133.708886291, 34.240865441 ], [ 133.735619390000011, 34.261443721 ], [ 133.730861621, 34.271549793 ], [ 133.74676795100001, 34.285369009 ], [ 133.764228366, 34.284390342 ], [ 133.782741971, 34.310655532 ], [ 133.794752827, 34.295760468 ], [ 133.806299831, 34.310632027 ], [ 133.829290531999987, 34.323473802 ], [ 133.827676419999989, 34.326133414 ], [ 133.820937445, 34.337944973 ], [ 133.824349416, 34.352595838 ], [ 133.840540415, 34.360669369 ], [ 133.828918975, 34.342146198 ], [ 133.857884668999986, 34.357427279 ], [ 133.857618106, 34.345804378 ], [ 133.838445940000014, 34.338649081 ], [ 133.834271686, 34.324835631 ], [ 133.857802244, 34.326669613 ], [ 133.89494511, 34.354586946 ], [ 133.893953359, 34.382422054 ], [ 133.920904086, 34.377725 ], [ 133.92760725, 34.389653829 ], [ 133.943782283, 34.375491081 ], [ 133.959185422, 34.377639108 ], [ 133.963612387000012, 34.364970613 ], [ 133.980502918000013, 34.366944892 ], [ 134.001889883, 34.351543694 ], [ 134.037785577, 34.349418865 ], [ 134.085285577, 34.353093 ], [ 134.09416939, 34.384724054 ], [ 134.120574449, 34.359468586 ], [ 134.116431659999989, 34.37231036 ], [ 134.140486135, 34.398829081 ], [ 134.159549610999989, 34.389079225 ], [ 134.164138326999989, 34.375369252 ], [ 134.154688223, 34.338949694 ], [ 134.165722023, 34.326058495 ], [ 134.179835694, 34.325168333 ], [ 134.19231975400001, 34.343870162 ], [ 134.238456887000012, 34.337874441 ], [ 134.250119856999987, 34.351585865 ], [ 134.264046278, 34.320885802 ], [ 134.246409027, 34.307112802 ], [ 134.262357638999987, 34.282831613 ], [ 134.276024306000011, 34.286833721 ], [ 134.28810483800001, 34.275301135 ], [ 134.302024577999987, 34.275754865 ], [ 134.305918249, 34.278492559 ], [ 134.348105694, 34.252159387 ], [ 134.362221634, 34.249939586 ], [ 134.368404422999987, 34.249796586 ], [ 134.390214383999989, 34.254834829 ], [ 134.415196355, 34.219391667 ], [ 134.440206693, 34.207853883 ], [ 134.438890558, 34.190828613 ], [ 134.432814162999989, 34.168053333 ], [ 134.412931945999986, 34.156882775 ], [ 134.40005444900001, 34.167764162 ], [ 134.375658327, 34.171785829 ], [ 134.349842218, 34.185321667 ], [ 134.344193333, 34.172379721 ], [ 134.314446393999987, 34.177217225 ], [ 134.297574449, 34.168677495 ], [ 134.292233061, 34.179142775 ], [ 134.260263606, 34.183557775 ], [ 134.208726394, 34.174725559 ], [ 134.177416394, 34.176185829 ], [ 134.15543917, 34.166747775 ], [ 134.135256938999987, 34.151538333 ], [ 134.139313891, 34.134082225 ], [ 134.12233083000001, 34.118786387 ], [ 134.094484449, 34.114590559 ], [ 134.081642218000013, 34.121280829 ], [ 134.061352218, 34.111030829 ], [ 134.049884994, 34.117415559 ], [ 134.021781659999988, 34.084471667 ], [ 133.999633333, 34.074787495 ], [ 133.976943060999986, 34.075760441 ], [ 133.943887497, 34.094495 ], [ 133.939767224, 34.114893613 ], [ 133.922296109, 34.114411946 ], [ 133.903093606, 34.100070559 ], [ 133.892854721, 34.108196946 ], [ 133.867084449, 34.100152775 ], [ 133.854837497, 34.104164721 ], [ 133.822225279, 34.092188054 ], [ 133.82015, 34.074020279 ], [ 133.80005083, 34.069546108 ], [ 133.777955551, 34.078934162 ], [ 133.740451388, 34.050191946 ], [ 133.723071946, 34.036462775 ], [ 133.721319728, 34.022292495 ], [ 133.679548612, 34.01252 ], [ 133.66442583700001, 34.027510559 ] ] ], [ [ [ 133.65111939, 34.267696468 ], [ 133.632326615000011, 34.268798468 ], [ 133.656217626, 34.281262099 ], [ 133.65111939, 34.267696468 ] ] ], [ [ [ 133.661704449000013, 34.324381108 ], [ 133.680125551, 34.317111387 ], [ 133.670523073999988, 34.307924054 ], [ 133.661704449000013, 34.324381108 ] ] ], [ [ [ 133.621060272, 34.354668054 ], [ 133.631721750999986, 34.33897836 ], [ 133.619956108999986, 34.333542775 ], [ 133.621060272, 34.354668054 ] ] ], [ [ [ 133.730512827000013, 34.370285532 ], [ 133.698849169999988, 34.352014162 ], [ 133.684524695, 34.361246721 ], [ 133.714797497, 34.399767225 ], [ 133.730512827000013, 34.370285532 ] ] ], [ [ [ 133.795379728, 34.388722495 ], [ 133.772583839, 34.377720198 ], [ 133.763207782, 34.368717495 ], [ 133.752768612000011, 34.388471108 ], [ 133.777662776, 34.401003054 ], [ 133.795379728, 34.388722495 ] ] ], [ [ [ 133.665471634, 34.383011135 ], [ 133.658838054, 34.406468613 ], [ 133.675800441, 34.409923865 ], [ 133.665471634, 34.383011135 ] ] ], [ [ [ 134.036237717, 34.381333694 ], [ 134.051353917, 34.408727865 ], [ 134.054173021999986, 34.390428135 ], [ 134.036237717, 34.381333694 ] ] ], [ [ [ 133.983125551, 34.471974441 ], [ 133.999257769, 34.460975441 ], [ 134.001349442, 34.443244441 ], [ 133.976281946, 34.449017225 ], [ 133.966896666999986, 34.466475 ], [ 133.983125551, 34.471974441 ] ] ], [ [ [ 134.19219856, 34.481385532 ], [ 134.171101803, 34.473689135 ], [ 134.151726394, 34.461300279 ], [ 134.142189728, 34.469787775 ], [ 134.157338327, 34.492955279 ], [ 134.19219856, 34.481385532 ] ] ], [ [ [ 134.084829727999988, 34.499859721 ], [ 134.10270083, 34.47909 ], [ 134.081319728000011, 34.459166387 ], [ 134.065562776, 34.470535 ], [ 134.036371659999986, 34.482776667 ], [ 134.057633138999989, 34.487767613 ], [ 134.084829727999988, 34.499859721 ] ] ], [ [ [ 134.349421634, 34.461205532 ], [ 134.335383799999988, 34.447290306 ], [ 134.337794137, 34.432901468 ], [ 134.319631996999988, 34.458011135 ], [ 134.286665032, 34.445779414 ], [ 134.282961608, 34.459120586 ], [ 134.316851803, 34.460070721 ], [ 134.310238352999988, 34.477518658 ], [ 134.296344358, 34.479749468 ], [ 134.267625694, 34.467877892 ], [ 134.26226525300001, 34.448912694 ], [ 134.231074111999988, 34.415595973 ], [ 134.242263722, 34.458562027 ], [ 134.233359857000011, 34.475899802 ], [ 134.22838642, 34.480649748 ], [ 134.199798029, 34.482708775 ], [ 134.182229689, 34.486914802 ], [ 134.158763061, 34.506481387 ], [ 134.170483606, 34.526288333 ], [ 134.178648974999987, 34.517656225 ], [ 134.229946394, 34.526987225 ], [ 134.269642776000012, 34.552925559 ], [ 134.304714448999988, 34.549172775 ], [ 134.33245917, 34.563196387 ], [ 134.346717393, 34.556077495 ], [ 134.344792776, 34.540828892 ], [ 134.360053748000013, 34.529019829 ], [ 134.343253995, 34.489667919 ], [ 134.349421634, 34.461205532 ] ] ], [ [ [ 134.007558053999986, 34.498035829 ], [ 134.02388250300001, 34.506838613 ], [ 134.01977861200001, 34.483600559 ], [ 134.007558053999986, 34.498035829 ] ] ] ] } },
{ "type": "Feature", "properties": { "N03_001": "高知県" }, "geometry": { "type": "MultiPolygon", "coordinates": [ [ [ [ 132.56713083, 32.729685829 ], [ 132.570466394, 32.713755279 ], [ 132.548636109, 32.706518919 ], [ 132.549713333, 32.718332225 ], [ 132.544800272, 32.754944721 ], [ 132.56713083, 32.729685829 ] ] ], [ [ [ 132.743444721, 32.772892495 ], [ 132.720752218, 32.795216946 ], [ 132.718453982, 32.79712273 ], [ 132.710642918, 32.799031784 ], [ 132.654562737, 32.781159072 ], [ 132.649172502999988, 32.777412495 ], [ 132.640393606, 32.769481667 ], [ 132.635638327, 32.789176667 ], [ 132.628590272, 32.800184721 ], [ 132.655793074, 32.805559514 ], [ 132.646941946, 32.811403333 ], [ 132.671495447000012, 32.841672306 ], [ 132.660938314, 32.853593081 ], [ 132.704804163, 32.888131108 ], [ 132.720974721, 32.877579441 ], [ 132.716069818, 32.888394468 ], [ 132.705307069000014, 32.894033054 ], [ 132.716997445, 32.908608604 ], [ 132.710885551, 32.923959441 ], [ 132.696253930000012, 32.928475171 ], [ 132.666817328, 32.918989694 ], [ 132.655532892, 32.925201333 ], [ 132.652473332999989, 32.939153613 ], [ 132.678250558, 32.942963892 ], [ 132.691516394, 32.973571108 ], [ 132.677005279000014, 33.011058054 ], [ 132.677958612, 33.037995279 ], [ 132.657673891, 33.057057495 ], [ 132.669502218, 33.071183054 ], [ 132.663270829999988, 33.109141946 ], [ 132.646636394000012, 33.115565559 ], [ 132.628216109, 33.134756667 ], [ 132.632294994, 33.149244441 ], [ 132.614864993999987, 33.169289441 ], [ 132.637085837, 33.184762495 ], [ 132.66238, 33.154418892 ], [ 132.686888054, 33.134847775 ], [ 132.725812502999986, 33.168276108 ], [ 132.741911115, 33.189743333 ], [ 132.740642503, 33.201283613 ], [ 132.775353061, 33.205821946 ], [ 132.77192166, 33.241063054 ], [ 132.786892503, 33.262240279 ], [ 132.787141946, 33.267038892 ], [ 132.793117224000014, 33.274841387 ], [ 132.859006109, 33.294023054 ], [ 132.898545837, 33.314702775 ], [ 132.901746667, 33.327306387 ], [ 132.890133891, 33.357509162 ], [ 132.86002, 33.368455279 ], [ 132.853047497, 33.388216667 ], [ 132.837030558, 33.399051946 ], [ 132.82491527900001, 33.422934441 ], [ 132.826562218, 33.445604441 ], [ 132.808131115, 33.453855 ], [ 132.820304721000014, 33.472356108 ], [ 132.847534449, 33.479189721 ], [ 132.864528611999987, 33.472339441 ], [ 132.900674449, 33.470351667 ], [ 132.944224163, 33.471948892 ], [ 132.95963805400001, 33.466312225 ], [ 132.989258326999988, 33.473865829 ], [ 133.015364162999987, 33.481005829 ], [ 133.01340083, 33.490582495 ], [ 133.032107782, 33.509039721 ], [ 133.037941945999989, 33.526406387 ], [ 133.06414, 33.542509721 ], [ 133.06230861200001, 33.561450279 ], [ 133.046756667000011, 33.575217495 ], [ 133.057415551, 33.59636 ], [ 133.07962, 33.608699721 ], [ 133.067433061, 33.620766946 ], [ 133.075019728, 33.650618613 ], [ 133.116532503, 33.660146108 ], [ 133.119226938999986, 33.688602495 ], [ 133.145230272, 33.706003892 ], [ 133.139817224000012, 33.715691108 ], [ 133.161209727999989, 33.731525829 ], [ 133.157837224, 33.750295 ], [ 133.183742503, 33.768141667 ], [ 133.192744162999986, 33.793781946 ], [ 133.219844449, 33.780430559 ], [ 133.257180272, 33.793863333 ], [ 133.260772218, 33.811083892 ], [ 133.277357497, 33.830924162 ], [ 133.310275279, 33.81588 ], [ 133.326331388, 33.814763613 ], [ 133.35580027200001, 33.834358054 ], [ 133.391407224, 33.824313892 ], [ 133.400833333, 33.836236946 ], [ 133.455012776, 33.836926946 ], [ 133.486620558, 33.829706667 ], [ 133.507930558, 33.835871946 ], [ 133.526354163, 33.853660829 ], [ 133.540196394, 33.878684441 ], [ 133.557114163, 33.882155559 ], [ 133.583034449, 33.867650279 ], [ 133.596226667, 33.879820829 ], [ 133.627308327, 33.872030829 ], [ 133.64341944200001, 33.883362775 ], [ 133.66074805400001, 33.881809162 ], [ 133.677694994, 33.858539162 ], [ 133.701736109, 33.849791108 ], [ 133.73832027200001, 33.849734162 ], [ 133.747370272000012, 33.836923333 ], [ 133.785197782000012, 33.842260829 ], [ 133.817772776, 33.837321387 ], [ 133.838694994, 33.845166946 ], [ 133.853523061, 33.834601946 ], [ 133.873514449, 33.805922775 ], [ 133.893375279, 33.804936387 ], [ 133.913561945999987, 33.791261108 ], [ 133.94126083, 33.799158054 ], [ 133.951104994, 33.828685829 ], [ 133.987494721, 33.839459721 ], [ 133.99593166, 33.821930279 ], [ 134.032828327, 33.828399721 ], [ 134.033311387999987, 33.809278054 ], [ 134.058788327, 33.776666946 ], [ 134.056095551, 33.751949162 ], [ 134.065037497, 33.719452225 ], [ 134.07010166, 33.711195829 ], [ 134.058056666999988, 33.691033333 ], [ 134.066334993999988, 33.688625 ], [ 134.126263061, 33.695885279 ], [ 134.14855083, 33.685706108 ], [ 134.163845278999986, 33.688123892 ], [ 134.174782218, 33.683991108 ], [ 134.171334449, 33.657685559 ], [ 134.184173333, 33.649023333 ], [ 134.150224994000013, 33.630551667 ], [ 134.156138612, 33.611700559 ], [ 134.175955279, 33.607100559 ], [ 134.195788327, 33.560817495 ], [ 134.21870610900001, 33.567537495 ], [ 134.237913061, 33.552137225 ], [ 134.273745551, 33.560623892 ], [ 134.305862671999989, 33.548435721 ], [ 134.285579429, 33.530975784 ], [ 134.288306109, 33.520741153 ], [ 134.270359442, 33.502845559 ], [ 134.256020830000011, 33.483995559 ], [ 134.252262776, 33.478742225 ], [ 134.240545551, 33.459351667 ], [ 134.235311115, 33.442108613 ], [ 134.223602776, 33.422178613 ], [ 134.211898366000014, 33.400599847 ], [ 134.186901815999988, 33.295525027 ], [ 134.181353969000014, 33.250492135 ], [ 134.172972451, 33.246165099 ], [ 134.164419066, 33.266134009 ], [ 134.153387185000014, 33.282703748 ], [ 134.139416057, 33.295126387 ], [ 134.109823476, 33.305606937 ], [ 134.106809728, 33.318480279 ], [ 134.105491946, 33.322910279 ], [ 134.102480558, 33.327401667 ], [ 134.09945221800001, 33.329726946 ], [ 134.083266394, 33.336735 ], [ 134.061735965999986, 33.362493559 ], [ 134.033767497000014, 33.378411108 ], [ 134.037264137, 33.384031874 ], [ 134.037826394, 33.392506108 ], [ 134.037604721, 33.394298892 ], [ 134.036356109, 33.399726946 ], [ 134.029761971, 33.413508856 ], [ 134.011162802, 33.422406973 ], [ 133.992976109000011, 33.427934532 ], [ 133.973157588, 33.438876135 ], [ 133.955866667, 33.446204721 ], [ 133.941560998999989, 33.479216595 ], [ 133.922546174, 33.491913081 ], [ 133.880643813, 33.502622063 ], [ 133.820060829999989, 33.515299441 ], [ 133.769998885, 33.515771775 ], [ 133.755652516, 33.531794243 ], [ 133.738187794999988, 33.538131315 ], [ 133.681881336, 33.533999865 ], [ 133.601431115, 33.519565468 ], [ 133.563670973, 33.504771306 ], [ 133.571439585, 33.539058712 ], [ 133.552634034, 33.540791613 ], [ 133.546435863, 33.522122054 ], [ 133.549771971000013, 33.513666946 ], [ 133.562995887999989, 33.496509279 ], [ 133.479513035, 33.457934144 ], [ 133.456885383000014, 33.445831198 ], [ 133.442169144, 33.450131162 ], [ 133.432235227, 33.437210775 ], [ 133.397851946, 33.445283333 ], [ 133.405059830999988, 33.432035766 ], [ 133.369851114999989, 33.430480829 ], [ 133.350428612, 33.415860829 ], [ 133.366291064, 33.406750892 ], [ 133.369291659999988, 33.423346387 ], [ 133.38426431900001, 33.411047369 ], [ 133.410145279, 33.429693054 ], [ 133.417245279000014, 33.439518892 ], [ 133.434393217, 33.428207721 ], [ 133.44207891100001, 33.439917333 ], [ 133.45825518800001, 33.427661748 ], [ 133.442885875, 33.419635162 ], [ 133.390493891, 33.406103207 ], [ 133.345941569, 33.40093818 ], [ 133.332404371, 33.390824252 ], [ 133.324465992, 33.379174081 ], [ 133.290016239000011, 33.383133937 ], [ 133.303798651, 33.390464279 ], [ 133.294103904, 33.402737631 ], [ 133.288139973999989, 33.402526964 ], [ 133.295671556, 33.393114703 ], [ 133.262566316, 33.369520198 ], [ 133.259237782000014, 33.366412495 ], [ 133.260293891, 33.346366667 ], [ 133.263826951999988, 33.340569252 ], [ 133.239806939, 33.333128126 ], [ 133.233307588, 33.329690342 ], [ 133.233084981, 33.322865595 ], [ 133.246017328, 33.315557955 ], [ 133.238515279000012, 33.29708 ], [ 133.244447275999988, 33.274480973 ], [ 133.256635550999988, 33.280872225 ], [ 133.247307121, 33.242296207 ], [ 133.256093891, 33.237809721 ], [ 133.250966667, 33.235323892 ], [ 133.239162776, 33.216655559 ], [ 133.233346667, 33.198248333 ], [ 133.219403061, 33.194231667 ], [ 133.214548326999989, 33.191647775 ], [ 133.210534720999988, 33.183691108 ], [ 133.208455719999989, 33.16296564 ], [ 133.19191917, 33.167416387 ], [ 133.191073606, 33.167165829 ], [ 133.183592218, 33.162259441 ], [ 133.17508693900001, 33.154533054 ], [ 133.168874163, 33.148364441 ], [ 133.167426939, 33.145895559 ], [ 133.163996394, 33.135294162 ], [ 133.162019728, 33.134097225 ], [ 133.153251388, 33.122043333 ], [ 133.139949728, 33.097328333 ], [ 133.117837353999988, 33.086219847 ], [ 133.10515428, 33.073065523 ], [ 133.099320156, 33.058126856 ], [ 133.093052075, 33.034158486 ], [ 133.072521115, 33.037472054 ], [ 133.044456109, 33.038896045 ], [ 133.034898249, 33.036391297 ], [ 133.008374073, 33.010860928 ], [ 133.001400272000012, 32.987932775 ], [ 132.999296109, 32.980300667 ], [ 132.994741893999986, 32.948183387 ], [ 132.997880558, 32.922535829 ], [ 133.007145279000014, 32.913320559 ], [ 133.008835551, 32.911954162 ], [ 133.00701917, 32.910390279 ], [ 132.993751038, 32.868346378 ], [ 132.966796069999987, 32.865934604 ], [ 132.950989805, 32.860087 ], [ 132.949176939000012, 32.857684423 ], [ 132.951865344, 32.812959171 ], [ 132.96413725, 32.800275198 ], [ 132.978834734, 32.793898586 ], [ 132.995401167000011, 32.790331829 ], [ 133.010354150000012, 32.767349802 ], [ 133.020224915999989, 32.724485387 ], [ 132.987098184, 32.733642423 ], [ 132.971843645, 32.732748 ], [ 132.971579948, 32.747437297 ], [ 132.963918716, 32.757936829 ], [ 132.969708366, 32.776444135 ], [ 132.95692725, 32.778823279 ], [ 132.94538022, 32.764913766 ], [ 132.943512023000011, 32.783255775 ], [ 132.935238288, 32.786926486 ], [ 132.861636239, 32.790727198 ], [ 132.841065292, 32.781931 ], [ 132.839111232, 32.780844532 ], [ 132.815806355, 32.761994892 ], [ 132.815568054000011, 32.754694721 ], [ 132.786384994, 32.756974441 ], [ 132.772843398, 32.76087427 ], [ 132.766309754, 32.761062261 ], [ 132.757134162999989, 32.753366108 ], [ 132.743444721, 32.772892495 ] ] ] ] } },
{ "type": "Feature", "properties": { "N03_001": "鳥取県" }, "geometry": { "type": "Polygon", "coordinates": [ [ [ 133.354873891000011, 35.100771108 ], [ 133.338222503, 35.106562775 ], [ 133.325516939000011, 35.093469171 ], [ 133.29872, 35.103879441 ], [ 133.288262503, 35.095914171 ], [ 133.290823891, 35.070943892 ], [ 133.269139169999988, 35.057678333 ], [ 133.249577224, 35.079035559 ], [ 133.179533606, 35.067296667 ], [ 133.16125917, 35.074135838 ], [ 133.14201, 35.064747775 ], [ 133.136419442, 35.074259721 ], [ 133.140304163, 35.117283613 ], [ 133.155134721, 35.147377225 ], [ 133.184164163, 35.156903054 ], [ 133.194905279000011, 35.169890279 ], [ 133.180812503, 35.202670279 ], [ 133.152880558, 35.203798054 ], [ 133.151707497, 35.216161108 ], [ 133.181623890999987, 35.23444 ], [ 133.233211114999989, 35.246745559 ], [ 133.258668054, 35.261391667 ], [ 133.275211115, 35.257805559 ], [ 133.310466666999986, 35.268377225 ], [ 133.299511946, 35.292268892 ], [ 133.306906394, 35.303482505 ], [ 133.292564721, 35.318942505 ], [ 133.296046394, 35.349370279 ], [ 133.324433891000012, 35.374278613 ], [ 133.314161946000013, 35.386651387 ], [ 133.320572503, 35.410277505 ], [ 133.30869, 35.430876667 ], [ 133.27202166, 35.446012505 ], [ 133.226852775999987, 35.477163333 ], [ 133.222001946, 35.481401946 ], [ 133.198631946, 35.526015559 ], [ 133.218514163, 35.546309171 ], [ 133.244621153999987, 35.549111964 ], [ 133.270761582, 35.552457054 ], [ 133.244549248, 35.535121559 ], [ 133.260567367, 35.519763613 ], [ 133.262828418, 35.500983333 ], [ 133.293439611, 35.47782136 ], [ 133.321956199999988, 35.466400721 ], [ 133.374054253999986, 35.456292333 ], [ 133.391608016, 35.453822351 ], [ 133.422635914000011, 35.458363865 ], [ 133.429315382999988, 35.469894658 ], [ 133.446390830000013, 35.494193333 ], [ 133.490178054000012, 35.508139721 ], [ 133.497715965999987, 35.515733631 ], [ 133.59054751, 35.531985811 ], [ 133.608164695, 35.522167171 ], [ 133.633187392999986, 35.519436441 ], [ 133.668794279999986, 35.506598865 ], [ 133.717432917999986, 35.504013955 ], [ 133.799873217, 35.50090064 ], [ 133.855594720999989, 35.504513802 ], [ 133.919796978, 35.509284865 ], [ 133.952706109, 35.517138468 ], [ 133.965200493, 35.522837351 ], [ 133.989385524999989, 35.522918279 ], [ 134.008458638, 35.537674721 ], [ 134.023052826999987, 35.519406721 ], [ 134.056975161999986, 35.518929 ], [ 134.169490505999988, 35.533590108 ], [ 134.231167367000012, 35.546462505 ], [ 134.27251664100001, 35.560665198 ], [ 134.277790973, 35.572709378 ], [ 134.287407445000014, 35.573548586 ], [ 134.302157782, 35.589358946 ], [ 134.323940389, 35.590528135 ], [ 134.337055772000014, 35.593370721 ], [ 134.366444331999986, 35.602094802 ], [ 134.371029196, 35.60609736 ], [ 134.369944436, 35.61458473 ], [ 134.371522776, 35.608570279 ], [ 134.408303606, 35.589065 ], [ 134.405073606, 35.570709441 ], [ 134.421498612, 35.562911108 ], [ 134.425600558000014, 35.541881387 ], [ 134.413102503, 35.517599721 ], [ 134.427632218000014, 35.508654721 ], [ 134.434437497, 35.470830559 ], [ 134.440100558000012, 35.442804171 ], [ 134.477353606, 35.429018613 ], [ 134.481433891, 35.410498333 ], [ 134.471384994, 35.380032225 ], [ 134.50286778200001, 35.365961387 ], [ 134.513498327, 35.354093613 ], [ 134.506838885, 35.338521387 ], [ 134.503428327, 35.318507775 ], [ 134.514802218, 35.307672225 ], [ 134.515240557999988, 35.277231946 ], [ 134.483588054, 35.260277775 ], [ 134.476523891, 35.249091667 ], [ 134.435319170000014, 35.229172505 ], [ 134.402814449, 35.241024441 ], [ 134.381382776, 35.248853054 ], [ 134.374671946, 35.237244171 ], [ 134.336553606, 35.219483333 ], [ 134.322697497, 35.202754171 ], [ 134.281334994, 35.196703333 ], [ 134.26047166, 35.210976108 ], [ 134.249758885, 35.200680559 ], [ 134.216520272, 35.189488613 ], [ 134.192850558, 35.188561667 ], [ 134.189936667000012, 35.175865279 ], [ 134.167534448999987, 35.171825838 ], [ 134.153976667, 35.194640838 ], [ 134.164184162999987, 35.227975559 ], [ 134.137475279, 35.239245559 ], [ 134.150578884999987, 35.257956387 ], [ 134.13924, 35.279047225 ], [ 134.122302776, 35.281073892 ], [ 134.086297497, 35.307325559 ], [ 134.070216394, 35.297273613 ], [ 134.030141945999986, 35.305421108 ], [ 133.999468326999988, 35.314650559 ], [ 134.015464163, 35.334947225 ], [ 134.014805837000011, 35.350391387 ], [ 133.969632776, 35.347834441 ], [ 133.945321388, 35.332615559 ], [ 133.931535279, 35.333206108 ], [ 133.92522166, 35.306898892 ], [ 133.908429727999987, 35.307246108 ], [ 133.881377781999987, 35.293945279 ], [ 133.862008612000011, 35.292361108 ], [ 133.865943333, 35.272258892 ], [ 133.843729442000011, 35.253485 ], [ 133.818146109, 35.252634171 ], [ 133.800006939000014, 35.292648892 ], [ 133.783733061, 35.294765279 ], [ 133.762338327, 35.311086667 ], [ 133.69710917, 35.327144441 ], [ 133.677361946, 35.319293333 ], [ 133.649177224, 35.336337505 ], [ 133.622191388, 35.336709441 ], [ 133.596414449, 35.344895559 ], [ 133.57678639400001, 35.314413613 ], [ 133.566637496999988, 35.255589721 ], [ 133.55491, 35.24181 ], [ 133.51722722400001, 35.240737225 ], [ 133.508086939, 35.233030559 ], [ 133.522354721, 35.207934171 ], [ 133.526111115, 35.182885838 ], [ 133.501136108999987, 35.192768333 ], [ 133.466971660000013, 35.175156667 ], [ 133.447556394, 35.171296108 ], [ 133.40743917, 35.185882225 ], [ 133.39463917, 35.177329721 ], [ 133.393361946, 35.169144721 ], [ 133.411825837, 35.121146108 ], [ 133.378787781999989, 35.114666108 ], [ 133.354873891000011, 35.100771108 ] ] ] } },
{ "type": "Feature", "properties": { "N03_001": "鹿児島県" }, "geometry": { "type": "MultiPolygon", "coordinates": [ [ [ [ 128.414390532, 27.049087946 ], [ 128.432756109, 27.068091108 ], [ 128.446669727999989, 27.059923613 ], [ 128.458253332999988, 27.024502495 ], [ 128.443432776, 27.018985279 ], [ 128.417634994, 27.029315279 ], [ 128.395530558, 27.048020279 ], [ 128.414390532, 27.049087946 ] ] ], [ [ [ 128.558863333, 27.395753054 ], [ 128.577653333, 27.401139721 ], [ 128.59431, 27.397153694 ], [ 128.626952218000014, 27.409474441 ], [ 128.679366109, 27.430334162 ], [ 128.69123083, 27.440646387 ], [ 128.713847781999988, 27.433657495 ], [ 128.674268885, 27.411927225 ], [ 128.664941387999988, 27.402936108 ], [ 128.635164721, 27.364858333 ], [ 128.623980558, 27.362201387 ], [ 128.597349442, 27.339273892 ], [ 128.558273606, 27.329107495 ], [ 128.531478885000013, 27.348602225 ], [ 128.520048612000011, 27.373173054 ], [ 128.533124449000013, 27.405242495 ], [ 128.558863333, 27.395753054 ] ] ], [ [ [ 128.920411660000013, 27.674363613 ], [ 128.919798612, 27.688304721 ], [ 128.916564449, 27.696253333 ], [ 128.881623061, 27.721404441 ], [ 128.899738885, 27.736018333 ], [ 128.903158327, 27.753160829 ], [ 128.906360947, 27.760304495 ], [ 128.906175837, 27.765489721 ], [ 128.895436939, 27.783438333 ], [ 128.889238326999987, 27.787109721 ], [ 128.89157192, 27.819422829 ], [ 128.878858885, 27.828071108 ], [ 128.891935253000014, 27.852577054 ], [ 128.889619442, 27.882487775 ], [ 128.908061388, 27.892576667 ], [ 128.926158612, 27.888649162 ], [ 128.969543061, 27.892879162 ], [ 128.975648885, 27.871823333 ], [ 128.958717224, 27.865830829 ], [ 128.956998054, 27.859091667 ], [ 128.9691, 27.858339721 ], [ 128.970797782, 27.815992225 ], [ 128.986017497, 27.804329721 ], [ 128.997292503000011, 27.805674162 ], [ 129.014394449, 27.781654162 ], [ 129.037858054, 27.762390279 ], [ 129.020460143, 27.740814559 ], [ 129.019154643, 27.724423054 ], [ 128.998190558, 27.69578 ], [ 128.98719083, 27.670214162 ], [ 128.969397523, 27.670697495 ], [ 128.936213606, 27.660995829 ], [ 128.920411660000013, 27.674363613 ] ] ], [ [ [ 129.213669728000013, 28.055028054 ], [ 129.230557224, 28.034075279 ], [ 129.256946938999988, 28.029873054 ], [ 129.269401945999988, 28.017318054 ], [ 129.231218612, 28.024418892 ], [ 129.219218885, 28.024566387 ], [ 129.205964163, 28.041741387 ], [ 129.213669728000013, 28.055028054 ] ] ], [ [ [ 129.165514721, 28.021424162 ], [ 129.144018053999986, 28.021962495 ], [ 129.166148885000013, 28.067895829 ], [ 129.165514721, 28.021424162 ] ] ], [ [ [ 129.256768885000014, 28.151623613 ], [ 129.244948327, 28.148672495 ], [ 129.252462775999987, 28.123238333 ], [ 129.261604449, 28.134432495 ], [ 129.274938106, 28.113091135 ], [ 129.287644449, 28.126032495 ], [ 129.294751388, 28.107549162 ], [ 129.302462217999988, 28.122151387 ], [ 129.32214083, 28.101287775 ], [ 129.337266938999988, 28.110288054 ], [ 129.347844721, 28.098343333 ], [ 129.341300558, 28.082242225 ], [ 129.315343606, 28.070235559 ], [ 129.325393411, 28.089702532 ], [ 129.323878054, 28.094438333 ], [ 129.294376394000011, 28.09156 ], [ 129.284926109, 28.081545279 ], [ 129.283548884999988, 28.062781946 ], [ 129.261264449, 28.079043613 ], [ 129.261478612, 28.090712775 ], [ 129.250223891, 28.111260279 ], [ 129.221996394, 28.077814721 ], [ 129.224395550999986, 28.098740279 ], [ 129.215845525, 28.111281387 ], [ 129.21988944200001, 28.138876946 ], [ 129.195408612, 28.154787495 ], [ 129.185104449, 28.173733054 ], [ 129.175662503000012, 28.187662495 ], [ 129.230135279, 28.192014441 ], [ 129.20517166, 28.183426387 ], [ 129.212915837, 28.163375 ], [ 129.245381114999986, 28.151725 ], [ 129.269950271999988, 28.167952225 ], [ 129.274875279000014, 28.151116667 ], [ 129.256768885000014, 28.151623613 ] ] ], [ [ [ 129.350769442, 28.174049162 ], [ 129.337013332999987, 28.167069441 ], [ 129.363416109000013, 28.148818333 ], [ 129.371751388, 28.129726387 ], [ 129.34545083, 28.138554721 ], [ 129.338681946, 28.130768613 ], [ 129.291461115, 28.153436387 ], [ 129.292234228000012, 28.182258108 ], [ 129.26445888500001, 28.193273333 ], [ 129.29524917, 28.219473333 ], [ 129.251834306, 28.227935198 ], [ 129.24188722400001, 28.216765559 ], [ 129.213971388, 28.227233054 ], [ 129.177374163, 28.224227225 ], [ 129.173324994000012, 28.239290559 ], [ 129.134886939000012, 28.255194441 ], [ 129.160157497, 28.255239721 ], [ 129.185892503, 28.262648333 ], [ 129.211979727999989, 28.252696946 ], [ 129.227268054, 28.273571667 ], [ 129.249611115, 28.258147775 ], [ 129.293476328999986, 28.284627667 ], [ 129.248420272, 28.275581946 ], [ 129.213731115, 28.301071108 ], [ 129.234492776, 28.307705279 ], [ 129.257104721, 28.317785 ], [ 129.259041388000014, 28.323415559 ], [ 129.311032776, 28.333437225 ], [ 129.344768054000014, 28.369523613 ], [ 129.358125279, 28.357625559 ], [ 129.366771946, 28.354646946 ], [ 129.387724384, 28.373744162 ], [ 129.39948917000001, 28.355775279 ], [ 129.410814163, 28.362536667 ], [ 129.394843891, 28.385072775 ], [ 129.404957782, 28.382568613 ], [ 129.42888917, 28.388209441 ], [ 129.449987497, 28.382291387 ], [ 129.463794215, 28.413096703 ], [ 129.467909118, 28.402091189 ], [ 129.479263398, 28.400145703 ], [ 129.491570700000011, 28.409607964 ], [ 129.499806834999987, 28.382889495 ], [ 129.507675486000011, 28.399121324 ], [ 129.522915278999989, 28.401761613 ], [ 129.511846265, 28.411769595 ], [ 129.54130111500001, 28.459542225 ], [ 129.558385187999988, 28.447925324 ], [ 129.595176394, 28.474908892 ], [ 129.622215551000011, 28.475571667 ], [ 129.596476394, 28.435735829 ], [ 129.589624214999986, 28.413718964 ], [ 129.601970712999986, 28.41526773 ], [ 129.603044449, 28.431737775 ], [ 129.619629442, 28.439196108 ], [ 129.620274397, 28.418245622 ], [ 129.63223524, 28.414658955 ], [ 129.639695642, 28.416724757 ], [ 129.642036187, 28.420044297 ], [ 129.643423332999987, 28.432429721 ], [ 129.65174511, 28.422196694 ], [ 129.671456667, 28.468271667 ], [ 129.65659, 28.481458613 ], [ 129.648050829999988, 28.503566387 ], [ 129.659772503, 28.501070279 ], [ 129.684413333, 28.528245279 ], [ 129.690262503000014, 28.502785829 ], [ 129.695076252, 28.490585973 ], [ 129.699813333, 28.482126387 ], [ 129.705363606, 28.476373054 ], [ 129.717240557999986, 28.470781946 ], [ 129.714254993999987, 28.442771667 ], [ 129.697280557999989, 28.416943892 ], [ 129.673183891, 28.410664441 ], [ 129.651841388, 28.402331667 ], [ 129.633815331, 28.406182351 ], [ 129.631920052, 28.406861054 ], [ 129.630198444, 28.407312505 ], [ 129.613681050999986, 28.400957586 ], [ 129.584324034, 28.364992189 ], [ 129.570853891000013, 28.345354441 ], [ 129.536174163, 28.330030829 ], [ 129.533714994, 28.327557775 ], [ 129.532740558, 28.324062225 ], [ 129.543890557999987, 28.315870559 ], [ 129.49290917, 28.295785829 ], [ 129.485564721, 28.289146946 ], [ 129.457827497000011, 28.295631946 ], [ 129.448893061, 28.261289721 ], [ 129.433673061, 28.248377775 ], [ 129.407760558, 28.250436387 ], [ 129.408466044, 28.247194919 ], [ 129.444032218, 28.229607775 ], [ 129.469537497, 28.22145 ], [ 129.444364449, 28.198983892 ], [ 129.433254994, 28.19882 ], [ 129.430912218, 28.196106108 ], [ 129.43010166, 28.193450559 ], [ 129.406801660000013, 28.193786667 ], [ 129.399053333000012, 28.157260279 ], [ 129.38347939, 28.164845081 ], [ 129.350769442, 28.174049162 ] ] ], [ [ [ 129.189415837000013, 28.286256108 ], [ 129.184038327, 28.305552495 ], [ 129.212498054, 28.298352495 ], [ 129.221740558, 28.283908333 ], [ 129.189415837000013, 28.286256108 ] ] ], [ [ [ 128.99489917, 28.792198613 ], [ 128.97820333300001, 28.793478613 ], [ 128.994866939, 28.807124721 ], [ 128.99489917, 28.792198613 ] ] ], [ [ [ 129.218591659999987, 29.158574441 ], [ 129.220121115000012, 29.126738613 ], [ 129.186698885, 29.153413613 ], [ 129.218591659999987, 29.158574441 ] ] ], [ [ [ 129.593719442, 29.446296946 ], [ 129.594265279000012, 29.477077225 ], [ 129.609630272, 29.472176108 ], [ 129.620165551000014, 29.450150279 ], [ 129.593719442, 29.446296946 ] ] ], [ [ [ 129.734320272, 29.628153613 ], [ 129.697663606, 29.603128054 ], [ 129.684075279000012, 29.650985829 ], [ 129.721444721000012, 29.670177225 ], [ 129.74300166, 29.669350559 ], [ 129.734320272, 29.628153613 ] ] ], [ [ [ 129.539186939, 29.694499973 ], [ 129.53617464300001, 29.676309829 ], [ 129.526289144, 29.683478586 ], [ 129.539186939, 29.694499973 ] ] ], [ [ [ 129.534879170000011, 29.895146387 ], [ 129.531010272, 29.914474162 ], [ 129.547963333000013, 29.909547495 ], [ 129.55233194600001, 29.89384 ], [ 129.534879170000011, 29.895146387 ] ] ], [ [ [ 129.919316667, 28.291016667 ], [ 129.913424449, 28.312745 ], [ 129.952842322, 28.327352495 ], [ 130.019067224, 28.378571387 ], [ 130.035181946, 28.361629162 ], [ 130.017698884999987, 28.337835 ], [ 130.008157340999986, 28.340397216 ], [ 129.999561115, 28.319189721 ], [ 129.964918781, 28.285920225 ], [ 129.937656393999987, 28.278272775 ], [ 129.919316667, 28.291016667 ] ] ], [ [ [ 129.834094449, 29.860033892 ], [ 129.850099441999987, 29.881538054 ], [ 129.893008054, 29.868242775 ], [ 129.893381115000011, 29.853637495 ], [ 129.915511946, 29.820871387 ], [ 129.893214994, 29.822574162 ], [ 129.860592503, 29.821962225 ], [ 129.853287497, 29.836328333 ], [ 129.834094449, 29.860033892 ] ] ], [ [ [ 129.947212503, 29.959353613 ], [ 129.934457497000011, 29.948955829 ], [ 129.917752775999986, 29.955403054 ], [ 129.906268885, 29.972874441 ], [ 129.922591946000011, 29.989011108 ], [ 129.947212503, 29.959353613 ] ] ], [ [ [ 130.234529442, 30.435015279 ], [ 130.2295, 30.424786387 ], [ 130.209941388, 30.425470559 ], [ 130.19232083, 30.439441946 ], [ 130.19152749700001, 30.463478892 ], [ 130.177555837, 30.455736946 ], [ 130.144455551, 30.490099721 ], [ 130.191013333, 30.471869441 ], [ 130.19997917, 30.482539441 ], [ 130.213317497, 30.472997775 ], [ 130.235186667, 30.470105829 ], [ 130.250469728000013, 30.453753333 ], [ 130.264497224, 30.446811387 ], [ 130.234529442, 30.435015279 ] ] ], [ [ [ 130.313578611999986, 30.780929721 ], [ 130.275966939, 30.780401946 ], [ 130.279342776, 30.793894162 ], [ 130.299647497, 30.806405 ], [ 130.321736109, 30.791895829 ], [ 130.313578611999986, 30.780929721 ] ] ], [ [ [ 130.444186108999986, 30.801310279 ], [ 130.413936939, 30.809906667 ], [ 130.426004449, 30.819558892 ], [ 130.444186108999986, 30.801310279 ] ] ], [ [ [ 129.926074449, 30.813789162 ], [ 129.905235837, 30.839058333 ], [ 129.913477224, 30.838716108 ], [ 129.934926667000013, 30.849460829 ], [ 129.963362217999986, 30.828088333 ], [ 129.926074449, 30.813789162 ] ] ], [ [ [ 130.262178029000012, 31.256151162 ], [ 130.258194721, 31.257992225 ], [ 130.239774721, 31.259341946 ], [ 130.216856667, 31.252102495 ], [ 130.228988612, 31.278338892 ], [ 130.226253061, 31.283115 ], [ 130.200107782, 31.294738054 ], [ 130.220947224000014, 31.298742495 ], [ 130.218528885000012, 31.315750829 ], [ 130.176528612, 31.328430559 ], [ 130.195864721, 31.329526667 ], [ 130.209233606, 31.343038613 ], [ 130.209226667, 31.348170559 ], [ 130.201195551000012, 31.357760559 ], [ 130.152725551, 31.387100279 ], [ 130.142503333, 31.403920829 ], [ 130.133244721000011, 31.413133054 ], [ 130.155641388, 31.432935829 ], [ 130.158054163, 31.439320559 ], [ 130.186680700000011, 31.410320117 ], [ 130.22456939, 31.399233387 ], [ 130.227794254, 31.400126865 ], [ 130.230999442000012, 31.407631667 ], [ 130.271443061000014, 31.426763333 ], [ 130.291863333, 31.453114721 ], [ 130.312987782, 31.490817495 ], [ 130.326472776, 31.525686946 ], [ 130.333696393999986, 31.562788613 ], [ 130.334320272000014, 31.599473613 ], [ 130.327580829999988, 31.634410279 ], [ 130.315606213, 31.658594495 ], [ 130.310850856, 31.661342027 ], [ 130.297602672000011, 31.665333162 ], [ 130.291518806999989, 31.684618135 ], [ 130.27559144, 31.705075198 ], [ 130.248439274, 31.731272559 ], [ 130.213060272, 31.75559 ], [ 130.208554578, 31.756205495 ], [ 130.188886355, 31.757044559 ], [ 130.184475837, 31.772001667 ], [ 130.180200623, 31.778819748 ], [ 130.173186083, 31.800969613 ], [ 130.196890389, 31.859067306 ], [ 130.214790026, 31.881291586 ], [ 130.221252166, 31.895626198 ], [ 130.224239883, 31.910720414 ], [ 130.22003216600001, 31.928554757 ], [ 130.219714837999987, 31.932760414 ], [ 130.215984942, 31.952812919 ], [ 130.212793307, 31.962791027 ], [ 130.20910655, 31.971939721 ], [ 130.202779728, 31.983335919 ], [ 130.178949079, 32.000962865 ], [ 130.193003904, 32.016023838 ], [ 130.207558054, 32.058258586 ], [ 130.192093333, 32.082976667 ], [ 130.173783891, 32.076431946 ], [ 130.175918301, 32.105903495 ], [ 130.211330272, 32.125153054 ], [ 130.233308677, 32.128188631 ], [ 130.251142633, 32.128340279 ], [ 130.286739831, 32.109282613 ], [ 130.309387134, 32.108172748 ], [ 130.336991051000012, 32.124919865 ], [ 130.363273878, 32.152202685 ], [ 130.360790649, 32.168609748 ], [ 130.386659364, 32.147389595 ], [ 130.402670739, 32.120203486 ], [ 130.453734825, 32.112904604 ], [ 130.475793165, 32.12237709 ], [ 130.476901777, 32.13898764 ], [ 130.539281453, 32.137303712 ], [ 130.541864786, 32.149421739 ], [ 130.582677808, 32.154913649 ], [ 130.596735292, 32.175921081 ], [ 130.591720856, 32.185957712 ], [ 130.61046668, 32.186662694 ], [ 130.622696122, 32.156058315 ], [ 130.65164393, 32.151265468 ], [ 130.655009481, 32.135681081 ], [ 130.699072815, 32.10699918 ], [ 130.720601712, 32.100799216 ], [ 130.703559727999988, 32.077182775 ], [ 130.703376939, 32.058545279 ], [ 130.735554721, 32.048200829 ], [ 130.776872503, 32.016476946 ], [ 130.784194721, 31.979070559 ], [ 130.794506109, 31.973298333 ], [ 130.799539442, 31.950197775 ], [ 130.816448054, 31.941244721 ], [ 130.841710830000011, 31.942673613 ], [ 130.861370271999988, 31.933940559 ], [ 130.882284994, 31.921217775 ], [ 130.900828612, 31.885754721 ], [ 130.913839442000011, 31.885979441 ], [ 130.914013891, 31.885766946 ], [ 130.89457027200001, 31.877966387 ], [ 130.88921917, 31.851733892 ], [ 130.876220272000012, 31.844188054 ], [ 130.876902218, 31.815727775 ], [ 130.884541946000013, 31.805426946 ], [ 130.91456083, 31.804867225 ], [ 130.929544163, 31.786358054 ], [ 130.986984994000011, 31.780147775 ], [ 130.978516667, 31.751568333 ], [ 131.016396394, 31.747758613 ], [ 131.013056667, 31.713127495 ], [ 131.028605551, 31.697476667 ], [ 131.025595278999987, 31.666897775 ], [ 131.046066667, 31.652456946 ], [ 131.054258885, 31.633493054 ], [ 131.079268716, 31.660214198 ], [ 131.127809727999988, 31.626480279 ], [ 131.169916394000012, 31.633497225 ], [ 131.189402503, 31.622236946 ], [ 131.185246393999989, 31.610137775 ], [ 131.205447497, 31.579949441 ], [ 131.19542, 31.552304721 ], [ 131.201492503, 31.531122495 ], [ 131.196849442, 31.511581946 ], [ 131.172084163, 31.502045279 ], [ 131.160325422, 31.461896333 ], [ 131.15313489, 31.467527027 ], [ 131.124236329000013, 31.473346892 ], [ 131.103802724, 31.470511027 ], [ 131.060420881999988, 31.446156757 ], [ 131.020432542, 31.394986532 ], [ 131.016427056, 31.358915027 ], [ 131.018181997, 31.356755432 ], [ 131.02099048, 31.355268369 ], [ 131.062194162999987, 31.341391667 ], [ 131.104651427, 31.333681541 ], [ 131.10284869, 31.319326991 ], [ 131.103549442, 31.310999721 ], [ 131.073659442, 31.291926306 ], [ 131.076168975, 31.279812 ], [ 131.107196394, 31.275645279 ], [ 131.130098885, 31.279754721 ], [ 131.084847497, 31.248134721 ], [ 131.076906939, 31.242262495 ], [ 131.065253891, 31.227378613 ], [ 131.017074488, 31.228297649 ], [ 130.998652776, 31.188042495 ], [ 130.986072218, 31.181195829 ], [ 130.971672503, 31.160147775 ], [ 130.978274163, 31.150585 ], [ 130.962712218, 31.138371108 ], [ 130.921398612, 31.125119162 ], [ 130.901132776, 31.113153054 ], [ 130.877288885000013, 31.098825279 ], [ 130.83372, 31.093408333 ], [ 130.792818612, 31.082214441 ], [ 130.783695551, 31.071638892 ], [ 130.716407613, 31.044451865 ], [ 130.707506939000012, 31.03139 ], [ 130.683847224, 31.025113054 ], [ 130.682861946, 31.003871387 ], [ 130.668383891, 31.008465 ], [ 130.679175550999986, 31.042294721 ], [ 130.678127224, 31.061576946 ], [ 130.674341115, 31.065667225 ], [ 130.657631388, 31.073821387 ], [ 130.722648054, 31.114757775 ], [ 130.74885, 31.140786946 ], [ 130.765627497, 31.177835829 ], [ 130.762195292, 31.19324573 ], [ 130.753206667, 31.203214162 ], [ 130.767679702, 31.225310838 ], [ 130.767819300000014, 31.225285162 ], [ 130.768529144000013, 31.226027135 ], [ 130.78657671900001, 31.247394468 ], [ 130.793031348999989, 31.295712505 ], [ 130.790363437, 31.305444937 ], [ 130.802783385, 31.336974595 ], [ 130.76640856, 31.405354505 ], [ 130.760260065000011, 31.414046649 ], [ 130.729442503, 31.452 ], [ 130.698512218, 31.461734441 ], [ 130.691169326, 31.489197883 ], [ 130.698013761, 31.500773775 ], [ 130.707011946, 31.541202775 ], [ 130.698313165, 31.555699252 ], [ 130.68952153, 31.551798946 ], [ 130.677098612, 31.54431836 ], [ 130.665377807999988, 31.553430135 ], [ 130.635851608, 31.54644136 ], [ 130.608330026, 31.574534387 ], [ 130.592046913, 31.580977189 ], [ 130.626114137, 31.620391946 ], [ 130.692137756, 31.624582495 ], [ 130.717281219, 31.602511775 ], [ 130.70992978000001, 31.600048441 ], [ 130.706876732000012, 31.557279207 ], [ 130.75218, 31.558339721 ], [ 130.766955279, 31.563558613 ], [ 130.78731284, 31.585950198 ], [ 130.796214501, 31.613281613 ], [ 130.801057017, 31.631934063 ], [ 130.823176835, 31.659250865 ], [ 130.794489532999989, 31.702215559 ], [ 130.730629585, 31.709726414 ], [ 130.717277223999986, 31.727926198 ], [ 130.686012944, 31.734976919 ], [ 130.672214929, 31.72803164 ], [ 130.660263139, 31.728566252 ], [ 130.614173994999987, 31.696572468 ], [ 130.61127166, 31.672885559 ], [ 130.618116031, 31.656106279 ], [ 130.602309974, 31.631977892 ], [ 130.575966588999989, 31.615355973 ], [ 130.562807717, 31.597168721 ], [ 130.568820389, 31.570251081 ], [ 130.55884136200001, 31.546472721 ], [ 130.542504396999988, 31.539495117 ], [ 130.533128949, 31.507188667 ], [ 130.521406498, 31.509274252 ], [ 130.533963022, 31.501209829 ], [ 130.531438418, 31.484255532 ], [ 130.513651114999988, 31.490780586 ], [ 130.513584851, 31.458571225 ], [ 130.524399974, 31.415459081 ], [ 130.53902771700001, 31.390797865 ], [ 130.558227224, 31.38608564 ], [ 130.546108755, 31.374561667 ], [ 130.564673333, 31.322495 ], [ 130.584170272, 31.304363667 ], [ 130.622853333, 31.275827739 ], [ 130.66655, 31.266843802 ], [ 130.65000323000001, 31.244663081 ], [ 130.650259131000013, 31.233565622 ], [ 130.657971323, 31.221881045 ], [ 130.629599339, 31.210691351 ], [ 130.644104449, 31.197097495 ], [ 130.626094720999987, 31.180956387 ], [ 130.601366394, 31.182301108 ], [ 130.580679442, 31.16522 ], [ 130.554307912000013, 31.178661252 ], [ 130.541090272, 31.167531667 ], [ 130.518115279, 31.165857495 ], [ 130.50861389100001, 31.175104721 ], [ 130.51543, 31.197744441 ], [ 130.508573061, 31.213390559 ], [ 130.486258054, 31.237129441 ], [ 130.463928611999989, 31.249966108 ], [ 130.444201946, 31.252615559 ], [ 130.427883333000011, 31.248426946 ], [ 130.394892218, 31.253443333 ], [ 130.368582114, 31.251883387 ], [ 130.33925131, 31.255612279 ], [ 130.30783642, 31.266778495 ], [ 130.286655331, 31.267639108 ], [ 130.275204253999988, 31.249044387 ], [ 130.262178029000012, 31.256151162 ] ], [ [ 130.253722775999989, 32.051836108 ], [ 130.253604994, 32.049411387 ], [ 130.25476389100001, 32.050117775 ], [ 130.253722775999989, 32.051836108 ] ], [ [ 130.255943333, 32.036084721 ], [ 130.256503606, 32.035883892 ], [ 130.256521946, 32.037584162 ], [ 130.255943333, 32.036084721 ] ], [ [ 130.260645837, 32.032950829 ], [ 130.257313606, 32.034774441 ], [ 130.259972218, 32.03068 ], [ 130.260645837, 32.032950829 ] ], [ [ 130.953926667, 31.536186387 ], [ 130.96063722400001, 31.530705 ], [ 130.96274917, 31.540168892 ], [ 130.953926667, 31.536186387 ] ], [ [ 130.950255279, 31.529029162 ], [ 130.945867224000011, 31.532728613 ], [ 130.94556, 31.530113892 ], [ 130.950255279, 31.529029162 ] ], [ [ 130.940956109000012, 31.527915829 ], [ 130.93740917, 31.529777495 ], [ 130.93851, 31.526687495 ], [ 130.940956109000012, 31.527915829 ] ], [ [ 130.966753333000014, 31.516538333 ], [ 130.961596109, 31.518658054 ], [ 130.959168326999986, 31.516152775 ], [ 130.966753333000014, 31.516538333 ] ], [ [ 130.93778917, 31.506250829 ], [ 130.938923333, 31.515532495 ], [ 130.929765279, 31.508377225 ], [ 130.93778917, 31.506250829 ] ], [ [ 130.94405083, 31.511250279 ], [ 130.94569083, 31.509766387 ], [ 130.944544162999989, 31.511596667 ], [ 130.94405083, 31.511250279 ] ], [ [ 130.930414163, 31.510767495 ], [ 130.932675279, 31.514228054 ], [ 130.930187782, 31.512792775 ], [ 130.930414163, 31.510767495 ] ], [ [ 130.927854163, 31.513319441 ], [ 130.92636166, 31.514801108 ], [ 130.92397083, 31.512109721 ], [ 130.927854163, 31.513319441 ] ], [ [ 130.984734994, 31.477505 ], [ 130.987023061, 31.467251667 ], [ 130.993234449, 31.470526946 ], [ 130.984734994, 31.477505 ] ] ], [ [ [ 129.731738885, 31.448608261 ], [ 129.732939209, 31.449393793 ], [ 129.7339938, 31.448549982 ], [ 129.731738885, 31.448608261 ] ] ], [ [ [ 129.74411747100001, 31.696540721 ], [ 129.728453217, 31.676010532 ], [ 129.726282944, 31.648203721 ], [ 129.697250389, 31.623194495 ], [ 129.666183165, 31.641051252 ], [ 129.658771479, 31.659975333 ], [ 129.681587977, 31.662167414 ], [ 129.702037808, 31.710093559 ], [ 129.696847173, 31.716408973 ], [ 129.776174086, 31.741454973 ], [ 129.78788144, 31.765575135 ], [ 129.78849345, 31.771168613 ], [ 129.784307004, 31.791408829 ], [ 129.800933061, 31.761670081 ], [ 129.793292802, 31.761604892 ], [ 129.778038781, 31.74363964 ], [ 129.771275473, 31.715468225 ], [ 129.748204384, 31.717293973 ], [ 129.73802992200001, 31.703406532 ], [ 129.74411747100001, 31.696540721 ] ] ], [ [ [ 129.82055083, 31.812995252 ], [ 129.83961786, 31.819084532 ], [ 129.833142243999987, 31.796169135 ], [ 129.818034112, 31.784214225 ], [ 129.82055083, 31.812995252 ] ] ], [ [ [ 129.920086887, 31.846274306 ], [ 129.929319053, 31.823897387 ], [ 129.90548097300001, 31.824909441 ], [ 129.885193722, 31.811255919 ], [ 129.873519222, 31.820318252 ], [ 129.857042244000013, 31.822424414 ], [ 129.841147756, 31.850301162 ], [ 129.852426278, 31.854165054 ], [ 129.84306917, 31.857228198 ], [ 129.833474228, 31.852840054 ], [ 129.834885668, 31.881611054 ], [ 129.861564668999989, 31.878602721 ], [ 129.881536978000014, 31.857320468 ], [ 129.910724669, 31.842945054 ], [ 129.909840337, 31.865337387 ], [ 129.925880467000013, 31.866655468 ], [ 129.931124475, 31.850443802 ], [ 129.920086887, 31.846274306 ] ] ], [ [ [ 130.17666166, 32.115962495 ], [ 130.163315785, 32.090266108 ], [ 130.148018885, 32.104684721 ], [ 130.117404994, 32.123296108 ], [ 130.116676109, 32.151046667 ], [ 130.094828885, 32.187708613 ], [ 130.121871077, 32.200364045 ], [ 130.106838885, 32.203184441 ], [ 130.111756667, 32.216410559 ], [ 130.149246667, 32.207983333 ], [ 130.15387917000001, 32.226565 ], [ 130.163835837, 32.212257225 ], [ 130.175176641, 32.222665252 ], [ 130.20063083, 32.196416946 ], [ 130.188772503, 32.187103054 ], [ 130.186193605999989, 32.164230829 ], [ 130.209773332999987, 32.155125559 ], [ 130.179373606000013, 32.137079441 ], [ 130.17666166, 32.115962495 ] ] ], [ [ [ 130.209173891, 32.222299441 ], [ 130.198192672, 32.217095081 ], [ 130.192913606, 32.241213054 ], [ 130.209173891, 32.222299441 ] ] ], [ [ [ 130.254395603, 32.300673486 ], [ 130.259806938999986, 32.281272775 ], [ 130.235111115, 32.262433613 ], [ 130.209509442000012, 32.254963613 ], [ 130.220043606, 32.291671108 ], [ 130.236345084, 32.29171373 ], [ 130.254395603, 32.300673486 ] ] ], [ [ [ 130.657953333, 30.305630559 ], [ 130.580031388, 30.240511667 ], [ 130.500879728, 30.232487495 ], [ 130.437023891, 30.239383892 ], [ 130.435833605999989, 30.243341387 ], [ 130.431225733, 30.254664252 ], [ 130.41420083, 30.271081946 ], [ 130.413756667, 30.288089721 ], [ 130.404852503, 30.313473333 ], [ 130.395194721, 30.31879 ], [ 130.376600558, 30.37544 ], [ 130.397256667, 30.397923613 ], [ 130.419170830000013, 30.396111946 ], [ 130.447145837, 30.429679441 ], [ 130.464365837, 30.437393054 ], [ 130.478116109000013, 30.457464162 ], [ 130.527055550999989, 30.443761667 ], [ 130.543476667, 30.446963054 ], [ 130.59809275, 30.410681216 ], [ 130.661887497, 30.386372495 ], [ 130.670138611999988, 30.373313613 ], [ 130.655460272, 30.313204721 ], [ 130.657953333, 30.305630559 ] ] ], [ [ [ 130.875699235000013, 30.346126045 ], [ 130.861500025999987, 30.359524622 ], [ 130.866084656, 30.398624225 ], [ 130.866424086, 30.402252144 ], [ 130.866345811, 30.409673099 ], [ 130.865568366, 30.41723118 ], [ 130.8502, 30.468139721 ], [ 130.869536732, 30.463937631 ], [ 130.88137917, 30.481634162 ], [ 130.91546917, 30.519864685 ], [ 130.934609013999989, 30.551310748 ], [ 130.953405992, 30.593370658 ], [ 130.950272503, 30.627556108 ], [ 130.949203333000014, 30.635646667 ], [ 130.947679728, 30.665433613 ], [ 130.941581946000014, 30.672507775 ], [ 130.990818456999989, 30.723346027 ], [ 131.003586654, 30.751840658 ], [ 131.008572114, 30.773552784 ], [ 131.010431114999989, 30.788646667 ], [ 131.045405162, 30.823925252 ], [ 131.056674721, 30.839832775 ], [ 131.063554449, 30.816291667 ], [ 131.081309728, 30.777388613 ], [ 131.073945837, 30.772988505 ], [ 131.071897497, 30.740374162 ], [ 131.076863605999989, 30.698235 ], [ 131.069181401, 30.693320712 ], [ 131.06479027200001, 30.689720955 ], [ 131.051073890999987, 30.656555 ], [ 131.052150272, 30.609019721 ], [ 131.032923606, 30.587518333 ], [ 131.02750214, 30.560021901 ], [ 130.999349818000013, 30.548110315 ], [ 130.979015253, 30.515136883 ], [ 130.962620272, 30.478602225 ], [ 130.958951621000011, 30.459956459 ], [ 130.963261388, 30.452615 ], [ 130.975361816, 30.431432387 ], [ 130.967794721, 30.423193613 ], [ 130.965954643, 30.373868748 ], [ 130.941208820000014, 30.376024369 ], [ 130.91189978, 30.367291523 ], [ 130.875699235000013, 30.346126045 ] ] ], [ [ [ 130.838143605999988, 30.730381946 ], [ 130.857562776, 30.765821946 ], [ 130.867044721000013, 30.743959162 ], [ 130.859979442, 30.72624 ], [ 130.838143605999988, 30.730381946 ] ] ] ] } }
]
}
